SKU;součást;min X;min Y;min Z;max X;max Y;max Z;druh;poznámka
4932471064;telo-dno;-207.0;-250.0;-28.799999237060547;207.0;250.0;-16.0;fixed;"Digitální měření modelu; fyzická přesnost detailů neověřená."
4932471064;telo-duta-stena;-207.0;-250.0;-16.0;207.0;250.0;13.44000244140625;fixed;"Digitální měření modelu; fyzická přesnost detailů neověřená."
4932471064;patka--1--1;-206.97308349609375;-249.96749877929688;-32.0;-153.2069091796875;-185.03250122070312;-28.799999237060547;fixed;"Digitální měření modelu; fyzická přesnost detailů neověřená."
4932471064;patka--1-1;-206.97308349609375;185.03250122070312;-32.0;-153.2069091796875;249.96749877929688;-28.799999237060547;fixed;"Digitální měření modelu; fyzická přesnost detailů neověřená."
4932471064;patka-1--1;153.2069091796875;-249.96749877929688;-32.0;206.97308349609375;-185.03250122070312;-28.799999237060547;fixed;"Digitální měření modelu; fyzická přesnost detailů neověřená."
4932471064;patka-1-1;153.2069091796875;185.03250122070312;-32.0;206.97308349609375;249.96749877929688;-28.799999237060547;fixed;"Digitální měření modelu; fyzická přesnost detailů neověřená."
4932471064;roh-nosne-telo--1--1;-207.0;-250.0;-28.799999237060547;-171.80999755859375;-226.5;13.44000244140625;fixed;"Digitální měření modelu; fyzická přesnost detailů neověřená."
4932471064;roh-obvodovy-prolis--1--1;-206.8000030517578;-249.8000030517578;-25.420799255371094;-172.00999450683594;-226.6999969482422;-22.420799255371094;fixed;"Digitální měření modelu; fyzická přesnost detailů neověřená."
4932471064;roh-obvodovy-prolis--1--1;-206.8000030517578;-249.8000030517578;8.371200561523438;-172.00999450683594;-226.6999969482422;11.371200561523438;fixed;"Digitální měření modelu; fyzická přesnost detailů neověřená."
4932471064;roh-nosne-telo--1-1;-207.0;226.5;-28.799999237060547;-171.80999755859375;250.0;13.44000244140625;fixed;"Digitální měření modelu; fyzická přesnost detailů neověřená."
4932471064;roh-obvodovy-prolis--1-1;-206.8000030517578;226.6999969482422;-25.420799255371094;-172.00999450683594;249.8000030517578;-22.420799255371094;fixed;"Digitální měření modelu; fyzická přesnost detailů neověřená."
4932471064;roh-obvodovy-prolis--1-1;-206.8000030517578;226.6999969482422;8.371200561523438;-172.00999450683594;249.8000030517578;11.371200561523438;fixed;"Digitální měření modelu; fyzická přesnost detailů neověřená."
4932471064;roh-nosne-telo-1--1;171.80999755859375;-250.0;-28.799999237060547;207.0;-226.5;13.44000244140625;fixed;"Digitální měření modelu; fyzická přesnost detailů neověřená."
4932471064;roh-obvodovy-prolis-1--1;172.00999450683594;-249.8000030517578;-25.420799255371094;206.8000030517578;-226.6999969482422;-22.420799255371094;fixed;"Digitální měření modelu; fyzická přesnost detailů neověřená."
4932471064;roh-obvodovy-prolis-1--1;172.00999450683594;-249.8000030517578;8.371200561523438;206.8000030517578;-226.6999969482422;11.371200561523438;fixed;"Digitální měření modelu; fyzická přesnost detailů neověřená."
4932471064;roh-nosne-telo-1-1;171.80999755859375;226.5;-28.799999237060547;207.0;250.0;13.44000244140625;fixed;"Digitální měření modelu; fyzická přesnost detailů neověřená."
4932471064;roh-obvodovy-prolis-1-1;172.00999450683594;226.6999969482422;-25.420799255371094;206.8000030517578;249.8000030517578;-22.420799255371094;fixed;"Digitální měření modelu; fyzická přesnost detailů neověřená."
4932471064;roh-obvodovy-prolis-1-1;172.00999450683594;226.6999969482422;8.371200561523438;206.8000030517578;249.8000030517578;11.371200561523438;fixed;"Digitální měření modelu; fyzická přesnost detailů neověřená."
4932471064;bok-nosne-zebro--1--0.3;-125.69999694824219;-250.0;-27.110401153564453;-122.69999694824219;-247.39999389648438;10.483200073242188;fixed;"Digitální měření modelu; fyzická přesnost detailů neověřená."
4932471064;bok-nosne-zebro--1-0.22;89.58000183105469;-250.0;-27.110401153564453;92.58000183105469;-247.39999389648438;10.483200073242188;fixed;"Digitální měření modelu; fyzická přesnost detailů neověřená."
4932471064;bok-podelny-prolis--1-7.4239999999999995;-159.38999938964844;-249.89999389648438;-24.576000213623047;159.38999938964844;-247.5;-22.076000213623047;fixed;"Digitální měření modelu; fyzická přesnost detailů neověřená."
4932471064;bok-podelny-prolis--1-42.0608;-159.38999938964844;-249.89999389648438;10.060798645019531;159.38999938964844;-247.5;12.560798645019531;fixed;"Digitální měření modelu; fyzická přesnost detailů neověřená."
4932471064;bok-nosne-zebro-1--0.3;-125.69999694824219;247.39999389648438;-27.110401153564453;-122.69999694824219;250.0;10.483200073242188;fixed;"Digitální měření modelu; fyzická přesnost detailů neověřená."
4932471064;bok-nosne-zebro-1-0.22;89.58000183105469;247.39999389648438;-27.110401153564453;92.58000183105469;250.0;10.483200073242188;fixed;"Digitální měření modelu; fyzická přesnost detailů neověřená."
4932471064;bok-podelny-prolis-1-7.4239999999999995;-159.38999938964844;247.5;-24.576000213623047;159.38999938964844;249.89999389648438;-22.076000213623047;fixed;"Digitální měření modelu; fyzická přesnost detailů neověřená."
4932471064;bok-podelny-prolis-1-42.0608;-159.38999938964844;247.5;10.060798645019531;159.38999938964844;249.89999389648438;12.560798645019531;fixed;"Digitální měření modelu; fyzická přesnost detailů neověřená."
4932471064;celo-prolis--1-7.0016;159.38999938964844;-225.0;-24.99839973449707;161.7899932861328;-115.0;-22.598400115966797;fixed;"Digitální měření modelu; fyzická přesnost detailů neověřená."
4932471064;celo-prolis--1-41.216;159.38999938964844;-225.0;9.215999603271484;161.7899932861328;-115.0;11.61600112915039;fixed;"Digitální měření modelu; fyzická přesnost detailů neověřená."
4932471064;celo-prolis-1-7.0016;159.38999938964844;115.0;-24.99839973449707;161.7899932861328;225.0;-22.598400115966797;fixed;"Digitální měření modelu; fyzická přesnost detailů neověřená."
4932471064;celo-prolis-1-41.216;159.38999938964844;115.0;9.215999603271484;161.7899932861328;225.0;11.61600112915039;fixed;"Digitální měření modelu; fyzická přesnost detailů neověřená."
4932471064;prihradka-0-dno;48.489933013916016;-223.5;-15.299999237060547;142.04800415039062;-130.58297729492188;-13.299999237060547;bins;"Digitální měření modelu; fyzická přesnost detailů neověřená."
4932471064;prihradka-0-duta-stena;48.489933013916016;-223.5;-13.299999237060547;142.04800415039062;-130.58297729492188;11.439998626708984;bins;"Digitální měření modelu; fyzická přesnost detailů neověřená."
4932471064;prihradka-0-horni-lem;48.239933013916016;-223.75;9.439998626708984;142.29800415039062;-130.33297729492188;11.439998626708984;bins;"Digitální měření modelu; fyzická přesnost detailů neověřená."
4932471064;prihradka-0-delic-0;50.489933013916016;-177.79148864746094;-13.299999237060547;140.04800415039062;-176.29148864746094;8.091999053955078;bins;"Digitální měření modelu; fyzická přesnost detailů neověřená."
4932471064;prihradka-0-vodici-zebro--1-0;83.34031677246094;-221.35000610351562;-13.299999237060547;88.48600769042969;-219.64999389648438;0.6048011779785156;bins;"Digitální měření modelu; fyzická přesnost detailů neověřená."
4932471064;prihradka-0-vodici-zebro--1-1;102.05192565917969;-221.35000610351562;-13.299999237060547;107.19762420654297;-219.64999389648438;0.6048011779785156;bins;"Digitální měření modelu; fyzická přesnost detailů neověřená."
4932471064;prihradka-0-vodici-zebro-1-0;83.34031677246094;-134.4329833984375;-13.299999237060547;88.48600769042969;-132.73297119140625;0.6048011779785156;bins;"Digitální měření modelu; fyzická přesnost detailů neověřená."
4932471064;prihradka-0-vodici-zebro-1-1;102.05192565917969;-134.4329833984375;-13.299999237060547;107.19762420654297;-132.73297119140625;0.6048011779785156;bins;"Digitální měření modelu; fyzická přesnost detailů neověřená."
4932471064;prihradka-1-dno;48.489933013916016;-126.58297729492188;-15.299999237060547;142.04800415039062;-33.665958404541016;-13.299999237060547;bins;"Digitální měření modelu; fyzická přesnost detailů neověřená."
4932471064;prihradka-1-duta-stena;48.489933013916016;-126.58297729492188;-13.299999237060547;142.04800415039062;-33.665958404541016;11.439998626708984;bins;"Digitální měření modelu; fyzická přesnost detailů neověřená."
4932471064;prihradka-1-horni-lem;48.239933013916016;-126.83297729492188;9.439998626708984;142.29800415039062;-33.415958404541016;11.439998626708984;bins;"Digitální měření modelu; fyzická přesnost detailů neověřená."
4932471064;prihradka-1-delic-0;50.489933013916016;-80.87446594238281;-13.299999237060547;140.04800415039062;-79.37446594238281;8.091999053955078;bins;"Digitální měření modelu; fyzická přesnost detailů neověřená."
4932471064;prihradka-1-vodici-zebro--1-0;83.34031677246094;-124.43297576904297;-13.299999237060547;88.48600769042969;-122.73297882080078;0.6048011779785156;bins;"Digitální měření modelu; fyzická přesnost detailů neověřená."
4932471064;prihradka-1-vodici-zebro--1-1;102.05192565917969;-124.43297576904297;-13.299999237060547;107.19762420654297;-122.73297882080078;0.6048011779785156;bins;"Digitální měření modelu; fyzická přesnost detailů neověřená."
4932471064;prihradka-1-vodici-zebro-1-0;83.34031677246094;-37.51595687866211;-13.299999237060547;88.48600769042969;-35.815956115722656;0.6048011779785156;bins;"Digitální měření modelu; fyzická přesnost detailů neověřená."
4932471064;prihradka-1-vodici-zebro-1-1;102.05192565917969;-37.51595687866211;-13.299999237060547;107.19762420654297;-35.815956115722656;0.6048011779785156;bins;"Digitální měření modelu; fyzická přesnost detailů neověřená."
4932471064;prihradka-2-dno;48.489933013916016;33.665958404541016;-15.299999237060547;142.04800415039062;126.58297729492188;-13.299999237060547;bins;"Digitální měření modelu; fyzická přesnost detailů neověřená."
4932471064;prihradka-2-duta-stena;48.489933013916016;33.665958404541016;-13.299999237060547;142.04800415039062;126.58297729492188;11.439998626708984;bins;"Digitální měření modelu; fyzická přesnost detailů neověřená."
4932471064;prihradka-2-horni-lem;48.239933013916016;33.415958404541016;9.439998626708984;142.29800415039062;126.83297729492188;11.439998626708984;bins;"Digitální měření modelu; fyzická přesnost detailů neověřená."
4932471064;prihradka-2-delic-0;50.489933013916016;79.37446594238281;-13.299999237060547;140.04800415039062;80.87446594238281;8.091999053955078;bins;"Digitální měření modelu; fyzická přesnost detailů neověřená."
4932471064;prihradka-2-vodici-zebro--1-0;83.34031677246094;35.815956115722656;-13.299999237060547;88.48600769042969;37.51595687866211;0.6048011779785156;bins;"Digitální měření modelu; fyzická přesnost detailů neověřená."
4932471064;prihradka-2-vodici-zebro--1-1;102.05192565917969;35.815956115722656;-13.299999237060547;107.19762420654297;37.51595687866211;0.6048011779785156;bins;"Digitální měření modelu; fyzická přesnost detailů neověřená."
4932471064;prihradka-2-vodici-zebro-1-0;83.34031677246094;122.73297882080078;-13.299999237060547;88.48600769042969;124.43297576904297;0.6048011779785156;bins;"Digitální měření modelu; fyzická přesnost detailů neověřená."
4932471064;prihradka-2-vodici-zebro-1-1;102.05192565917969;122.73297882080078;-13.299999237060547;107.19762420654297;124.43297576904297;0.6048011779785156;bins;"Digitální měření modelu; fyzická přesnost detailů neověřená."
4932471064;prihradka-3-dno;48.489933013916016;130.58297729492188;-15.299999237060547;142.04800415039062;223.5;-13.299999237060547;bins;"Digitální měření modelu; fyzická přesnost detailů neověřená."
4932471064;prihradka-3-duta-stena;48.489933013916016;130.58297729492188;-13.299999237060547;142.04800415039062;223.5;11.439998626708984;bins;"Digitální měření modelu; fyzická přesnost detailů neověřená."
4932471064;prihradka-3-horni-lem;48.239933013916016;130.33297729492188;9.439998626708984;142.29800415039062;223.75;11.439998626708984;bins;"Digitální měření modelu; fyzická přesnost detailů neověřená."
4932471064;prihradka-3-delic-0;50.489933013916016;176.29148864746094;-13.299999237060547;140.04800415039062;177.79148864746094;8.091999053955078;bins;"Digitální měření modelu; fyzická přesnost detailů neověřená."
4932471064;prihradka-3-vodici-zebro--1-0;83.34031677246094;132.73297119140625;-13.299999237060547;88.48600769042969;134.4329833984375;0.6048011779785156;bins;"Digitální měření modelu; fyzická přesnost detailů neověřená."
4932471064;prihradka-3-vodici-zebro--1-1;102.05192565917969;132.73297119140625;-13.299999237060547;107.19762420654297;134.4329833984375;0.6048011779785156;bins;"Digitální měření modelu; fyzická přesnost detailů neověřená."
4932471064;prihradka-3-vodici-zebro-1-0;83.34031677246094;219.64999389648438;-13.299999237060547;88.48600769042969;221.35000610351562;0.6048011779785156;bins;"Digitální měření modelu; fyzická přesnost detailů neověřená."
4932471064;prihradka-3-vodici-zebro-1-1;102.05192565917969;219.64999389648438;-13.299999237060547;107.19762420654297;221.35000610351562;0.6048011779785156;bins;"Digitální měření modelu; fyzická přesnost detailů neověřená."
4932471064;prihradka-4-dno;-52.78425598144531;-225.5;-15.299999237060547;36.915740966796875;-31.665956497192383;-13.299999237060547;bins;"Digitální měření modelu; fyzická přesnost detailů neověřená."
4932471064;prihradka-4-duta-stena;-52.78425598144531;-225.5;-13.299999237060547;36.915740966796875;-31.665956497192383;11.439998626708984;bins;"Digitální měření modelu; fyzická přesnost detailů neověřená."
4932471064;prihradka-4-horni-lem;-53.03425598144531;-225.75;9.439998626708984;37.165740966796875;-31.415956497192383;11.439998626708984;bins;"Digitální měření modelu; fyzická přesnost detailů neověřená."
4932471064;prihradka-4-delic-0;-50.78425598144531;-160.97198486328125;-13.299999237060547;34.915740966796875;-159.47198486328125;8.091999053955078;bins;"Digitální měření modelu; fyzická přesnost detailů neověřená."
4932471064;prihradka-4-delic-1;-50.78425598144531;-97.6939697265625;-13.299999237060547;34.915740966796875;-96.1939697265625;8.091999053955078;bins;"Digitální měření modelu; fyzická přesnost detailů neověřená."
4932471064;prihradka-4-vodici-zebro--1-0;-37.31100845336914;-223.35000610351562;-13.299999237060547;-32.377506256103516;-221.64999389648438;0.6048011779785156;bins;"Digitální měření modelu; fyzická přesnost detailů neověřená."
4932471064;prihradka-4-vodici-zebro--1-1;-19.371007919311523;-223.35000610351562;-13.299999237060547;-14.437508583068848;-221.64999389648438;0.6048011779785156;bins;"Digitální měření modelu; fyzická přesnost detailů neověřená."
4932471064;prihradka-4-vodici-zebro--1-2;-1.431007981300354;-223.35000610351562;-13.299999237060547;3.5024919509887695;-221.64999389648438;0.6048011779785156;bins;"Digitální měření modelu; fyzická přesnost detailů neověřená."
4932471064;prihradka-4-vodici-zebro--1-3;16.508991241455078;-223.35000610351562;-13.299999237060547;21.44249153137207;-221.64999389648438;0.6048011779785156;bins;"Digitální měření modelu; fyzická přesnost detailů neověřená."
4932471064;prihradka-4-vodici-zebro-1-0;-37.31100845336914;-35.51595687866211;-13.299999237060547;-32.377506256103516;-33.815956115722656;0.6048011779785156;bins;"Digitální měření modelu; fyzická přesnost detailů neověřená."
4932471064;prihradka-4-vodici-zebro-1-1;-19.371007919311523;-35.51595687866211;-13.299999237060547;-14.437508583068848;-33.815956115722656;0.6048011779785156;bins;"Digitální měření modelu; fyzická přesnost detailů neověřená."
4932471064;prihradka-4-vodici-zebro-1-2;-1.431007981300354;-35.51595687866211;-13.299999237060547;3.5024919509887695;-33.815956115722656;0.6048011779785156;bins;"Digitální měření modelu; fyzická přesnost detailů neověřená."
4932471064;prihradka-4-vodici-zebro-1-3;16.508991241455078;-35.51595687866211;-13.299999237060547;21.44249153137207;-33.815956115722656;0.6048011779785156;bins;"Digitální měření modelu; fyzická přesnost detailů neověřená."
4932471064;prihradka-5-dno;-52.78425598144531;31.665956497192383;-15.299999237060547;36.915740966796875;225.5;-13.299999237060547;bins;"Digitální měření modelu; fyzická přesnost detailů neověřená."
4932471064;prihradka-5-duta-stena;-52.78425598144531;31.665956497192383;-13.299999237060547;36.915740966796875;225.5;11.439998626708984;bins;"Digitální měření modelu; fyzická přesnost detailů neověřená."
4932471064;prihradka-5-horni-lem;-53.03425598144531;31.415956497192383;9.439998626708984;37.165740966796875;225.75;11.439998626708984;bins;"Digitální měření modelu; fyzická přesnost detailů neověřená."
4932471064;prihradka-5-delic-0;-50.78425598144531;96.1939697265625;-13.299999237060547;34.915740966796875;97.6939697265625;8.091999053955078;bins;"Digitální měření modelu; fyzická přesnost detailů neověřená."
4932471064;prihradka-5-delic-1;-50.78425598144531;159.47198486328125;-13.299999237060547;34.915740966796875;160.97198486328125;8.091999053955078;bins;"Digitální měření modelu; fyzická přesnost detailů neověřená."
4932471064;prihradka-5-vodici-zebro--1-0;-37.31100845336914;33.815956115722656;-13.299999237060547;-32.377506256103516;35.51595687866211;0.6048011779785156;bins;"Digitální měření modelu; fyzická přesnost detailů neověřená."
4932471064;prihradka-5-vodici-zebro--1-1;-19.371007919311523;33.815956115722656;-13.299999237060547;-14.437508583068848;35.51595687866211;0.6048011779785156;bins;"Digitální měření modelu; fyzická přesnost detailů neověřená."
4932471064;prihradka-5-vodici-zebro--1-2;-1.431007981300354;33.815956115722656;-13.299999237060547;3.5024919509887695;35.51595687866211;0.6048011779785156;bins;"Digitální měření modelu; fyzická přesnost detailů neověřená."
4932471064;prihradka-5-vodici-zebro--1-3;16.508991241455078;33.815956115722656;-13.299999237060547;21.44249153137207;35.51595687866211;0.6048011779785156;bins;"Digitální měření modelu; fyzická přesnost detailů neověřená."
4932471064;prihradka-5-vodici-zebro-1-0;-37.31100845336914;221.64999389648438;-13.299999237060547;-32.377506256103516;223.35000610351562;0.6048011779785156;bins;"Digitální měření modelu; fyzická přesnost detailů neověřená."
4932471064;prihradka-5-vodici-zebro-1-1;-19.371007919311523;221.64999389648438;-13.299999237060547;-14.437508583068848;223.35000610351562;0.6048011779785156;bins;"Digitální měření modelu; fyzická přesnost detailů neověřená."
4932471064;prihradka-5-vodici-zebro-1-2;-1.431007981300354;221.64999389648438;-13.299999237060547;3.5024919509887695;223.35000610351562;0.6048011779785156;bins;"Digitální měření modelu; fyzická přesnost detailů neověřená."
4932471064;prihradka-5-vodici-zebro-1-3;16.508991241455078;221.64999389648438;-13.299999237060547;21.44249153137207;223.35000610351562;0.6048011779785156;bins;"Digitální měření modelu; fyzická přesnost detailů neověřená."
4932471064;prihradka-6-dno;-156.95199584960938;-223.5;-15.299999237060547;-66.28748321533203;-130.58297729492188;-13.299999237060547;bins;"Digitální měření modelu; fyzická přesnost detailů neověřená."
4932471064;prihradka-6-duta-stena;-156.95199584960938;-223.5;-13.299999237060547;-66.28748321533203;-130.58297729492188;11.439998626708984;bins;"Digitální měření modelu; fyzická přesnost detailů neověřená."
4932471064;prihradka-6-horni-lem;-157.20199584960938;-223.75;9.439998626708984;-66.03748321533203;-130.33297729492188;11.439998626708984;bins;"Digitální měření modelu; fyzická přesnost detailů neověřená."
4932471064;prihradka-6-delic-0;-154.95199584960938;-177.79148864746094;-13.299999237060547;-68.28748321533203;-176.29148864746094;8.091999053955078;bins;"Digitální měření modelu; fyzická přesnost detailů neověřená."
4932471064;prihradka-6-vodici-zebro--1-0;-123.1794662475586;-221.35000610351562;-13.299999237060547;-118.19291687011719;-219.64999389648438;0.6048011779785156;bins;"Digitální měření modelu; fyzická přesnost detailů neověřená."
4932471064;prihradka-6-vodici-zebro--1-1;-105.04656219482422;-221.35000610351562;-13.299999237060547;-100.06001281738281;-219.64999389648438;0.6048011779785156;bins;"Digitální měření modelu; fyzická přesnost detailů neověřená."
4932471064;prihradka-6-vodici-zebro-1-0;-123.1794662475586;-134.4329833984375;-13.299999237060547;-118.19291687011719;-132.73297119140625;0.6048011779785156;bins;"Digitální měření modelu; fyzická přesnost detailů neověřená."
4932471064;prihradka-6-vodici-zebro-1-1;-105.04656219482422;-134.4329833984375;-13.299999237060547;-100.06001281738281;-132.73297119140625;0.6048011779785156;bins;"Digitální měření modelu; fyzická přesnost detailů neověřená."
4932471064;prihradka-7-dno;-156.95199584960938;-126.58297729492188;-15.299999237060547;-66.28748321533203;-33.665958404541016;-13.299999237060547;bins;"Digitální měření modelu; fyzická přesnost detailů neověřená."
4932471064;prihradka-7-duta-stena;-156.95199584960938;-126.58297729492188;-13.299999237060547;-66.28748321533203;-33.665958404541016;11.439998626708984;bins;"Digitální měření modelu; fyzická přesnost detailů neověřená."
4932471064;prihradka-7-horni-lem;-157.20199584960938;-126.83297729492188;9.439998626708984;-66.03748321533203;-33.415958404541016;11.439998626708984;bins;"Digitální měření modelu; fyzická přesnost detailů neověřená."
4932471064;prihradka-7-delic-0;-154.95199584960938;-80.87446594238281;-13.299999237060547;-68.28748321533203;-79.37446594238281;8.091999053955078;bins;"Digitální měření modelu; fyzická přesnost detailů neověřená."
4932471064;prihradka-7-vodici-zebro--1-0;-123.1794662475586;-124.43297576904297;-13.299999237060547;-118.19291687011719;-122.73297882080078;0.6048011779785156;bins;"Digitální měření modelu; fyzická přesnost detailů neověřená."
4932471064;prihradka-7-vodici-zebro--1-1;-105.04656219482422;-124.43297576904297;-13.299999237060547;-100.06001281738281;-122.73297882080078;0.6048011779785156;bins;"Digitální měření modelu; fyzická přesnost detailů neověřená."
4932471064;prihradka-7-vodici-zebro-1-0;-123.1794662475586;-37.51595687866211;-13.299999237060547;-118.19291687011719;-35.815956115722656;0.6048011779785156;bins;"Digitální měření modelu; fyzická přesnost detailů neověřená."
4932471064;prihradka-7-vodici-zebro-1-1;-105.04656219482422;-37.51595687866211;-13.299999237060547;-100.06001281738281;-35.815956115722656;0.6048011779785156;bins;"Digitální měření modelu; fyzická přesnost detailů neověřená."
4932471064;prihradka-8-dno;-156.95199584960938;33.665958404541016;-15.299999237060547;-66.28748321533203;126.58297729492188;-13.299999237060547;bins;"Digitální měření modelu; fyzická přesnost detailů neověřená."
4932471064;prihradka-8-duta-stena;-156.95199584960938;33.665958404541016;-13.299999237060547;-66.28748321533203;126.58297729492188;11.439998626708984;bins;"Digitální měření modelu; fyzická přesnost detailů neověřená."
4932471064;prihradka-8-horni-lem;-157.20199584960938;33.415958404541016;9.439998626708984;-66.03748321533203;126.83297729492188;11.439998626708984;bins;"Digitální měření modelu; fyzická přesnost detailů neověřená."
4932471064;prihradka-8-delic-0;-154.95199584960938;79.37446594238281;-13.299999237060547;-68.28748321533203;80.87446594238281;8.091999053955078;bins;"Digitální měření modelu; fyzická přesnost detailů neověřená."
4932471064;prihradka-8-vodici-zebro--1-0;-123.1794662475586;35.815956115722656;-13.299999237060547;-118.19291687011719;37.51595687866211;0.6048011779785156;bins;"Digitální měření modelu; fyzická přesnost detailů neověřená."
4932471064;prihradka-8-vodici-zebro--1-1;-105.04656219482422;35.815956115722656;-13.299999237060547;-100.06001281738281;37.51595687866211;0.6048011779785156;bins;"Digitální měření modelu; fyzická přesnost detailů neověřená."
4932471064;prihradka-8-vodici-zebro-1-0;-123.1794662475586;122.73297882080078;-13.299999237060547;-118.19291687011719;124.43297576904297;0.6048011779785156;bins;"Digitální měření modelu; fyzická přesnost detailů neověřená."
4932471064;prihradka-8-vodici-zebro-1-1;-105.04656219482422;122.73297882080078;-13.299999237060547;-100.06001281738281;124.43297576904297;0.6048011779785156;bins;"Digitální měření modelu; fyzická přesnost detailů neověřená."
4932471064;prihradka-9-dno;-156.95199584960938;130.58297729492188;-15.299999237060547;-66.28748321533203;223.5;-13.299999237060547;bins;"Digitální měření modelu; fyzická přesnost detailů neověřená."
4932471064;prihradka-9-duta-stena;-156.95199584960938;130.58297729492188;-13.299999237060547;-66.28748321533203;223.5;11.439998626708984;bins;"Digitální měření modelu; fyzická přesnost detailů neověřená."
4932471064;prihradka-9-horni-lem;-157.20199584960938;130.33297729492188;9.439998626708984;-66.03748321533203;223.75;11.439998626708984;bins;"Digitální měření modelu; fyzická přesnost detailů neověřená."
4932471064;prihradka-9-delic-0;-154.95199584960938;176.29148864746094;-13.299999237060547;-68.28748321533203;177.79148864746094;8.091999053955078;bins;"Digitální měření modelu; fyzická přesnost detailů neověřená."
4932471064;prihradka-9-vodici-zebro--1-0;-123.1794662475586;132.73297119140625;-13.299999237060547;-118.19291687011719;134.4329833984375;0.6048011779785156;bins;"Digitální měření modelu; fyzická přesnost detailů neověřená."
4932471064;prihradka-9-vodici-zebro--1-1;-105.04656219482422;132.73297119140625;-13.299999237060547;-100.06001281738281;134.4329833984375;0.6048011779785156;bins;"Digitální měření modelu; fyzická přesnost detailů neověřená."
4932471064;prihradka-9-vodici-zebro-1-0;-123.1794662475586;219.64999389648438;-13.299999237060547;-118.19291687011719;221.35000610351562;0.6048011779785156;bins;"Digitální měření modelu; fyzická přesnost detailů neověřená."
4932471064;prihradka-9-vodici-zebro-1-1;-105.04656219482422;219.64999389648438;-13.299999237060547;-100.06001281738281;221.35000610351562;0.6048011779785156;bins;"Digitální měření modelu; fyzická přesnost detailů neověřená."
4932471064;viko-nosny-okraj;-206.0;-249.0;13.439998626708984;206.0;249.0;30.0;lid;"Digitální měření modelu; fyzická přesnost detailů neověřená."
4932471064;viko-tesneni;-164.45199584960938;-233.0;13.34000015258789;149.54800415039062;233.0;14.84000015258789;lid;"Digitální měření modelu; fyzická přesnost detailů neověřená."
4932471064;viko-panel;-202.0;-245.0;30.0;202.0;245.0;31.599998474121094;lid;"Digitální měření modelu; fyzická přesnost detailů neověřená."
4932471064;viko-prolis-0;46.489933013916016;-225.5;27.91680145263672;144.04800415039062;-128.58297729492188;32.0;lid;"Digitální měření modelu; fyzická přesnost detailů neověřená."
4932471064;viko-okno-0;51.989933013916016;-220.0;31.200000762939453;138.54800415039062;-134.08297729492188;32.0;lid;"Digitální měření modelu; fyzická přesnost detailů neověřená."
4932471064;viko-plastve-0;52.88045883178711;-211.55999755859375;31.650001525878906;124.39105987548828;-146.3800048828125;31.650001525878906;lid;"Digitální měření modelu; fyzická přesnost detailů neověřená."
4932471064;viko-prolis-1;46.489933013916016;-128.58297729492188;27.91680145263672;144.04800415039062;-31.665956497192383;32.0;lid;"Digitální měření modelu; fyzická přesnost detailů neověřená."
4932471064;viko-okno-1;51.989933013916016;-123.08297729492188;31.200000762939453;138.54800415039062;-37.165958404541016;32.0;lid;"Digitální měření modelu; fyzická přesnost detailů neověřená."
4932471064;viko-plastve-1;52.88045883178711;-114.64298248291016;31.650001525878906;124.39105987548828;-49.46297836303711;31.650001525878906;lid;"Digitální měření modelu; fyzická přesnost detailů neověřená."
4932471064;viko-prolis-2;46.489933013916016;31.665956497192383;27.91680145263672;144.04800415039062;128.58297729492188;32.0;lid;"Digitální měření modelu; fyzická přesnost detailů neověřená."
4932471064;viko-okno-2;51.989933013916016;37.165958404541016;31.200000762939453;138.54800415039062;123.08297729492188;32.0;lid;"Digitální měření modelu; fyzická přesnost detailů neověřená."
4932471064;viko-plastve-2;52.88045883178711;45.60595703125;31.650001525878906;124.39105987548828;110.78595733642578;31.650001525878906;lid;"Digitální měření modelu; fyzická přesnost detailů neověřená."
4932471064;viko-prolis-3;46.489933013916016;128.58297729492188;27.91680145263672;144.04800415039062;225.5;32.0;lid;"Digitální měření modelu; fyzická přesnost detailů neověřená."
4932471064;viko-okno-3;51.989933013916016;134.08297729492188;31.200000762939453;138.54800415039062;220.0;32.0;lid;"Digitální měření modelu; fyzická přesnost detailů neověřená."
4932471064;viko-plastve-3;52.88045883178711;142.52297973632812;31.650001525878906;124.39105987548828;207.70297241210938;31.650001525878906;lid;"Digitální měření modelu; fyzická přesnost detailů neověřená."
4932471064;viko-prolis-4;-54.78425598144531;-227.5;27.91680145263672;38.915740966796875;-29.665956497192383;32.0;lid;"Digitální měření modelu; fyzická přesnost detailů neověřená."
4932471064;viko-okno-4;-49.28425598144531;-222.0;31.200000762939453;33.415740966796875;-35.16595458984375;32.0;lid;"Digitální měření modelu; fyzická přesnost detailů neověřená."
4932471064;viko-plastve-4;-48.393733978271484;-213.55999755859375;31.650001525878906;23.11686897277832;-44.380001068115234;31.650001525878906;lid;"Digitální měření modelu; fyzická přesnost detailů neověřená."
4932471064;viko-prolis-5;-54.78425598144531;29.665956497192383;27.91680145263672;38.915740966796875;227.5;32.0;lid;"Digitální měření modelu; fyzická přesnost detailů neověřená."
4932471064;viko-okno-5;-49.28425598144531;35.16595458984375;31.200000762939453;33.415740966796875;222.0;32.0;lid;"Digitální měření modelu; fyzická přesnost detailů neověřená."
4932471064;viko-plastve-5;-48.393733978271484;43.60595703125;31.650001525878906;23.11686897277832;212.7859649658203;31.650001525878906;lid;"Digitální měření modelu; fyzická přesnost detailů neověřená."
4932471064;viko-prolis-6;-158.95199584960938;-225.5;27.91680145263672;-64.28748321533203;-128.58297729492188;32.0;lid;"Digitální měření modelu; fyzická přesnost detailů neověřená."
4932471064;viko-okno-6;-153.45199584960938;-220.0;31.200000762939453;-69.78748321533203;-134.08297729492188;32.0;lid;"Digitální měření modelu; fyzická přesnost detailů neověřená."
4932471064;viko-plastve-6;-152.5614776611328;-211.55999755859375;31.650001525878906;-81.05087280273438;-146.3800048828125;31.650001525878906;lid;"Digitální měření modelu; fyzická přesnost detailů neověřená."
4932471064;viko-prolis-7;-158.95199584960938;-128.58297729492188;27.91680145263672;-64.28748321533203;-31.665956497192383;32.0;lid;"Digitální měření modelu; fyzická přesnost detailů neověřená."
4932471064;viko-okno-7;-153.45199584960938;-123.08297729492188;31.200000762939453;-69.78748321533203;-37.165958404541016;32.0;lid;"Digitální měření modelu; fyzická přesnost detailů neověřená."
4932471064;viko-plastve-7;-152.5614776611328;-114.64298248291016;31.650001525878906;-81.05087280273438;-49.46297836303711;31.650001525878906;lid;"Digitální měření modelu; fyzická přesnost detailů neověřená."
4932471064;viko-prolis-8;-158.95199584960938;31.665956497192383;27.91680145263672;-64.28748321533203;128.58297729492188;32.0;lid;"Digitální měření modelu; fyzická přesnost detailů neověřená."
4932471064;viko-okno-8;-153.45199584960938;37.165958404541016;31.200000762939453;-69.78748321533203;123.08297729492188;32.0;lid;"Digitální měření modelu; fyzická přesnost detailů neověřená."
4932471064;viko-plastve-8;-152.5614776611328;45.60595703125;31.650001525878906;-81.05087280273438;110.78595733642578;31.650001525878906;lid;"Digitální měření modelu; fyzická přesnost detailů neověřená."
4932471064;viko-prolis-9;-158.95199584960938;128.58297729492188;27.91680145263672;-64.28748321533203;225.5;32.0;lid;"Digitální měření modelu; fyzická přesnost detailů neověřená."
4932471064;viko-okno-9;-153.45199584960938;134.08297729492188;31.200000762939453;-69.78748321533203;220.0;32.0;lid;"Digitální měření modelu; fyzická přesnost detailů neověřená."
4932471064;viko-plastve-9;-152.5614776611328;142.52297973632812;31.650001525878906;-81.05087280273438;207.70297241210938;31.650001525878906;lid;"Digitální měření modelu; fyzická přesnost detailů neověřená."
4932471064;viko-stredni-pruh;-159.95199584960938;-22.5;27.54560089111328;145.04800415039062;22.5;32.0;lid;"Digitální měření modelu; fyzická přesnost detailů neověřená."
4932471064;viko-stredni-plastve;-159.5614776611328;-14.5600004196167;31.650001525878906;137.11573791503906;11.619999885559082;31.650001525878906;lid;"Digitální měření modelu; fyzická přesnost detailů neověřená."
4932471064;viko-celni-zebro-0;194.0;-217.61363220214844;13.439998626708984;202.0;-215.11363220214844;25.318401336669922;lid;"Digitální měření modelu; fyzická přesnost detailů neověřená."
4932471064;viko-celni-zebro-1;194.0;-174.34091186523438;13.439998626708984;202.0;-171.84091186523438;25.318401336669922;lid;"Digitální měření modelu; fyzická přesnost detailů neověřená."
4932471064;viko-celni-zebro-2;194.0;-131.06817626953125;13.439998626708984;202.0;-128.56817626953125;25.318401336669922;lid;"Digitální měření modelu; fyzická přesnost detailů neověřená."
4932471064;viko-celni-zebro-3;194.0;-87.79545593261719;13.439998626708984;202.0;-85.29545593261719;25.318401336669922;lid;"Digitální měření modelu; fyzická přesnost detailů neověřená."
4932471064;viko-celni-zebro-4;194.0;-44.522727966308594;13.439998626708984;202.0;-42.022727966308594;25.318401336669922;lid;"Digitální měření modelu; fyzická přesnost detailů neověřená."
4932471064;viko-celni-zebro-5;194.0;-1.25;13.439998626708984;202.0;1.25;25.318401336669922;lid;"Digitální měření modelu; fyzická přesnost detailů neověřená."
4932471064;viko-celni-zebro-6;194.0;42.022727966308594;13.439998626708984;202.0;44.522727966308594;25.318401336669922;lid;"Digitální měření modelu; fyzická přesnost detailů neověřená."
4932471064;viko-celni-zebro-7;194.0;85.29545593261719;13.439998626708984;202.0;87.79545593261719;25.318401336669922;lid;"Digitální měření modelu; fyzická přesnost detailů neověřená."
4932471064;viko-celni-zebro-8;194.0;128.56817626953125;13.439998626708984;202.0;131.06817626953125;25.318401336669922;lid;"Digitální měření modelu; fyzická přesnost detailů neověřená."
4932471064;viko-celni-zebro-9;194.0;171.84091186523438;13.439998626708984;202.0;174.34091186523438;25.318401336669922;lid;"Digitální měření modelu; fyzická přesnost detailů neověřená."
4932471064;viko-celni-zebro-10;194.0;215.11363220214844;13.439998626708984;202.0;217.61363220214844;25.318401336669922;lid;"Digitální měření modelu; fyzická přesnost detailů neověřená."
4932471064;pant-vika-0;-203.0;-200.85714721679688;12.439998626708984;-197.0;-184.85714721679688;18.439998626708984;lid;"Digitální měření modelu; fyzická přesnost detailů neověřená."
4932471064;pant-vika-kotveni-0;-201.5;-201.85714721679688;9.439998626708984;-194.5;-183.85714721679688;16.439998626708984;fixed;"Digitální měření modelu; fyzická přesnost detailů neověřená."
4932471064;pant-vika-1;-203.0;-136.57142639160156;12.439998626708984;-197.0;-120.57142639160156;18.439998626708984;lid;"Digitální měření modelu; fyzická přesnost detailů neověřená."
4932471064;pant-vika-kotveni-1;-201.5;-137.57142639160156;9.439998626708984;-194.5;-119.57142639160156;16.439998626708984;fixed;"Digitální měření modelu; fyzická přesnost detailů neověřená."
4932471064;pant-vika-2;-203.0;-72.28571319580078;12.439998626708984;-197.0;-56.28571319580078;18.439998626708984;lid;"Digitální měření modelu; fyzická přesnost detailů neověřená."
4932471064;pant-vika-kotveni-2;-201.5;-73.28571319580078;9.439998626708984;-194.5;-55.28571319580078;16.439998626708984;fixed;"Digitální měření modelu; fyzická přesnost detailů neověřená."
4932471064;pant-vika-3;-203.0;-8.0;12.439998626708984;-197.0;8.0;18.439998626708984;lid;"Digitální měření modelu; fyzická přesnost detailů neověřená."
4932471064;pant-vika-kotveni-3;-201.5;-9.0;9.439998626708984;-194.5;9.0;16.439998626708984;fixed;"Digitální měření modelu; fyzická přesnost detailů neověřená."
4932471064;pant-vika-4;-203.0;56.28571319580078;12.439998626708984;-197.0;72.28571319580078;18.439998626708984;lid;"Digitální měření modelu; fyzická přesnost detailů neověřená."
4932471064;pant-vika-kotveni-4;-201.5;55.28571319580078;9.439998626708984;-194.5;73.28571319580078;16.439998626708984;fixed;"Digitální měření modelu; fyzická přesnost detailů neověřená."
4932471064;pant-vika-5;-203.0;120.57142639160156;12.439998626708984;-197.0;136.57142639160156;18.439998626708984;lid;"Digitální měření modelu; fyzická přesnost detailů neověřená."
4932471064;pant-vika-kotveni-5;-201.5;119.57142639160156;9.439998626708984;-194.5;137.57142639160156;16.439998626708984;fixed;"Digitální měření modelu; fyzická přesnost detailů neověřená."
4932471064;pant-vika-6;-203.0;184.85714721679688;12.439998626708984;-197.0;200.85714721679688;18.439998626708984;lid;"Digitální měření modelu; fyzická přesnost detailů neověřená."
4932471064;pant-vika-kotveni-6;-201.5;183.85714721679688;9.439998626708984;-194.5;201.85714721679688;16.439998626708984;fixed;"Digitální měření modelu; fyzická přesnost detailů neověřená."
4932471064;viko-oznaceni-MILWAUKEE;-8.225008964538574;-173.64939880371094;31.779998779296875;3.8469748497009277;-83.51656341552734;31.90999984741211;lid;"Digitální měření modelu; fyzická přesnost detailů neověřená."
4932471064;viko-oznaceni-PACKOUT;-1.1408851146697998;-154.02195739746094;31.779998779296875;7.338773250579834;-103.14400482177734;31.90999984741211;lid;"Digitální měření modelu; fyzická přesnost detailů neověřená."
4932471064;drzadlo-otevreny-uchop;180.08999633789062;-90.0;-11.263999938964844;199.08999633789062;90.0;5.375999450683594;fixed;"Digitální měření modelu; fyzická přesnost detailů neověřená."
4932471064;drzadlo-celni-rameno--1;159.38999938964844;-90.0;-12.288000106811523;199.08999633789062;-65.69999694824219;8.192001342773438;fixed;"Digitální měření modelu; fyzická přesnost detailů neověřená."
4932471064;drzadlo-celni-rameno-1;159.38999938964844;65.69999694824219;-12.288000106811523;199.08999633789062;90.0;8.192001342773438;fixed;"Digitální měření modelu; fyzická přesnost detailů neověřená."
4932471064;PACKOUT-celni-odjistovaci-tlacitko;175.24000549316406;-18.0;-5.120000839233398;180.94000244140625;18.0;7.680000305175781;fixed;"Digitální měření modelu; fyzická přesnost detailů neověřená."
4932471064;zapadka-zaklad--1;159.38999938964844;-181.25;-17.663999557495117;182.08999633789062;-138.75;16.895999908447266;fixed;"Digitální měření modelu; fyzická přesnost detailů neověřená."
4932471064;zapadka-cervena--1;177.58999633789062;-177.4250030517578;-17.663999557495117;184.58999633789062;-142.5749969482422;4.454399108886719;fixed;"Digitální měření modelu; fyzická přesnost detailů neověřená."
4932471064;zapadka-cerveny-prst--1-0;183.58999633789062;-174.2375030517578;-1.0751991271972656;186.58999633789062;-169.9875030517578;8.256000518798828;fixed;"Digitální měření modelu; fyzická přesnost detailů neověřená."
4932471064;zapadka-cerveny-prst--1-1;183.58999633789062;-166.16250610351562;-1.0751991271972656;186.58999633789062;-161.91250610351562;8.256000518798828;fixed;"Digitální měření modelu; fyzická přesnost detailů neověřená."
4932471064;zapadka-cerveny-prst--1-2;183.58999633789062;-158.08749389648438;-1.0751991271972656;186.58999633789062;-153.83749389648438;8.256000518798828;fixed;"Digitální měření modelu; fyzická přesnost detailů neověřená."
4932471064;zapadka-cerveny-prst--1-3;183.58999633789062;-150.0124969482422;-1.0751991271972656;186.58999633789062;-145.7624969482422;8.256000518798828;fixed;"Digitální měření modelu; fyzická přesnost detailů neověřená."
4932471064;zapadka-vroubek--1-0;187.49000549316406;-175.5124969482422;-14.899200439453125;188.69000244140625;-144.4875030517578;-13.689599990844727;fixed;"Digitální měření modelu; fyzická přesnost detailů neověřená."
4932471064;zapadka-vroubek--1-1;187.49000549316406;-175.5124969482422;-12.479999542236328;188.69000244140625;-144.4875030517578;-11.27039909362793;fixed;"Digitální měření modelu; fyzická přesnost detailů neověřená."
4932471064;zapadka-vroubek--1-2;187.49000549316406;-175.5124969482422;-10.060800552368164;188.69000244140625;-144.4875030517578;-8.851200103759766;fixed;"Digitální měření modelu; fyzická přesnost detailů neověřená."
4932471064;zapadka-kov-levy--1;185.69000244140625;-181.8000030517578;-12.825599670410156;188.49000549316406;-179.0;14.13119888305664;fixed;"Digitální měření modelu; fyzická přesnost detailů neověřená."
4932471064;zapadka-kov-pravy--1;185.69000244140625;-141.0;-12.825599670410156;188.49000549316406;-138.1999969482422;14.13119888305664;fixed;"Digitální měření modelu; fyzická přesnost detailů neověřená."
4932471064;zapadka-kov-mustek--1;185.69000244140625;-180.39999389648438;12.731201171875;188.49000549316406;-139.60000610351562;15.531200408935547;fixed;"Digitální měření modelu; fyzická přesnost detailů neověřená."
4932471064;zapadka-ciry-horni-kryt--1;179.08999633789062;-181.25;10.439998626708984;187.08999633789062;-138.75;18.439998626708984;lid;"Digitální měření modelu; fyzická přesnost detailů neověřená."
4932471064;zapadka-zaklad-1;159.38999938964844;138.75;-17.663999557495117;182.08999633789062;181.25;16.895999908447266;fixed;"Digitální měření modelu; fyzická přesnost detailů neověřená."
4932471064;zapadka-cervena-1;177.58999633789062;142.5749969482422;-17.663999557495117;184.58999633789062;177.4250030517578;4.454399108886719;fixed;"Digitální měření modelu; fyzická přesnost detailů neověřená."
4932471064;zapadka-cerveny-prst-1-0;183.58999633789062;145.7624969482422;-1.0751991271972656;186.58999633789062;150.0124969482422;8.256000518798828;fixed;"Digitální měření modelu; fyzická přesnost detailů neověřená."
4932471064;zapadka-cerveny-prst-1-1;183.58999633789062;153.83749389648438;-1.0751991271972656;186.58999633789062;158.08749389648438;8.256000518798828;fixed;"Digitální měření modelu; fyzická přesnost detailů neověřená."
4932471064;zapadka-cerveny-prst-1-2;183.58999633789062;161.91250610351562;-1.0751991271972656;186.58999633789062;166.16250610351562;8.256000518798828;fixed;"Digitální měření modelu; fyzická přesnost detailů neověřená."
4932471064;zapadka-cerveny-prst-1-3;183.58999633789062;169.9875030517578;-1.0751991271972656;186.58999633789062;174.2375030517578;8.256000518798828;fixed;"Digitální měření modelu; fyzická přesnost detailů neověřená."
4932471064;zapadka-vroubek-1-0;187.49000549316406;144.4875030517578;-14.899200439453125;188.69000244140625;175.5124969482422;-13.689599990844727;fixed;"Digitální měření modelu; fyzická přesnost detailů neověřená."
4932471064;zapadka-vroubek-1-1;187.49000549316406;144.4875030517578;-12.479999542236328;188.69000244140625;175.5124969482422;-11.27039909362793;fixed;"Digitální měření modelu; fyzická přesnost detailů neověřená."
4932471064;zapadka-vroubek-1-2;187.49000549316406;144.4875030517578;-10.060800552368164;188.69000244140625;175.5124969482422;-8.851200103759766;fixed;"Digitální měření modelu; fyzická přesnost detailů neověřená."
4932471064;zapadka-kov-levy-1;185.69000244140625;138.1999969482422;-12.825599670410156;188.49000549316406;141.0;14.13119888305664;fixed;"Digitální měření modelu; fyzická přesnost detailů neověřená."
4932471064;zapadka-kov-pravy-1;185.69000244140625;179.0;-12.825599670410156;188.49000549316406;181.8000030517578;14.13119888305664;fixed;"Digitální měření modelu; fyzická přesnost detailů neověřená."
4932471064;zapadka-kov-mustek-1;185.69000244140625;139.60000610351562;12.731201171875;188.49000549316406;180.39999389648438;15.531200408935547;fixed;"Digitální měření modelu; fyzická přesnost detailů neověřená."
4932471064;zapadka-ciry-horni-kryt-1;179.08999633789062;138.75;10.439998626708984;187.08999633789062;181.25;18.439998626708984;lid;"Digitální měření modelu; fyzická přesnost detailů neověřená."
4932471064;PACKOUT-spodni-odjistovaci-tlacitko;166.08999633789062;-13.0;-28.799999237060547;174.08999633789062;13.0;-16.0;fixed;"Digitální měření modelu; fyzická přesnost detailů neověřená."
4932464082;telo-dno;-193.0;-250.0;-52.650001525878906;193.0;250.0;-42.5;fixed;"Digitální měření modelu; fyzická přesnost detailů neověřená."
4932464082;telo-duta-stena;-193.0;-250.0;-42.5;193.0;250.0;32.76000213623047;fixed;"Digitální měření modelu; fyzická přesnost detailů neověřená."
4932464082;patka--1--1;-192.97491455078125;-249.96749877929688;-58.5;-142.8450927734375;-185.03250122070312;-52.650001525878906;fixed;"Digitální měření modelu; fyzická přesnost detailů neověřená."
4932464082;patka--1-1;-192.97491455078125;185.03250122070312;-58.5;-142.8450927734375;249.96749877929688;-52.650001525878906;fixed;"Digitální měření modelu; fyzická přesnost detailů neověřená."
4932464082;patka-1--1;142.8450927734375;-249.96749877929688;-58.5;192.97491455078125;-185.03250122070312;-52.650001525878906;fixed;"Digitální měření modelu; fyzická přesnost detailů neověřená."
4932464082;patka-1-1;142.8450927734375;185.03250122070312;-58.5;192.97491455078125;249.96749877929688;-52.650001525878906;fixed;"Digitální měření modelu; fyzická přesnost detailů neověřená."
4932464082;roh-nosne-telo--1--1;-193.0;-250.0;-52.650001525878906;-160.19000244140625;-226.5;32.76000213623047;fixed;"Digitální měření modelu; fyzická přesnost detailů neověřená."
4932464082;roh-obvodovy-prolis--1--1;-192.8000030517578;-249.8000030517578;-45.81719970703125;-160.38999938964844;-226.6999969482422;-42.81719970703125;fixed;"Digitální měření modelu; fyzická přesnost detailů neověřená."
4932464082;roh-obvodovy-prolis--1--1;-192.8000030517578;-249.8000030517578;22.51080322265625;-160.38999938964844;-226.6999969482422;25.51080322265625;fixed;"Digitální měření modelu; fyzická přesnost detailů neověřená."
4932464082;roh-nosne-telo--1-1;-193.0;226.5;-52.650001525878906;-160.19000244140625;250.0;32.76000213623047;fixed;"Digitální měření modelu; fyzická přesnost detailů neověřená."
4932464082;roh-obvodovy-prolis--1-1;-192.8000030517578;226.6999969482422;-45.81719970703125;-160.38999938964844;249.8000030517578;-42.81719970703125;fixed;"Digitální měření modelu; fyzická přesnost detailů neověřená."
4932464082;roh-obvodovy-prolis--1-1;-192.8000030517578;226.6999969482422;22.51080322265625;-160.38999938964844;249.8000030517578;25.51080322265625;fixed;"Digitální měření modelu; fyzická přesnost detailů neověřená."
4932464082;roh-nosne-telo-1--1;160.19000244140625;-250.0;-52.650001525878906;193.0;-226.5;32.76000213623047;fixed;"Digitální měření modelu; fyzická přesnost detailů neověřená."
4932464082;roh-obvodovy-prolis-1--1;160.38999938964844;-249.8000030517578;-45.81719970703125;192.8000030517578;-226.6999969482422;-42.81719970703125;fixed;"Digitální měření modelu; fyzická přesnost detailů neověřená."
4932464082;roh-obvodovy-prolis-1--1;160.38999938964844;-249.8000030517578;22.51080322265625;192.8000030517578;-226.6999969482422;25.51080322265625;fixed;"Digitální měření modelu; fyzická přesnost detailů neověřená."
4932464082;roh-nosne-telo-1-1;160.19000244140625;226.5;-52.650001525878906;193.0;250.0;32.76000213623047;fixed;"Digitální měření modelu; fyzická přesnost detailů neověřená."
4932464082;roh-obvodovy-prolis-1-1;160.38999938964844;226.6999969482422;-45.81719970703125;192.8000030517578;249.8000030517578;-42.81719970703125;fixed;"Digitální měření modelu; fyzická přesnost detailů neověřená."
4932464082;roh-obvodovy-prolis-1-1;160.38999938964844;226.6999969482422;22.51080322265625;192.8000030517578;249.8000030517578;25.51080322265625;fixed;"Digitální měření modelu; fyzická přesnost detailů neověřená."
4932464082;bok-nosne-zebro--1--0.3;-117.30000305175781;-250.0;-49.23360061645508;-114.30000305175781;-247.39999389648438;26.78130340576172;fixed;"Digitální měření modelu; fyzická přesnost detailů neověřená."
4932464082;bok-nosne-zebro--1-0.22;83.41999816894531;-250.0;-49.23360061645508;86.41999816894531;-247.39999389648438;26.78130340576172;fixed;"Digitální měření modelu; fyzická přesnost detailů neověřená."
4932464082;bok-podelny-prolis--1-14.391000000000002;-148.61000061035156;-249.89999389648438;-44.10900115966797;148.61000061035156;-247.5;-41.60900115966797;fixed;"Digitální měření modelu; fyzická přesnost detailů neověřená."
4932464082;bok-podelny-prolis--1-84.4272;-148.61000061035156;-249.89999389648438;25.927200317382812;148.61000061035156;-247.5;28.427200317382812;fixed;"Digitální měření modelu; fyzická přesnost detailů neověřená."
4932464082;bok-nosne-zebro-1--0.3;-117.30000305175781;247.39999389648438;-49.23360061645508;-114.30000305175781;250.0;26.78130340576172;fixed;"Digitální měření modelu; fyzická přesnost detailů neověřená."
4932464082;bok-nosne-zebro-1-0.22;83.41999816894531;247.39999389648438;-49.23360061645508;86.41999816894531;250.0;26.78130340576172;fixed;"Digitální měření modelu; fyzická přesnost detailů neověřená."
4932464082;bok-podelny-prolis-1-14.391000000000002;-148.61000061035156;247.5;-44.10900115966797;148.61000061035156;249.89999389648438;-41.60900115966797;fixed;"Digitální měření modelu; fyzická přesnost detailů neověřená."
4932464082;bok-podelny-prolis-1-84.4272;-148.61000061035156;247.5;25.927200317382812;148.61000061035156;249.89999389648438;28.427200317382812;fixed;"Digitální měření modelu; fyzická přesnost detailů neověřená."
4932464082;celo-prolis--1-13.536900000000001;154.39999389648438;-225.0;-44.96310043334961;156.8000030517578;-115.0;-42.5630989074707;fixed;"Digitální měření modelu; fyzická přesnost detailů neověřená."
4932464082;celo-prolis--1-82.71900000000001;154.39999389648438;-225.0;24.21900177001953;156.8000030517578;-115.0;26.619003295898438;fixed;"Digitální měření modelu; fyzická přesnost detailů neověřená."
4932464082;celo-prolis-1-13.536900000000001;154.39999389648438;115.0;-44.96310043334961;156.8000030517578;225.0;-42.5630989074707;fixed;"Digitální měření modelu; fyzická přesnost detailů neověřená."
4932464082;celo-prolis-1-82.71900000000001;154.39999389648438;115.0;24.21900177001953;156.8000030517578;225.0;26.619003295898438;fixed;"Digitální měření modelu; fyzická přesnost detailů neověřená."
4932464082;prihradka-0-dno;49.7670783996582;-223.5;-41.79999923706055;142.552001953125;-128.2940673828125;-39.79999923706055;bins;"Digitální měření modelu; fyzická přesnost detailů neověřená."
4932464082;prihradka-0-duta-stena;49.7670783996582;-223.5;-39.79999923706055;142.552001953125;-128.2940673828125;30.759994506835938;bins;"Digitální měření modelu; fyzická přesnost detailů neověřená."
4932464082;prihradka-0-horni-lem;49.5170783996582;-223.75;28.76000213623047;142.802001953125;-128.0440673828125;30.76000213623047;bins;"Digitální měření modelu; fyzická přesnost detailů neověřená."
4932464082;prihradka-0-vodici-zebro--1-0;84.32946014404297;-221.35000610351562;-39.79999923706055;89.43263244628906;-219.64999389648438;-2.068798065185547;bins;"Digitální měření modelu; fyzická přesnost detailů neověřená."
4932464082;prihradka-0-vodici-zebro--1-1;102.88644409179688;-221.35000610351562;-39.79999923706055;107.98961639404297;-219.64999389648438;-2.068798065185547;bins;"Digitální měření modelu; fyzická přesnost detailů neověřená."
4932464082;prihradka-0-vodici-zebro-1-0;84.32946014404297;-132.14407348632812;-39.79999923706055;89.43263244628906;-130.44407653808594;-2.068798065185547;bins;"Digitální měření modelu; fyzická přesnost detailů neověřená."
4932464082;prihradka-0-vodici-zebro-1-1;102.88644409179688;-132.14407348632812;-39.79999923706055;107.98961639404297;-130.44407653808594;-2.068798065185547;bins;"Digitální měření modelu; fyzická přesnost detailů neověřená."
4932464082;prihradka-1-dno;49.7670783996582;-124.2940673828125;-41.79999923706055;142.552001953125;-29.088144302368164;-39.79999923706055;bins;"Digitální měření modelu; fyzická přesnost detailů neověřená."
4932464082;prihradka-1-duta-stena;49.7670783996582;-124.2940673828125;-39.79999923706055;142.552001953125;-29.088144302368164;30.759994506835938;bins;"Digitální měření modelu; fyzická přesnost detailů neověřená."
4932464082;prihradka-1-horni-lem;49.5170783996582;-124.5440673828125;28.76000213623047;142.802001953125;-28.838144302368164;30.76000213623047;bins;"Digitální měření modelu; fyzická přesnost detailů neověřená."
4932464082;prihradka-1-vodici-zebro--1-0;84.32946014404297;-122.14407348632812;-39.79999923706055;89.43263244628906;-120.4440689086914;-2.068798065185547;bins;"Digitální měření modelu; fyzická přesnost detailů neověřená."
4932464082;prihradka-1-vodici-zebro--1-1;102.88644409179688;-122.14407348632812;-39.79999923706055;107.98961639404297;-120.4440689086914;-2.068798065185547;bins;"Digitální měření modelu; fyzická přesnost detailů neověřená."
4932464082;prihradka-1-vodici-zebro-1-0;84.32946014404297;-32.93814468383789;-39.79999923706055;89.43263244628906;-31.238143920898438;-2.068798065185547;bins;"Digitální měření modelu; fyzická přesnost detailů neověřená."
4932464082;prihradka-1-vodici-zebro-1-1;102.88644409179688;-32.93814468383789;-39.79999923706055;107.98961639404297;-31.238143920898438;-2.068798065185547;bins;"Digitální měření modelu; fyzická přesnost detailů neověřená."
4932464082;prihradka-2-dno;49.7670783996582;28.384553909301758;-41.79999923706055;142.552001953125;123.94227600097656;-39.79999923706055;bins;"Digitální měření modelu; fyzická přesnost detailů neověřená."
4932464082;prihradka-2-duta-stena;49.7670783996582;28.384553909301758;-39.79999923706055;142.552001953125;123.94227600097656;30.759994506835938;bins;"Digitální měření modelu; fyzická přesnost detailů neověřená."
4932464082;prihradka-2-horni-lem;49.5170783996582;28.134553909301758;28.76000213623047;142.802001953125;124.19227600097656;30.76000213623047;bins;"Digitální měření modelu; fyzická přesnost detailů neověřená."
4932464082;prihradka-2-vodici-zebro--1-0;84.32946014404297;30.534555435180664;-39.79999923706055;89.43263244628906;32.234554290771484;-2.068798065185547;bins;"Digitální měření modelu; fyzická přesnost detailů neověřená."
4932464082;prihradka-2-vodici-zebro--1-1;102.88644409179688;30.534555435180664;-39.79999923706055;107.98961639404297;32.234554290771484;-2.068798065185547;bins;"Digitální měření modelu; fyzická přesnost detailů neověřená."
4932464082;prihradka-2-vodici-zebro-1-0;84.32946014404297;120.09227752685547;-39.79999923706055;89.43263244628906;121.79227447509766;-2.068798065185547;bins;"Digitální měření modelu; fyzická přesnost detailů neověřená."
4932464082;prihradka-2-vodici-zebro-1-1;102.88644409179688;120.09227752685547;-39.79999923706055;107.98961639404297;121.79227447509766;-2.068798065185547;bins;"Digitální měření modelu; fyzická přesnost detailů neověřená."
4932464082;prihradka-3-dno;49.7670783996582;127.94227600097656;-41.79999923706055;142.552001953125;223.5;-39.79999923706055;bins;"Digitální měření modelu; fyzická přesnost detailů neověřená."
4932464082;prihradka-3-duta-stena;49.7670783996582;127.94227600097656;-39.79999923706055;142.552001953125;223.5;30.759994506835938;bins;"Digitální měření modelu; fyzická přesnost detailů neověřená."
4932464082;prihradka-3-horni-lem;49.5170783996582;127.69227600097656;28.76000213623047;142.802001953125;223.75;30.76000213623047;bins;"Digitální měření modelu; fyzická přesnost detailů neověřená."
4932464082;prihradka-3-vodici-zebro--1-0;84.32946014404297;130.09228515625;-39.79999923706055;89.43263244628906;131.7922821044922;-2.068798065185547;bins;"Digitální měření modelu; fyzická přesnost detailů neověřená."
4932464082;prihradka-3-vodici-zebro--1-1;102.88644409179688;130.09228515625;-39.79999923706055;107.98961639404297;131.7922821044922;-2.068798065185547;bins;"Digitální měření modelu; fyzická přesnost detailů neověřená."
4932464082;prihradka-3-vodici-zebro-1-0;84.32946014404297;219.64999389648438;-39.79999923706055;89.43263244628906;221.35000610351562;-2.068798065185547;bins;"Digitální měření modelu; fyzická přesnost detailů neověřená."
4932464082;prihradka-3-vodici-zebro-1-1;102.88644409179688;219.64999389648438;-39.79999923706055;107.98961639404297;221.35000610351562;-2.068798065185547;bins;"Digitální měření modelu; fyzická přesnost detailů neověřená."
4932464082;prihradka-4-dno;-55.12022399902344;-225.5;-41.79999923706055;40.27501678466797;-27.088146209716797;-39.79999923706055;bins;"Digitální měření modelu; fyzická přesnost detailů neověřená."
4932464082;prihradka-4-duta-stena;-55.12022399902344;-225.5;-39.79999923706055;40.27501678466797;-27.088146209716797;30.759994506835938;bins;"Digitální měření modelu; fyzická přesnost detailů neověřená."
4932464082;prihradka-4-horni-lem;-55.37022399902344;-225.75;28.76000213623047;40.52501678466797;-26.838146209716797;30.76000213623047;bins;"Digitální měření modelu; fyzická přesnost detailů neověřená."
4932464082;prihradka-4-vodici-zebro--1-0;-38.66454315185547;-223.35000610351562;-39.79999923706055;-33.41780471801758;-221.64999389648438;-2.068798065185547;bins;"Digitální měření modelu; fyzická přesnost detailů neověřená."
4932464082;prihradka-4-vodici-zebro--1-1;-19.58549690246582;-223.35000610351562;-39.79999923706055;-14.33875846862793;-221.64999389648438;-2.068798065185547;bins;"Digitální měření modelu; fyzická přesnost detailů neověřená."
4932464082;prihradka-4-vodici-zebro--1-2;-0.5064483284950256;-223.35000610351562;-39.79999923706055;4.740289688110352;-221.64999389648438;-2.068798065185547;bins;"Digitální měření modelu; fyzická přesnost detailů neověřená."
4932464082;prihradka-4-vodici-zebro--1-3;18.572599411010742;-223.35000610351562;-39.79999923706055;23.819337844848633;-221.64999389648438;-2.068798065185547;bins;"Digitální měření modelu; fyzická přesnost detailů neověřená."
4932464082;prihradka-4-vodici-zebro-1-0;-38.66454315185547;-30.938142776489258;-39.79999923706055;-33.41780471801758;-29.238143920898438;-2.068798065185547;bins;"Digitální měření modelu; fyzická přesnost detailů neověřená."
4932464082;prihradka-4-vodici-zebro-1-1;-19.58549690246582;-30.938142776489258;-39.79999923706055;-14.33875846862793;-29.238143920898438;-2.068798065185547;bins;"Digitální měření modelu; fyzická přesnost detailů neověřená."
4932464082;prihradka-4-vodici-zebro-1-2;-0.5064483284950256;-30.938142776489258;-39.79999923706055;4.740289688110352;-29.238143920898438;-2.068798065185547;bins;"Digitální měření modelu; fyzická přesnost detailů neověřená."
4932464082;prihradka-4-vodici-zebro-1-3;18.572599411010742;-30.938142776489258;-39.79999923706055;23.819337844848633;-29.238143920898438;-2.068798065185547;bins;"Digitální měření modelu; fyzická přesnost detailů neověřená."
4932464082;prihradka-5-dno;-55.12022399902344;26.384553909301758;-41.79999923706055;40.27501678466797;225.5;-39.79999923706055;bins;"Digitální měření modelu; fyzická přesnost detailů neověřená."
4932464082;prihradka-5-duta-stena;-55.12022399902344;26.384553909301758;-39.79999923706055;40.27501678466797;225.5;30.759994506835938;bins;"Digitální měření modelu; fyzická přesnost detailů neověřená."
4932464082;prihradka-5-horni-lem;-55.37022399902344;26.134553909301758;28.76000213623047;40.52501678466797;225.75;30.76000213623047;bins;"Digitální měření modelu; fyzická přesnost detailů neověřená."
4932464082;prihradka-5-vodici-zebro--1-0;-38.66454315185547;28.534555435180664;-39.79999923706055;-33.41780471801758;30.234556198120117;-2.068798065185547;bins;"Digitální měření modelu; fyzická přesnost detailů neověřená."
4932464082;prihradka-5-vodici-zebro--1-1;-19.58549690246582;28.534555435180664;-39.79999923706055;-14.33875846862793;30.234556198120117;-2.068798065185547;bins;"Digitální měření modelu; fyzická přesnost detailů neověřená."
4932464082;prihradka-5-vodici-zebro--1-2;-0.5064483284950256;28.534555435180664;-39.79999923706055;4.740289688110352;30.234556198120117;-2.068798065185547;bins;"Digitální měření modelu; fyzická přesnost detailů neověřená."
4932464082;prihradka-5-vodici-zebro--1-3;18.572599411010742;28.534555435180664;-39.79999923706055;23.819337844848633;30.234556198120117;-2.068798065185547;bins;"Digitální měření modelu; fyzická přesnost detailů neověřená."
4932464082;prihradka-5-vodici-zebro-1-0;-38.66454315185547;221.64999389648438;-39.79999923706055;-33.41780471801758;223.35000610351562;-2.068798065185547;bins;"Digitální měření modelu; fyzická přesnost detailů neověřená."
4932464082;prihradka-5-vodici-zebro-1-1;-19.58549690246582;221.64999389648438;-39.79999923706055;-14.33875846862793;223.35000610351562;-2.068798065185547;bins;"Digitální měření modelu; fyzická přesnost detailů neověřená."
4932464082;prihradka-5-vodici-zebro-1-2;-0.5064483284950256;221.64999389648438;-39.79999923706055;4.740289688110352;223.35000610351562;-2.068798065185547;bins;"Digitální měření modelu; fyzická přesnost detailů neověřená."
4932464082;prihradka-5-vodici-zebro-1-3;18.572599411010742;221.64999389648438;-39.79999923706055;23.819337844848633;223.35000610351562;-2.068798065185547;bins;"Digitální měření modelu; fyzická přesnost detailů neověřená."
4932464082;prihradka-6-dno;-156.447998046875;-223.5;-41.79999923706055;-64.13768005371094;-128.2940673828125;-39.79999923706055;bins;"Digitální měření modelu; fyzická přesnost detailů neověřená."
4932464082;prihradka-6-duta-stena;-156.447998046875;-223.5;-39.79999923706055;-64.13768005371094;-128.2940673828125;30.759994506835938;bins;"Digitální měření modelu; fyzická přesnost detailů neověřená."
4932464082;prihradka-6-horni-lem;-156.697998046875;-223.75;28.76000213623047;-63.8876838684082;-128.0440673828125;30.76000213623047;bins;"Digitální měření modelu; fyzická přesnost detailů neověřená."
4932464082;prihradka-6-vodici-zebro--1-0;-122.06240844726562;-221.35000610351562;-39.79999923706055;-116.98533630371094;-219.64999389648438;-2.068798065185547;bins;"Digitální měření modelu; fyzická přesnost detailů neověřená."
4932464082;prihradka-6-vodici-zebro--1-1;-103.600341796875;-221.35000610351562;-39.79999923706055;-98.52327728271484;-219.64999389648438;-2.068798065185547;bins;"Digitální měření modelu; fyzická přesnost detailů neověřená."
4932464082;prihradka-6-vodici-zebro-1-0;-122.06240844726562;-132.14407348632812;-39.79999923706055;-116.98533630371094;-130.44407653808594;-2.068798065185547;bins;"Digitální měření modelu; fyzická přesnost detailů neověřená."
4932464082;prihradka-6-vodici-zebro-1-1;-103.600341796875;-132.14407348632812;-39.79999923706055;-98.52327728271484;-130.44407653808594;-2.068798065185547;bins;"Digitální měření modelu; fyzická přesnost detailů neověřená."
4932464082;prihradka-7-dno;-156.447998046875;-124.2940673828125;-41.79999923706055;-64.13768005371094;-29.088144302368164;-39.79999923706055;bins;"Digitální měření modelu; fyzická přesnost detailů neověřená."
4932464082;prihradka-7-duta-stena;-156.447998046875;-124.2940673828125;-39.79999923706055;-64.13768005371094;-29.088144302368164;30.759994506835938;bins;"Digitální měření modelu; fyzická přesnost detailů neověřená."
4932464082;prihradka-7-horni-lem;-156.697998046875;-124.5440673828125;28.76000213623047;-63.8876838684082;-28.838144302368164;30.76000213623047;bins;"Digitální měření modelu; fyzická přesnost detailů neověřená."
4932464082;prihradka-7-vodici-zebro--1-0;-122.06240844726562;-122.14407348632812;-39.79999923706055;-116.98533630371094;-120.4440689086914;-2.068798065185547;bins;"Digitální měření modelu; fyzická přesnost detailů neověřená."
4932464082;prihradka-7-vodici-zebro--1-1;-103.600341796875;-122.14407348632812;-39.79999923706055;-98.52327728271484;-120.4440689086914;-2.068798065185547;bins;"Digitální měření modelu; fyzická přesnost detailů neověřená."
4932464082;prihradka-7-vodici-zebro-1-0;-122.06240844726562;-32.93814468383789;-39.79999923706055;-116.98533630371094;-31.238143920898438;-2.068798065185547;bins;"Digitální měření modelu; fyzická přesnost detailů neověřená."
4932464082;prihradka-7-vodici-zebro-1-1;-103.600341796875;-32.93814468383789;-39.79999923706055;-98.52327728271484;-31.238143920898438;-2.068798065185547;bins;"Digitální měření modelu; fyzická přesnost detailů neověřená."
4932464082;prihradka-8-dno;-156.447998046875;28.384553909301758;-41.79999923706055;-64.13768005371094;123.94227600097656;-39.79999923706055;bins;"Digitální měření modelu; fyzická přesnost detailů neověřená."
4932464082;prihradka-8-duta-stena;-156.447998046875;28.384553909301758;-39.79999923706055;-64.13768005371094;123.94227600097656;30.759994506835938;bins;"Digitální měření modelu; fyzická přesnost detailů neověřená."
4932464082;prihradka-8-horni-lem;-156.697998046875;28.134553909301758;28.76000213623047;-63.8876838684082;124.19227600097656;30.76000213623047;bins;"Digitální měření modelu; fyzická přesnost detailů neověřená."
4932464082;prihradka-8-vodici-zebro--1-0;-122.06240844726562;30.534555435180664;-39.79999923706055;-116.98533630371094;32.234554290771484;-2.068798065185547;bins;"Digitální měření modelu; fyzická přesnost detailů neověřená."
4932464082;prihradka-8-vodici-zebro--1-1;-103.600341796875;30.534555435180664;-39.79999923706055;-98.52327728271484;32.234554290771484;-2.068798065185547;bins;"Digitální měření modelu; fyzická přesnost detailů neověřená."
4932464082;prihradka-8-vodici-zebro-1-0;-122.06240844726562;120.09227752685547;-39.79999923706055;-116.98533630371094;121.79227447509766;-2.068798065185547;bins;"Digitální měření modelu; fyzická přesnost detailů neověřená."
4932464082;prihradka-8-vodici-zebro-1-1;-103.600341796875;120.09227752685547;-39.79999923706055;-98.52327728271484;121.79227447509766;-2.068798065185547;bins;"Digitální měření modelu; fyzická přesnost detailů neověřená."
4932464082;prihradka-9-dno;-156.447998046875;127.94227600097656;-41.79999923706055;-64.13768005371094;223.5;-39.79999923706055;bins;"Digitální měření modelu; fyzická přesnost detailů neověřená."
4932464082;prihradka-9-duta-stena;-156.447998046875;127.94227600097656;-39.79999923706055;-64.13768005371094;223.5;30.759994506835938;bins;"Digitální měření modelu; fyzická přesnost detailů neověřená."
4932464082;prihradka-9-horni-lem;-156.697998046875;127.69227600097656;28.76000213623047;-63.8876838684082;223.75;30.76000213623047;bins;"Digitální měření modelu; fyzická přesnost detailů neověřená."
4932464082;prihradka-9-vodici-zebro--1-0;-122.06240844726562;130.09228515625;-39.79999923706055;-116.98533630371094;131.7922821044922;-2.068798065185547;bins;"Digitální měření modelu; fyzická přesnost detailů neověřená."
4932464082;prihradka-9-vodici-zebro--1-1;-103.600341796875;130.09228515625;-39.79999923706055;-98.52327728271484;131.7922821044922;-2.068798065185547;bins;"Digitální měření modelu; fyzická přesnost detailů neověřená."
4932464082;prihradka-9-vodici-zebro-1-0;-122.06240844726562;219.64999389648438;-39.79999923706055;-116.98533630371094;221.35000610351562;-2.068798065185547;bins;"Digitální měření modelu; fyzická přesnost detailů neověřená."
4932464082;prihradka-9-vodici-zebro-1-1;-103.600341796875;219.64999389648438;-39.79999923706055;-98.52327728271484;221.35000610351562;-2.068798065185547;bins;"Digitální měření modelu; fyzická přesnost detailů neověřená."
4932464082;viko-nosny-okraj;-192.0;-249.0;32.76000213623047;192.0;249.0;56.5;lid;"Digitální měření modelu; fyzická přesnost detailů neověřená."
4932464082;viko-tesneni;-163.947998046875;-233.0;32.660003662109375;150.052001953125;233.0;34.160003662109375;lid;"Digitální měření modelu; fyzická přesnost detailů neověřená."
4932464082;viko-panel;-188.0;-245.0;56.5;188.0;245.0;58.099998474121094;lid;"Digitální měření modelu; fyzická přesnost detailů neověřená."
4932464082;viko-prolis-0;47.7670783996582;-225.5;52.837196350097656;144.552001953125;-126.29407501220703;58.5;lid;"Digitální měření modelu; fyzická přesnost detailů neověřená."
4932464082;viko-okno-0;53.2670783996582;-220.0;57.69999694824219;139.052001953125;-131.7940673828125;58.5;lid;"Digitální měření modelu; fyzická přesnost detailů neověřená."
4932464082;viko-plastve-0;54.1576042175293;-211.55999755859375;58.150001525878906;125.66820526123047;-146.3800048828125;58.150001525878906;lid;"Digitální měření modelu; fyzická přesnost detailů neověřená."
4932464082;viko-prolis-1;47.7670783996582;-126.2940673828125;52.837196350097656;144.552001953125;-27.088144302368164;58.5;lid;"Digitální měření modelu; fyzická přesnost detailů neověřená."
4932464082;viko-okno-1;53.2670783996582;-120.7940673828125;57.69999694824219;139.052001953125;-32.5881462097168;58.5;lid;"Digitální měření modelu; fyzická přesnost detailů neověřená."
4932464082;viko-plastve-1;54.1576042175293;-112.35407257080078;58.150001525878906;125.66820526123047;-47.174072265625;58.150001525878906;lid;"Digitální měření modelu; fyzická přesnost detailů neověřená."
4932464082;viko-prolis-2;47.7670783996582;26.384553909301758;52.837196350097656;144.552001953125;125.94227600097656;58.5;lid;"Digitální měření modelu; fyzická přesnost detailů neověřená."
4932464082;viko-okno-2;53.2670783996582;31.884553909301758;57.69999694824219;139.052001953125;120.44227600097656;58.5;lid;"Digitální měření modelu; fyzická přesnost detailů neověřená."
4932464082;viko-plastve-2;54.1576042175293;40.324554443359375;58.150001525878906;125.66820526123047;112.00455474853516;58.150001525878906;lid;"Digitální měření modelu; fyzická přesnost detailů neověřená."
4932464082;viko-prolis-3;47.7670783996582;125.94227600097656;52.837196350097656;144.552001953125;225.5;58.5;lid;"Digitální měření modelu; fyzická přesnost detailů neověřená."
4932464082;viko-okno-3;53.2670783996582;131.44227600097656;57.69999694824219;139.052001953125;220.0;58.5;lid;"Digitální měření modelu; fyzická přesnost detailů neověřená."
4932464082;viko-plastve-3;54.1576042175293;139.8822784423828;58.150001525878906;125.66820526123047;211.56227111816406;58.150001525878906;lid;"Digitální měření modelu; fyzická přesnost detailů neověřená."
4932464082;viko-prolis-4;-57.12022399902344;-227.5;52.837196350097656;42.27501678466797;-25.088146209716797;58.5;lid;"Digitální měření modelu; fyzická přesnost detailů neověřená."
4932464082;viko-okno-4;-51.62022399902344;-222.0;57.69999694824219;36.77501678466797;-30.588146209716797;58.5;lid;"Digitální měření modelu; fyzická přesnost detailů neověřená."
4932464082;viko-plastve-4;-50.729698181152344;-213.55999755859375;58.150001525878906;28.18253517150879;-44.380001068115234;58.150001525878906;lid;"Digitální měření modelu; fyzická přesnost detailů neověřená."
4932464082;viko-prolis-5;-57.12022399902344;24.384553909301758;52.837196350097656;42.27501678466797;227.5;58.5;lid;"Digitální měření modelu; fyzická přesnost detailů neověřená."
4932464082;viko-okno-5;-51.62022399902344;29.884553909301758;57.69999694824219;36.77501678466797;222.0;58.5;lid;"Digitální měření modelu; fyzická přesnost detailů neověřená."
4932464082;viko-plastve-5;-50.729698181152344;38.324554443359375;58.150001525878906;28.18253517150879;207.5045623779297;58.150001525878906;lid;"Digitální měření modelu; fyzická přesnost detailů neověřená."
4932464082;viko-prolis-6;-158.447998046875;-225.5;52.837196350097656;-62.1376838684082;-126.29407501220703;58.5;lid;"Digitální měření modelu; fyzická přesnost detailů neověřená."
4932464082;viko-okno-6;-152.947998046875;-220.0;57.69999694824219;-67.63768005371094;-131.7940673828125;58.5;lid;"Digitální měření modelu; fyzická přesnost detailů neověřená."
4932464082;viko-plastve-6;-152.05747985839844;-211.55999755859375;58.150001525878906;-80.546875;-146.3800048828125;58.150001525878906;lid;"Digitální měření modelu; fyzická přesnost detailů neověřená."
4932464082;viko-prolis-7;-158.447998046875;-126.2940673828125;52.837196350097656;-62.1376838684082;-27.088144302368164;58.5;lid;"Digitální měření modelu; fyzická přesnost detailů neověřená."
4932464082;viko-okno-7;-152.947998046875;-120.7940673828125;57.69999694824219;-67.63768005371094;-32.5881462097168;58.5;lid;"Digitální měření modelu; fyzická přesnost detailů neověřená."
4932464082;viko-plastve-7;-152.05747985839844;-112.35407257080078;58.150001525878906;-80.546875;-47.174072265625;58.150001525878906;lid;"Digitální měření modelu; fyzická přesnost detailů neověřená."
4932464082;viko-prolis-8;-158.447998046875;26.384553909301758;52.837196350097656;-62.1376838684082;125.94227600097656;58.5;lid;"Digitální měření modelu; fyzická přesnost detailů neověřená."
4932464082;viko-okno-8;-152.947998046875;31.884553909301758;57.69999694824219;-67.63768005371094;120.44227600097656;58.5;lid;"Digitální měření modelu; fyzická přesnost detailů neověřená."
4932464082;viko-plastve-8;-152.05747985839844;40.324554443359375;58.150001525878906;-80.546875;112.00455474853516;58.150001525878906;lid;"Digitální měření modelu; fyzická přesnost detailů neověřená."
4932464082;viko-prolis-9;-158.447998046875;125.94227600097656;52.837196350097656;-62.1376838684082;225.5;58.5;lid;"Digitální měření modelu; fyzická přesnost detailů neověřená."
4932464082;viko-okno-9;-152.947998046875;131.44227600097656;57.69999694824219;-67.63768005371094;220.0;58.5;lid;"Digitální měření modelu; fyzická přesnost detailů neověřená."
4932464082;viko-plastve-9;-152.05747985839844;139.8822784423828;58.150001525878906;-80.546875;211.56227111816406;58.150001525878906;lid;"Digitální měření modelu; fyzická přesnost detailů neověřená."
4932464082;viko-stredni-pruh;-159.447998046875;-22.5;52.32240295410156;145.552001953125;22.5;58.5;lid;"Digitální měření modelu; fyzická přesnost detailů neověřená."
4932464082;viko-stredni-plastve;-159.05747985839844;-14.5600004196167;58.150001525878906;137.61973571777344;11.619999885559082;58.150001525878906;lid;"Digitální měření modelu; fyzická přesnost detailů neověřená."
4932464082;viko-celni-zebro-0;180.0;-217.61363220214844;32.76000213623047;188.0;-215.11363220214844;49.23359680175781;lid;"Digitální měření modelu; fyzická přesnost detailů neověřená."
4932464082;viko-celni-zebro-1;180.0;-174.34091186523438;32.76000213623047;188.0;-171.84091186523438;49.23359680175781;lid;"Digitální měření modelu; fyzická přesnost detailů neověřená."
4932464082;viko-celni-zebro-2;180.0;-131.06817626953125;32.76000213623047;188.0;-128.56817626953125;49.23359680175781;lid;"Digitální měření modelu; fyzická přesnost detailů neověřená."
4932464082;viko-celni-zebro-3;180.0;-87.79545593261719;32.76000213623047;188.0;-85.29545593261719;49.23359680175781;lid;"Digitální měření modelu; fyzická přesnost detailů neověřená."
4932464082;viko-celni-zebro-4;180.0;-44.522727966308594;32.76000213623047;188.0;-42.022727966308594;49.23359680175781;lid;"Digitální měření modelu; fyzická přesnost detailů neověřená."
4932464082;viko-celni-zebro-5;180.0;-1.25;32.76000213623047;188.0;1.25;49.23359680175781;lid;"Digitální měření modelu; fyzická přesnost detailů neověřená."
4932464082;viko-celni-zebro-6;180.0;42.022727966308594;32.76000213623047;188.0;44.522727966308594;49.23359680175781;lid;"Digitální měření modelu; fyzická přesnost detailů neověřená."
4932464082;viko-celni-zebro-7;180.0;85.29545593261719;32.76000213623047;188.0;87.79545593261719;49.23359680175781;lid;"Digitální měření modelu; fyzická přesnost detailů neověřená."
4932464082;viko-celni-zebro-8;180.0;128.56817626953125;32.76000213623047;188.0;131.06817626953125;49.23359680175781;lid;"Digitální měření modelu; fyzická přesnost detailů neověřená."
4932464082;viko-celni-zebro-9;180.0;171.84091186523438;32.76000213623047;188.0;174.34091186523438;49.23359680175781;lid;"Digitální měření modelu; fyzická přesnost detailů neověřená."
4932464082;viko-celni-zebro-10;180.0;215.11363220214844;32.76000213623047;188.0;217.61363220214844;49.23359680175781;lid;"Digitální měření modelu; fyzická přesnost detailů neověřená."
4932464082;pant-vika-0;-189.0;-200.85714721679688;31.76000213623047;-183.0;-184.85714721679688;37.76000213623047;lid;"Digitální měření modelu; fyzická přesnost detailů neověřená."
4932464082;pant-vika-kotveni-0;-187.5;-201.85714721679688;28.76000213623047;-180.5;-183.85714721679688;35.76000213623047;fixed;"Digitální měření modelu; fyzická přesnost detailů neověřená."
4932464082;pant-vika-1;-189.0;-136.57142639160156;31.76000213623047;-183.0;-120.57142639160156;37.76000213623047;lid;"Digitální měření modelu; fyzická přesnost detailů neověřená."
4932464082;pant-vika-kotveni-1;-187.5;-137.57142639160156;28.76000213623047;-180.5;-119.57142639160156;35.76000213623047;fixed;"Digitální měření modelu; fyzická přesnost detailů neověřená."
4932464082;pant-vika-2;-189.0;-72.28571319580078;31.76000213623047;-183.0;-56.28571319580078;37.76000213623047;lid;"Digitální měření modelu; fyzická přesnost detailů neověřená."
4932464082;pant-vika-kotveni-2;-187.5;-73.28571319580078;28.76000213623047;-180.5;-55.28571319580078;35.76000213623047;fixed;"Digitální měření modelu; fyzická přesnost detailů neověřená."
4932464082;pant-vika-3;-189.0;-8.0;31.76000213623047;-183.0;8.0;37.76000213623047;lid;"Digitální měření modelu; fyzická přesnost detailů neověřená."
4932464082;pant-vika-kotveni-3;-187.5;-9.0;28.76000213623047;-180.5;9.0;35.76000213623047;fixed;"Digitální měření modelu; fyzická přesnost detailů neověřená."
4932464082;pant-vika-4;-189.0;56.28571319580078;31.76000213623047;-183.0;72.28571319580078;37.76000213623047;lid;"Digitální měření modelu; fyzická přesnost detailů neověřená."
4932464082;pant-vika-kotveni-4;-187.5;55.28571319580078;28.76000213623047;-180.5;73.28571319580078;35.76000213623047;fixed;"Digitální měření modelu; fyzická přesnost detailů neověřená."
4932464082;pant-vika-5;-189.0;120.57142639160156;31.76000213623047;-183.0;136.57142639160156;37.76000213623047;lid;"Digitální měření modelu; fyzická přesnost detailů neověřená."
4932464082;pant-vika-kotveni-5;-187.5;119.57142639160156;28.76000213623047;-180.5;137.57142639160156;35.76000213623047;fixed;"Digitální měření modelu; fyzická přesnost detailů neověřená."
4932464082;pant-vika-6;-189.0;184.85714721679688;31.76000213623047;-183.0;200.85714721679688;37.76000213623047;lid;"Digitální měření modelu; fyzická přesnost detailů neověřená."
4932464082;pant-vika-kotveni-6;-187.5;183.85714721679688;28.76000213623047;-180.5;201.85714721679688;35.76000213623047;fixed;"Digitální měření modelu; fyzická přesnost detailů neověřená."
4932464082;viko-oznaceni-MILWAUKEE;-7.720221042633057;-172.42483520507812;58.279998779296875;4.63686990737915;-80.16331481933594;58.410003662109375;lid;"Digitální měření modelu; fyzická přesnost detailů neověřená."
4932464082;viko-oznaceni-PACKOUT;-0.6341102123260498;-152.33384704589844;58.279998779296875;8.045812606811523;-100.25430297851562;58.410003662109375;lid;"Digitální měření modelu; fyzická přesnost detailů neověřená."
4932464082;drzadlo-otevreny-uchop;175.6300048828125;-90.0;-41.55839920043945;181.6300048828125;90.0;12.2615966796875;fixed;"Digitální měření modelu; fyzická přesnost detailů neověřená."
4932464082;drzadlo-cerny-uchop;173.44070434570312;-52.20000076293945;-36.445499420166016;185.81930541992188;52.20000076293945;-24.066898345947266;fixed;"Digitální měření modelu; fyzická přesnost detailů neověřená."
4932464082;drzadlo-vroubek-0;172.97584533691406;-50.130001068115234;-37.25279998779297;186.28416442871094;-48.150001525878906;-23.259601593017578;fixed;"Digitální měření modelu; fyzická přesnost detailů neověřená."
4932464082;drzadlo-vroubek-1;172.97584533691406;-45.45000076293945;-37.25279998779297;186.28416442871094;-43.470001220703125;-23.259601593017578;fixed;"Digitální měření modelu; fyzická přesnost detailů neověřená."
4932464082;drzadlo-vroubek-2;172.97584533691406;-40.77000045776367;-37.25279998779297;186.28416442871094;-38.790000915527344;-23.259601593017578;fixed;"Digitální měření modelu; fyzická přesnost detailů neověřená."
4932464082;drzadlo-vroubek-3;172.97584533691406;-36.09000015258789;-37.25279998779297;186.28416442871094;-34.11000061035156;-23.259601593017578;fixed;"Digitální měření modelu; fyzická přesnost detailů neověřená."
4932464082;drzadlo-vroubek-4;172.97584533691406;-31.40999984741211;-37.25279998779297;186.28416442871094;-29.43000030517578;-23.259601593017578;fixed;"Digitální měření modelu; fyzická přesnost detailů neověřená."
4932464082;drzadlo-vroubek-5;172.97584533691406;-26.729999542236328;-37.25279998779297;186.28416442871094;-24.75;-23.259601593017578;fixed;"Digitální měření modelu; fyzická přesnost detailů neověřená."
4932464082;drzadlo-vroubek-6;172.97584533691406;-22.049999237060547;-37.25279998779297;186.28416442871094;-20.06999969482422;-23.259601593017578;fixed;"Digitální měření modelu; fyzická přesnost detailů neověřená."
4932464082;drzadlo-vroubek-7;172.97584533691406;-17.3700008392334;-37.25279998779297;186.28416442871094;-15.390000343322754;-23.259601593017578;fixed;"Digitální měření modelu; fyzická přesnost detailů neověřená."
4932464082;drzadlo-vroubek-8;172.97584533691406;-12.6899995803833;-37.25279998779297;186.28416442871094;-10.710000038146973;-23.259601593017578;fixed;"Digitální měření modelu; fyzická přesnost detailů neověřená."
4932464082;drzadlo-vroubek-9;172.97584533691406;-8.010000228881836;-37.25279998779297;186.28416442871094;-6.03000020980835;-23.259601593017578;fixed;"Digitální měření modelu; fyzická přesnost detailů neověřená."
4932464082;drzadlo-vroubek-10;172.97584533691406;-3.3299999237060547;-37.25279998779297;186.28416442871094;-1.350000023841858;-23.259601593017578;fixed;"Digitální měření modelu; fyzická přesnost detailů neověřená."
4932464082;drzadlo-vroubek-11;172.97584533691406;1.350000023841858;-37.25279998779297;186.28416442871094;3.3299999237060547;-23.259601593017578;fixed;"Digitální měření modelu; fyzická přesnost detailů neověřená."
4932464082;drzadlo-vroubek-12;172.97584533691406;6.03000020980835;-37.25279998779297;186.28416442871094;8.010000228881836;-23.259601593017578;fixed;"Digitální měření modelu; fyzická přesnost detailů neověřená."
4932464082;drzadlo-vroubek-13;172.97584533691406;10.710000038146973;-37.25279998779297;186.28416442871094;12.6899995803833;-23.259601593017578;fixed;"Digitální měření modelu; fyzická přesnost detailů neověřená."
4932464082;drzadlo-vroubek-14;172.97584533691406;15.390000343322754;-37.25279998779297;186.28416442871094;17.3700008392334;-23.259601593017578;fixed;"Digitální měření modelu; fyzická přesnost detailů neověřená."
4932464082;drzadlo-vroubek-15;172.97584533691406;20.06999969482422;-37.25279998779297;186.28416442871094;22.049999237060547;-23.259601593017578;fixed;"Digitální měření modelu; fyzická přesnost detailů neověřená."
4932464082;drzadlo-vroubek-16;172.97584533691406;24.75;-37.25279998779297;186.28416442871094;26.729999542236328;-23.259601593017578;fixed;"Digitální měření modelu; fyzická přesnost detailů neověřená."
4932464082;drzadlo-vroubek-17;172.97584533691406;29.43000030517578;-37.25279998779297;186.28416442871094;31.40999984741211;-23.259601593017578;fixed;"Digitální měření modelu; fyzická přesnost detailů neověřená."
4932464082;drzadlo-vroubek-18;172.97584533691406;34.11000061035156;-37.25279998779297;186.28416442871094;36.09000015258789;-23.259601593017578;fixed;"Digitální měření modelu; fyzická přesnost detailů neověřená."
4932464082;drzadlo-vroubek-19;172.97584533691406;38.790000915527344;-37.25279998779297;186.28416442871094;40.77000045776367;-23.259601593017578;fixed;"Digitální měření modelu; fyzická přesnost detailů neověřená."
4932464082;drzadlo-vroubek-20;172.97584533691406;43.470001220703125;-37.25279998779297;186.28416442871094;45.45000076293945;-23.259601593017578;fixed;"Digitální měření modelu; fyzická přesnost detailů neověřená."
4932464082;drzadlo-vroubek-21;172.97584533691406;48.150001525878906;-37.25279998779297;186.28416442871094;50.130001068115234;-23.259601593017578;fixed;"Digitální měření modelu; fyzická přesnost detailů neověřená."
4932464082;drzadlo-nosny-sloupek--1;154.39999389648438;-103.94999694824219;-51.47999954223633;176.6300048828125;-90.44999694824219;33.93000030517578;fixed;"Digitální měření modelu; fyzická přesnost detailů neověřená."
4932464082;drzadlo-cep--1;173.6300048828125;-80.4000015258789;3.8796005249023438;179.6300048828125;-74.4000015258789;9.879600524902344;fixed;"Digitální měření modelu; fyzická přesnost detailů neověřená."
4932464082;drzadlo-cerveny-prst--1-0;176.6300048828125;-80.01000213623047;3.6503982543945312;180.6300048828125;-75.51000213623047;20.872802734375;fixed;"Digitální měření modelu; fyzická přesnost detailů neověřená."
4932464082;drzadlo-cerveny-prst--1-1;176.6300048828125;-72.44999694824219;3.6503982543945312;180.6300048828125;-67.94999694824219;20.872802734375;fixed;"Digitální měření modelu; fyzická přesnost detailů neověřená."
4932464082;drzadlo-cerveny-prst--1-2;176.6300048828125;-64.88999938964844;3.6503982543945312;180.6300048828125;-60.38999938964844;20.872802734375;fixed;"Digitální měření modelu; fyzická přesnost detailů neověřená."
4932464082;drzadlo-nosny-sloupek-1;154.39999389648438;90.44999694824219;-51.47999954223633;176.6300048828125;103.94999694824219;33.93000030517578;fixed;"Digitální měření modelu; fyzická přesnost detailů neověřená."
4932464082;drzadlo-cep-1;173.6300048828125;74.4000015258789;3.8796005249023438;179.6300048828125;80.4000015258789;9.879600524902344;fixed;"Digitální měření modelu; fyzická přesnost detailů neověřená."
4932464082;drzadlo-cerveny-prst-1-0;176.6300048828125;60.38999938964844;3.6503982543945312;180.6300048828125;64.88999938964844;20.872802734375;fixed;"Digitální měření modelu; fyzická přesnost detailů neověřená."
4932464082;drzadlo-cerveny-prst-1-1;176.6300048828125;67.94999694824219;3.6503982543945312;180.6300048828125;72.44999694824219;20.872802734375;fixed;"Digitální měření modelu; fyzická přesnost detailů neověřená."
4932464082;drzadlo-cerveny-prst-1-2;176.6300048828125;75.51000213623047;3.6503982543945312;180.6300048828125;80.01000213623047;20.872802734375;fixed;"Digitální měření modelu; fyzická přesnost detailů neověřená."
4932464082;PACKOUT-celni-C-odjisteni;171.6300048828125;-9.0;-11.806026458740234;173.1300048828125;6.560717582702637;6.190025329589844;fixed;"Digitální měření modelu; fyzická přesnost detailů neověřená."
4932464082;zapadka-zaklad--1;154.39999389648438;-181.25;-18.83700180053711;177.6300048828125;-138.75;38.493003845214844;fixed;"Digitální měření modelu; fyzická přesnost detailů neověřená."
4932464082;zapadka-cervena--1;173.1300048828125;-177.4250030517578;-18.83700180053711;180.1300048828125;-142.5749969482422;17.854202270507812;fixed;"Digitální měření modelu; fyzická přesnost detailů neověřená."
4932464082;zapadka-cerveny-prst--1-0;179.1300048828125;-174.2375030517578;8.681396484375;182.1300048828125;-169.9875030517578;24.160499572753906;fixed;"Digitální měření modelu; fyzická přesnost detailů neověřená."
4932464082;zapadka-cerveny-prst--1-1;179.1300048828125;-166.16250610351562;8.681396484375;182.1300048828125;-161.91250610351562;24.160499572753906;fixed;"Digitální měření modelu; fyzická přesnost detailů neověřená."
4932464082;zapadka-cerveny-prst--1-2;179.1300048828125;-158.08749389648438;8.681396484375;182.1300048828125;-153.83749389648438;24.160499572753906;fixed;"Digitální měření modelu; fyzická přesnost detailů neověřená."
4932464082;zapadka-cerveny-prst--1-3;179.1300048828125;-150.0124969482422;8.681396484375;182.1300048828125;-145.7624969482422;24.160499572753906;fixed;"Digitální měření modelu; fyzická přesnost detailů neověřená."
4932464082;zapadka-vroubek--1-0;183.02999877929688;-175.5124969482422;-14.250598907470703;184.22999572753906;-144.4875030517578;-12.244049072265625;fixed;"Digitální měření modelu; fyzická přesnost detailů neověřená."
4932464082;zapadka-vroubek--1-1;183.02999877929688;-175.5124969482422;-10.237499237060547;184.22999572753906;-144.4875030517578;-8.230949401855469;fixed;"Digitální měření modelu; fyzická přesnost detailů neověřená."
4932464082;zapadka-vroubek--1-2;183.02999877929688;-175.5124969482422;-6.224399566650391;184.22999572753906;-144.4875030517578;-4.2178497314453125;fixed;"Digitální měření modelu; fyzická přesnost detailů neověřená."
4932464082;zapadka-kov-levy--1;181.22999572753906;-181.8000030517578;-10.810798645019531;184.02999877929688;-179.0;33.90660095214844;fixed;"Digitální měření modelu; fyzická přesnost detailů neověřená."
4932464082;zapadka-kov-pravy--1;181.22999572753906;-141.0;-10.810798645019531;184.02999877929688;-138.1999969482422;33.90660095214844;fixed;"Digitální měření modelu; fyzická přesnost detailů neověřená."
4932464082;zapadka-kov-mustek--1;181.22999572753906;-180.39999389648438;32.50659942626953;184.02999877929688;-139.60000610351562;35.306602478027344;fixed;"Digitální měření modelu; fyzická přesnost detailů neověřená."
4932464082;zapadka-ciry-horni-kryt--1;174.6300048828125;-181.25;29.76000213623047;182.6300048828125;-138.75;37.76000213623047;lid;"Digitální měření modelu; fyzická přesnost detailů neověřená."
4932464082;zapadka-zaklad-1;154.39999389648438;138.75;-18.83700180053711;177.6300048828125;181.25;38.493003845214844;fixed;"Digitální měření modelu; fyzická přesnost detailů neověřená."
4932464082;zapadka-cervena-1;173.1300048828125;142.5749969482422;-18.83700180053711;180.1300048828125;177.4250030517578;17.854202270507812;fixed;"Digitální měření modelu; fyzická přesnost detailů neověřená."
4932464082;zapadka-cerveny-prst-1-0;179.1300048828125;145.7624969482422;8.681396484375;182.1300048828125;150.0124969482422;24.160499572753906;fixed;"Digitální měření modelu; fyzická přesnost detailů neověřená."
4932464082;zapadka-cerveny-prst-1-1;179.1300048828125;153.83749389648438;8.681396484375;182.1300048828125;158.08749389648438;24.160499572753906;fixed;"Digitální měření modelu; fyzická přesnost detailů neověřená."
4932464082;zapadka-cerveny-prst-1-2;179.1300048828125;161.91250610351562;8.681396484375;182.1300048828125;166.16250610351562;24.160499572753906;fixed;"Digitální měření modelu; fyzická přesnost detailů neověřená."
4932464082;zapadka-cerveny-prst-1-3;179.1300048828125;169.9875030517578;8.681396484375;182.1300048828125;174.2375030517578;24.160499572753906;fixed;"Digitální měření modelu; fyzická přesnost detailů neověřená."
4932464082;zapadka-vroubek-1-0;183.02999877929688;144.4875030517578;-14.250598907470703;184.22999572753906;175.5124969482422;-12.244049072265625;fixed;"Digitální měření modelu; fyzická přesnost detailů neověřená."
4932464082;zapadka-vroubek-1-1;183.02999877929688;144.4875030517578;-10.237499237060547;184.22999572753906;175.5124969482422;-8.230949401855469;fixed;"Digitální měření modelu; fyzická přesnost detailů neověřená."
4932464082;zapadka-vroubek-1-2;183.02999877929688;144.4875030517578;-6.224399566650391;184.22999572753906;175.5124969482422;-4.2178497314453125;fixed;"Digitální měření modelu; fyzická přesnost detailů neověřená."
4932464082;zapadka-kov-levy-1;181.22999572753906;138.1999969482422;-10.810798645019531;184.02999877929688;141.0;33.90660095214844;fixed;"Digitální měření modelu; fyzická přesnost detailů neověřená."
4932464082;zapadka-kov-pravy-1;181.22999572753906;179.0;-10.810798645019531;184.02999877929688;181.8000030517578;33.90660095214844;fixed;"Digitální měření modelu; fyzická přesnost detailů neověřená."
4932464082;zapadka-kov-mustek-1;181.22999572753906;139.60000610351562;32.50659942626953;184.02999877929688;180.39999389648438;35.306602478027344;fixed;"Digitální měření modelu; fyzická přesnost detailů neověřená."
4932464082;zapadka-ciry-horni-kryt-1;174.6300048828125;138.75;29.76000213623047;182.6300048828125;181.25;37.76000213623047;lid;"Digitální měření modelu; fyzická přesnost detailů neověřená."
4932464082;PACKOUT-spodni-odjistovaci-tlacitko;161.6300048828125;-13.0;-52.650001525878906;169.6300048828125;13.0;-42.5;fixed;"Digitální měření modelu; fyzická přesnost detailů neověřená."
4932464082;PACKOUT-spodni-patka-0-0;-126.41500091552734;-223.75;-58.5;-89.74500274658203;-151.25;-52.650001525878906;fixed;"Digitální měření modelu; fyzická přesnost detailů neověřená."
4932464082;PACKOUT-spodni-zub-0-0;-97.4457015991211;-216.5;-58.5;-90.84510040283203;-158.5;-56.15999984741211;fixed;"Digitální měření modelu; fyzická přesnost detailů neověřená."
4932464082;PACKOUT-spodni-prolis-0-0-0;-114.31390380859375;-215.77499389648438;-57.915000915527344;-101.84609985351562;-209.97500610351562;-57.2130012512207;fixed;"Digitální měření modelu; fyzická přesnost detailů neověřená."
4932464082;PACKOUT-spodni-prolis-0-0-1;-114.31390380859375;-205.625;-57.915000915527344;-101.84609985351562;-199.8249969482422;-57.2130012512207;fixed;"Digitální měření modelu; fyzická přesnost detailů neověřená."
4932464082;PACKOUT-spodni-prolis-0-0-2;-114.31390380859375;-195.47500610351562;-57.915000915527344;-101.84609985351562;-189.6750030517578;-57.2130012512207;fixed;"Digitální měření modelu; fyzická přesnost detailů neověřená."
4932464082;PACKOUT-spodni-prolis-0-0-3;-114.31390380859375;-185.3249969482422;-57.915000915527344;-101.84609985351562;-179.52499389648438;-57.2130012512207;fixed;"Digitální měření modelu; fyzická přesnost detailů neověřená."
4932464082;PACKOUT-spodni-prolis-0-0-4;-114.31390380859375;-175.1750030517578;-57.915000915527344;-101.84609985351562;-169.375;-57.2130012512207;fixed;"Digitální měření modelu; fyzická přesnost detailů neověřená."
4932464082;PACKOUT-spodni-prolis-0-0-5;-114.31390380859375;-165.02499389648438;-57.915000915527344;-101.84609985351562;-159.22500610351562;-57.2130012512207;fixed;"Digitální měření modelu; fyzická přesnost detailů neověřená."
4932464082;PACKOUT-spodni-patka-0-1;-126.41500091552734;-101.25;-58.5;-89.74500274658203;-28.75;-52.650001525878906;fixed;"Digitální měření modelu; fyzická přesnost detailů neověřená."
4932464082;PACKOUT-spodni-zub-0-1;-97.4457015991211;-94.0;-58.5;-90.84510040283203;-36.0;-56.15999984741211;fixed;"Digitální měření modelu; fyzická přesnost detailů neověřená."
4932464082;PACKOUT-spodni-prolis-0-1-0;-114.31390380859375;-93.2750015258789;-57.915000915527344;-101.84609985351562;-87.4749984741211;-57.2130012512207;fixed;"Digitální měření modelu; fyzická přesnost detailů neověřená."
4932464082;PACKOUT-spodni-prolis-0-1-1;-114.31390380859375;-83.125;-57.915000915527344;-101.84609985351562;-77.32499694824219;-57.2130012512207;fixed;"Digitální měření modelu; fyzická přesnost detailů neověřená."
4932464082;PACKOUT-spodni-prolis-0-1-2;-114.31390380859375;-72.9749984741211;-57.915000915527344;-101.84609985351562;-67.17500305175781;-57.2130012512207;fixed;"Digitální měření modelu; fyzická přesnost detailů neověřená."
4932464082;PACKOUT-spodni-prolis-0-1-3;-114.31390380859375;-62.82500076293945;-57.915000915527344;-101.84609985351562;-57.025001525878906;-57.2130012512207;fixed;"Digitální měření modelu; fyzická přesnost detailů neověřená."
4932464082;PACKOUT-spodni-prolis-0-1-4;-114.31390380859375;-52.67499923706055;-57.915000915527344;-101.84609985351562;-46.875;-57.2130012512207;fixed;"Digitální měření modelu; fyzická přesnost detailů neověřená."
4932464082;PACKOUT-spodni-prolis-0-1-5;-114.31390380859375;-42.525001525878906;-57.915000915527344;-101.84609985351562;-36.724998474121094;-57.2130012512207;fixed;"Digitální měření modelu; fyzická přesnost detailů neověřená."
4932464082;PACKOUT-spodni-patka-0-2;-126.41500091552734;28.75;-58.5;-89.74500274658203;101.25;-52.650001525878906;fixed;"Digitální měření modelu; fyzická přesnost detailů neověřená."
4932464082;PACKOUT-spodni-zub-0-2;-97.4457015991211;36.0;-58.5;-90.84510040283203;94.0;-56.15999984741211;fixed;"Digitální měření modelu; fyzická přesnost detailů neověřená."
4932464082;PACKOUT-spodni-prolis-0-2-0;-114.31390380859375;36.724998474121094;-57.915000915527344;-101.84609985351562;42.525001525878906;-57.2130012512207;fixed;"Digitální měření modelu; fyzická přesnost detailů neověřená."
4932464082;PACKOUT-spodni-prolis-0-2-1;-114.31390380859375;46.875;-57.915000915527344;-101.84609985351562;52.67499923706055;-57.2130012512207;fixed;"Digitální měření modelu; fyzická přesnost detailů neověřená."
4932464082;PACKOUT-spodni-prolis-0-2-2;-114.31390380859375;57.025001525878906;-57.915000915527344;-101.84609985351562;62.82500076293945;-57.2130012512207;fixed;"Digitální měření modelu; fyzická přesnost detailů neověřená."
4932464082;PACKOUT-spodni-prolis-0-2-3;-114.31390380859375;67.17500305175781;-57.915000915527344;-101.84609985351562;72.9749984741211;-57.2130012512207;fixed;"Digitální měření modelu; fyzická přesnost detailů neověřená."
4932464082;PACKOUT-spodni-prolis-0-2-4;-114.31390380859375;77.32499694824219;-57.915000915527344;-101.84609985351562;83.125;-57.2130012512207;fixed;"Digitální měření modelu; fyzická přesnost detailů neověřená."
4932464082;PACKOUT-spodni-prolis-0-2-5;-114.31390380859375;87.4749984741211;-57.915000915527344;-101.84609985351562;93.2750015258789;-57.2130012512207;fixed;"Digitální měření modelu; fyzická přesnost detailů neověřená."
4932464082;PACKOUT-spodni-patka-0-3;-126.41500091552734;151.25;-58.5;-89.74500274658203;223.75;-52.650001525878906;fixed;"Digitální měření modelu; fyzická přesnost detailů neověřená."
4932464082;PACKOUT-spodni-zub-0-3;-97.4457015991211;158.5;-58.5;-90.84510040283203;216.5;-56.15999984741211;fixed;"Digitální měření modelu; fyzická přesnost detailů neověřená."
4932464082;PACKOUT-spodni-prolis-0-3-0;-114.31390380859375;159.22500610351562;-57.915000915527344;-101.84609985351562;165.02499389648438;-57.2130012512207;fixed;"Digitální měření modelu; fyzická přesnost detailů neověřená."
4932464082;PACKOUT-spodni-prolis-0-3-1;-114.31390380859375;169.375;-57.915000915527344;-101.84609985351562;175.1750030517578;-57.2130012512207;fixed;"Digitální měření modelu; fyzická přesnost detailů neověřená."
4932464082;PACKOUT-spodni-prolis-0-3-2;-114.31390380859375;179.52499389648438;-57.915000915527344;-101.84609985351562;185.3249969482422;-57.2130012512207;fixed;"Digitální měření modelu; fyzická přesnost detailů neověřená."
4932464082;PACKOUT-spodni-prolis-0-3-3;-114.31390380859375;189.6750030517578;-57.915000915527344;-101.84609985351562;195.47500610351562;-57.2130012512207;fixed;"Digitální měření modelu; fyzická přesnost detailů neověřená."
4932464082;PACKOUT-spodni-prolis-0-3-4;-114.31390380859375;199.8249969482422;-57.915000915527344;-101.84609985351562;205.625;-57.2130012512207;fixed;"Digitální měření modelu; fyzická přesnost detailů neověřená."
4932464082;PACKOUT-spodni-prolis-0-3-5;-114.31390380859375;209.97500610351562;-57.915000915527344;-101.84609985351562;215.77499389648438;-57.2130012512207;fixed;"Digitální měření modelu; fyzická přesnost detailů neověřená."
4932464082;PACKOUT-spodni-patka-1-0;-18.334999084472656;-223.75;-58.5;18.334999084472656;-151.25;-52.650001525878906;fixed;"Digitální měření modelu; fyzická přesnost detailů neověřená."
4932464082;PACKOUT-spodni-zub-1-0;10.634300231933594;-216.5;-58.5;17.234899520874023;-158.5;-56.15999984741211;fixed;"Digitální měření modelu; fyzická přesnost detailů neověřená."
4932464082;PACKOUT-spodni-prolis-1-0-0;-6.23390007019043;-215.77499389648438;-57.915000915527344;6.23390007019043;-209.97500610351562;-57.2130012512207;fixed;"Digitální měření modelu; fyzická přesnost detailů neověřená."
4932464082;PACKOUT-spodni-prolis-1-0-1;-6.23390007019043;-205.625;-57.915000915527344;6.23390007019043;-199.8249969482422;-57.2130012512207;fixed;"Digitální měření modelu; fyzická přesnost detailů neověřená."
4932464082;PACKOUT-spodni-prolis-1-0-2;-6.23390007019043;-195.47500610351562;-57.915000915527344;6.23390007019043;-189.6750030517578;-57.2130012512207;fixed;"Digitální měření modelu; fyzická přesnost detailů neověřená."
4932464082;PACKOUT-spodni-prolis-1-0-3;-6.23390007019043;-185.3249969482422;-57.915000915527344;6.23390007019043;-179.52499389648438;-57.2130012512207;fixed;"Digitální měření modelu; fyzická přesnost detailů neověřená."
4932464082;PACKOUT-spodni-prolis-1-0-4;-6.23390007019043;-175.1750030517578;-57.915000915527344;6.23390007019043;-169.375;-57.2130012512207;fixed;"Digitální měření modelu; fyzická přesnost detailů neověřená."
4932464082;PACKOUT-spodni-prolis-1-0-5;-6.23390007019043;-165.02499389648438;-57.915000915527344;6.23390007019043;-159.22500610351562;-57.2130012512207;fixed;"Digitální měření modelu; fyzická přesnost detailů neověřená."
4932464082;PACKOUT-spodni-patka-1-1;-18.334999084472656;-101.25;-58.5;18.334999084472656;-28.75;-52.650001525878906;fixed;"Digitální měření modelu; fyzická přesnost detailů neověřená."
4932464082;PACKOUT-spodni-zub-1-1;10.634300231933594;-94.0;-58.5;17.234899520874023;-36.0;-56.15999984741211;fixed;"Digitální měření modelu; fyzická přesnost detailů neověřená."
4932464082;PACKOUT-spodni-prolis-1-1-0;-6.23390007019043;-93.2750015258789;-57.915000915527344;6.23390007019043;-87.4749984741211;-57.2130012512207;fixed;"Digitální měření modelu; fyzická přesnost detailů neověřená."
4932464082;PACKOUT-spodni-prolis-1-1-1;-6.23390007019043;-83.125;-57.915000915527344;6.23390007019043;-77.32499694824219;-57.2130012512207;fixed;"Digitální měření modelu; fyzická přesnost detailů neověřená."
4932464082;PACKOUT-spodni-prolis-1-1-2;-6.23390007019043;-72.9749984741211;-57.915000915527344;6.23390007019043;-67.17500305175781;-57.2130012512207;fixed;"Digitální měření modelu; fyzická přesnost detailů neověřená."
4932464082;PACKOUT-spodni-prolis-1-1-3;-6.23390007019043;-62.82500076293945;-57.915000915527344;6.23390007019043;-57.025001525878906;-57.2130012512207;fixed;"Digitální měření modelu; fyzická přesnost detailů neověřená."
4932464082;PACKOUT-spodni-prolis-1-1-4;-6.23390007019043;-52.67499923706055;-57.915000915527344;6.23390007019043;-46.875;-57.2130012512207;fixed;"Digitální měření modelu; fyzická přesnost detailů neověřená."
4932464082;PACKOUT-spodni-prolis-1-1-5;-6.23390007019043;-42.525001525878906;-57.915000915527344;6.23390007019043;-36.724998474121094;-57.2130012512207;fixed;"Digitální měření modelu; fyzická přesnost detailů neověřená."
4932464082;PACKOUT-spodni-patka-1-2;-18.334999084472656;28.75;-58.5;18.334999084472656;101.25;-52.650001525878906;fixed;"Digitální měření modelu; fyzická přesnost detailů neověřená."
4932464082;PACKOUT-spodni-zub-1-2;10.634300231933594;36.0;-58.5;17.234899520874023;94.0;-56.15999984741211;fixed;"Digitální měření modelu; fyzická přesnost detailů neověřená."
4932464082;PACKOUT-spodni-prolis-1-2-0;-6.23390007019043;36.724998474121094;-57.915000915527344;6.23390007019043;42.525001525878906;-57.2130012512207;fixed;"Digitální měření modelu; fyzická přesnost detailů neověřená."
4932464082;PACKOUT-spodni-prolis-1-2-1;-6.23390007019043;46.875;-57.915000915527344;6.23390007019043;52.67499923706055;-57.2130012512207;fixed;"Digitální měření modelu; fyzická přesnost detailů neověřená."
4932464082;PACKOUT-spodni-prolis-1-2-2;-6.23390007019043;57.025001525878906;-57.915000915527344;6.23390007019043;62.82500076293945;-57.2130012512207;fixed;"Digitální měření modelu; fyzická přesnost detailů neověřená."
4932464082;PACKOUT-spodni-prolis-1-2-3;-6.23390007019043;67.17500305175781;-57.915000915527344;6.23390007019043;72.9749984741211;-57.2130012512207;fixed;"Digitální měření modelu; fyzická přesnost detailů neověřená."
4932464082;PACKOUT-spodni-prolis-1-2-4;-6.23390007019043;77.32499694824219;-57.915000915527344;6.23390007019043;83.125;-57.2130012512207;fixed;"Digitální měření modelu; fyzická přesnost detailů neověřená."
4932464082;PACKOUT-spodni-prolis-1-2-5;-6.23390007019043;87.4749984741211;-57.915000915527344;6.23390007019043;93.2750015258789;-57.2130012512207;fixed;"Digitální měření modelu; fyzická přesnost detailů neověřená."
4932464082;PACKOUT-spodni-patka-1-3;-18.334999084472656;151.25;-58.5;18.334999084472656;223.75;-52.650001525878906;fixed;"Digitální měření modelu; fyzická přesnost detailů neověřená."
4932464082;PACKOUT-spodni-zub-1-3;10.634300231933594;158.5;-58.5;17.234899520874023;216.5;-56.15999984741211;fixed;"Digitální měření modelu; fyzická přesnost detailů neověřená."
4932464082;PACKOUT-spodni-prolis-1-3-0;-6.23390007019043;159.22500610351562;-57.915000915527344;6.23390007019043;165.02499389648438;-57.2130012512207;fixed;"Digitální měření modelu; fyzická přesnost detailů neověřená."
4932464082;PACKOUT-spodni-prolis-1-3-1;-6.23390007019043;169.375;-57.915000915527344;6.23390007019043;175.1750030517578;-57.2130012512207;fixed;"Digitální měření modelu; fyzická přesnost detailů neověřená."
4932464082;PACKOUT-spodni-prolis-1-3-2;-6.23390007019043;179.52499389648438;-57.915000915527344;6.23390007019043;185.3249969482422;-57.2130012512207;fixed;"Digitální měření modelu; fyzická přesnost detailů neověřená."
4932464082;PACKOUT-spodni-prolis-1-3-3;-6.23390007019043;189.6750030517578;-57.915000915527344;6.23390007019043;195.47500610351562;-57.2130012512207;fixed;"Digitální měření modelu; fyzická přesnost detailů neověřená."
4932464082;PACKOUT-spodni-prolis-1-3-4;-6.23390007019043;199.8249969482422;-57.915000915527344;6.23390007019043;205.625;-57.2130012512207;fixed;"Digitální měření modelu; fyzická přesnost detailů neověřená."
4932464082;PACKOUT-spodni-prolis-1-3-5;-6.23390007019043;209.97500610351562;-57.915000915527344;6.23390007019043;215.77499389648438;-57.2130012512207;fixed;"Digitální měření modelu; fyzická přesnost detailů neověřená."
4932464082;PACKOUT-spodni-patka-2-0;89.74500274658203;-223.75;-58.5;126.41500091552734;-151.25;-52.650001525878906;fixed;"Digitální měření modelu; fyzická přesnost detailů neověřená."
4932464082;PACKOUT-spodni-zub-2-0;118.71430206298828;-216.5;-58.5;125.31490325927734;-158.5;-56.15999984741211;fixed;"Digitální měření modelu; fyzická přesnost detailů neověřená."
4932464082;PACKOUT-spodni-prolis-2-0-0;101.84609985351562;-215.77499389648438;-57.915000915527344;114.31390380859375;-209.97500610351562;-57.2130012512207;fixed;"Digitální měření modelu; fyzická přesnost detailů neověřená."
4932464082;PACKOUT-spodni-prolis-2-0-1;101.84609985351562;-205.625;-57.915000915527344;114.31390380859375;-199.8249969482422;-57.2130012512207;fixed;"Digitální měření modelu; fyzická přesnost detailů neověřená."
4932464082;PACKOUT-spodni-prolis-2-0-2;101.84609985351562;-195.47500610351562;-57.915000915527344;114.31390380859375;-189.6750030517578;-57.2130012512207;fixed;"Digitální měření modelu; fyzická přesnost detailů neověřená."
4932464082;PACKOUT-spodni-prolis-2-0-3;101.84609985351562;-185.3249969482422;-57.915000915527344;114.31390380859375;-179.52499389648438;-57.2130012512207;fixed;"Digitální měření modelu; fyzická přesnost detailů neověřená."
4932464082;PACKOUT-spodni-prolis-2-0-4;101.84609985351562;-175.1750030517578;-57.915000915527344;114.31390380859375;-169.375;-57.2130012512207;fixed;"Digitální měření modelu; fyzická přesnost detailů neověřená."
4932464082;PACKOUT-spodni-prolis-2-0-5;101.84609985351562;-165.02499389648438;-57.915000915527344;114.31390380859375;-159.22500610351562;-57.2130012512207;fixed;"Digitální měření modelu; fyzická přesnost detailů neověřená."
4932464082;PACKOUT-spodni-patka-2-1;89.74500274658203;-101.25;-58.5;126.41500091552734;-28.75;-52.650001525878906;fixed;"Digitální měření modelu; fyzická přesnost detailů neověřená."
4932464082;PACKOUT-spodni-zub-2-1;118.71430206298828;-94.0;-58.5;125.31490325927734;-36.0;-56.15999984741211;fixed;"Digitální měření modelu; fyzická přesnost detailů neověřená."
4932464082;PACKOUT-spodni-prolis-2-1-0;101.84609985351562;-93.2750015258789;-57.915000915527344;114.31390380859375;-87.4749984741211;-57.2130012512207;fixed;"Digitální měření modelu; fyzická přesnost detailů neověřená."
4932464082;PACKOUT-spodni-prolis-2-1-1;101.84609985351562;-83.125;-57.915000915527344;114.31390380859375;-77.32499694824219;-57.2130012512207;fixed;"Digitální měření modelu; fyzická přesnost detailů neověřená."
4932464082;PACKOUT-spodni-prolis-2-1-2;101.84609985351562;-72.9749984741211;-57.915000915527344;114.31390380859375;-67.17500305175781;-57.2130012512207;fixed;"Digitální měření modelu; fyzická přesnost detailů neověřená."
4932464082;PACKOUT-spodni-prolis-2-1-3;101.84609985351562;-62.82500076293945;-57.915000915527344;114.31390380859375;-57.025001525878906;-57.2130012512207;fixed;"Digitální měření modelu; fyzická přesnost detailů neověřená."
4932464082;PACKOUT-spodni-prolis-2-1-4;101.84609985351562;-52.67499923706055;-57.915000915527344;114.31390380859375;-46.875;-57.2130012512207;fixed;"Digitální měření modelu; fyzická přesnost detailů neověřená."
4932464082;PACKOUT-spodni-prolis-2-1-5;101.84609985351562;-42.525001525878906;-57.915000915527344;114.31390380859375;-36.724998474121094;-57.2130012512207;fixed;"Digitální měření modelu; fyzická přesnost detailů neověřená."
4932464082;PACKOUT-spodni-patka-2-2;89.74500274658203;28.75;-58.5;126.41500091552734;101.25;-52.650001525878906;fixed;"Digitální měření modelu; fyzická přesnost detailů neověřená."
4932464082;PACKOUT-spodni-zub-2-2;118.71430206298828;36.0;-58.5;125.31490325927734;94.0;-56.15999984741211;fixed;"Digitální měření modelu; fyzická přesnost detailů neověřená."
4932464082;PACKOUT-spodni-prolis-2-2-0;101.84609985351562;36.724998474121094;-57.915000915527344;114.31390380859375;42.525001525878906;-57.2130012512207;fixed;"Digitální měření modelu; fyzická přesnost detailů neověřená."
4932464082;PACKOUT-spodni-prolis-2-2-1;101.84609985351562;46.875;-57.915000915527344;114.31390380859375;52.67499923706055;-57.2130012512207;fixed;"Digitální měření modelu; fyzická přesnost detailů neověřená."
4932464082;PACKOUT-spodni-prolis-2-2-2;101.84609985351562;57.025001525878906;-57.915000915527344;114.31390380859375;62.82500076293945;-57.2130012512207;fixed;"Digitální měření modelu; fyzická přesnost detailů neověřená."
4932464082;PACKOUT-spodni-prolis-2-2-3;101.84609985351562;67.17500305175781;-57.915000915527344;114.31390380859375;72.9749984741211;-57.2130012512207;fixed;"Digitální měření modelu; fyzická přesnost detailů neověřená."
4932464082;PACKOUT-spodni-prolis-2-2-4;101.84609985351562;77.32499694824219;-57.915000915527344;114.31390380859375;83.125;-57.2130012512207;fixed;"Digitální měření modelu; fyzická přesnost detailů neověřená."
4932464082;PACKOUT-spodni-prolis-2-2-5;101.84609985351562;87.4749984741211;-57.915000915527344;114.31390380859375;93.2750015258789;-57.2130012512207;fixed;"Digitální měření modelu; fyzická přesnost detailů neověřená."
4932464082;PACKOUT-spodni-patka-2-3;89.74500274658203;151.25;-58.5;126.41500091552734;223.75;-52.650001525878906;fixed;"Digitální měření modelu; fyzická přesnost detailů neověřená."
4932464082;PACKOUT-spodni-zub-2-3;118.71430206298828;158.5;-58.5;125.31490325927734;216.5;-56.15999984741211;fixed;"Digitální měření modelu; fyzická přesnost detailů neověřená."
4932464082;PACKOUT-spodni-prolis-2-3-0;101.84609985351562;159.22500610351562;-57.915000915527344;114.31390380859375;165.02499389648438;-57.2130012512207;fixed;"Digitální měření modelu; fyzická přesnost detailů neověřená."
4932464082;PACKOUT-spodni-prolis-2-3-1;101.84609985351562;169.375;-57.915000915527344;114.31390380859375;175.1750030517578;-57.2130012512207;fixed;"Digitální měření modelu; fyzická přesnost detailů neověřená."
4932464082;PACKOUT-spodni-prolis-2-3-2;101.84609985351562;179.52499389648438;-57.915000915527344;114.31390380859375;185.3249969482422;-57.2130012512207;fixed;"Digitální měření modelu; fyzická přesnost detailů neověřená."
4932464082;PACKOUT-spodni-prolis-2-3-3;101.84609985351562;189.6750030517578;-57.915000915527344;114.31390380859375;195.47500610351562;-57.2130012512207;fixed;"Digitální měření modelu; fyzická přesnost detailů neověřená."
4932464082;PACKOUT-spodni-prolis-2-3-4;101.84609985351562;199.8249969482422;-57.915000915527344;114.31390380859375;205.625;-57.2130012512207;fixed;"Digitální měření modelu; fyzická přesnost detailů neověřená."
4932464082;PACKOUT-spodni-prolis-2-3-5;101.84609985351562;209.97500610351562;-57.915000915527344;114.31390380859375;215.77499389648438;-57.2130012512207;fixed;"Digitální měření modelu; fyzická přesnost detailů neověřená."
4932471065;telo-dno;-124.5;-205.5;-28.799999237060547;124.5;170.51016235351562;-16.0;fixed;"Digitální měření modelu; fyzická přesnost detailů neověřená."
4932471065;telo-duta-stena;-124.5;-205.5;-16.0;124.5;170.51016235351562;13.44000244140625;fixed;"Digitální měření modelu; fyzická přesnost detailů neověřená."
4932471065;patka--1--1;92.14617919921875;-205.47555541992188;-32.0;124.48381042480469;-156.64312744140625;-28.799999237060547;fixed;"Digitální měření modelu; fyzická přesnost detailů neověřená."
4932471065;patka--1-1;-124.48381042480469;-205.47555541992188;-32.0;-92.14617919921875;-156.64312744140625;-28.799999237060547;fixed;"Digitální měření modelu; fyzická přesnost detailů neověřená."
4932471065;patka-1--1;92.14617919921875;121.65327453613281;-32.0;124.48381042480469;170.4857177734375;-28.799999237060547;fixed;"Digitální měření modelu; fyzická přesnost detailů neověřená."
4932471065;patka-1-1;-124.48381042480469;121.65327453613281;-32.0;-92.14617919921875;170.4857177734375;-28.799999237060547;fixed;"Digitální měření modelu; fyzická přesnost detailů neověřená."
4932471065;roh-nosne-telo--1--1;112.7969970703125;-205.5;-28.799999237060547;124.5;-173.5391387939453;13.44000244140625;fixed;"Digitální měření modelu; fyzická přesnost detailů neověřená."
4932471065;roh-obvodovy-prolis--1--1;112.99700164794922;-205.3000030517578;-25.420799255371094;124.30000305175781;-173.7391357421875;-22.420799255371094;fixed;"Digitální měření modelu; fyzická přesnost detailů neověřená."
4932471065;roh-obvodovy-prolis--1--1;112.99700164794922;-205.3000030517578;8.371200561523438;124.30000305175781;-173.7391357421875;11.371200561523438;fixed;"Digitální měření modelu; fyzická přesnost detailů neověřená."
4932471065;roh-nosne-telo--1-1;-124.5;-205.5;-28.799999237060547;-112.7969970703125;-173.5391387939453;13.44000244140625;fixed;"Digitální měření modelu; fyzická přesnost detailů neověřená."
4932471065;roh-obvodovy-prolis--1-1;-124.30000305175781;-205.3000030517578;-25.420799255371094;-112.99700164794922;-173.7391357421875;-22.420799255371094;fixed;"Digitální měření modelu; fyzická přesnost detailů neověřená."
4932471065;roh-obvodovy-prolis--1-1;-124.30000305175781;-205.3000030517578;8.371200561523438;-112.99700164794922;-173.7391357421875;11.371200561523438;fixed;"Digitální měření modelu; fyzická přesnost detailů neověřená."
4932471065;roh-nosne-telo-1--1;112.7969970703125;138.54930114746094;-28.799999237060547;124.5;170.51016235351562;13.44000244140625;fixed;"Digitální měření modelu; fyzická přesnost detailů neověřená."
4932471065;roh-obvodovy-prolis-1--1;112.99700164794922;138.74929809570312;-25.420799255371094;124.30000305175781;170.31016540527344;-22.420799255371094;fixed;"Digitální měření modelu; fyzická přesnost detailů neověřená."
4932471065;roh-obvodovy-prolis-1--1;112.99700164794922;138.74929809570312;8.371200561523438;124.30000305175781;170.31016540527344;11.371200561523438;fixed;"Digitální měření modelu; fyzická přesnost detailů neověřená."
4932471065;roh-nosne-telo-1-1;-124.5;138.54930114746094;-28.799999237060547;-112.7969970703125;170.51016235351562;13.44000244140625;fixed;"Digitální měření modelu; fyzická přesnost detailů neověřená."
4932471065;roh-obvodovy-prolis-1-1;-124.30000305175781;138.74929809570312;-25.420799255371094;-112.99700164794922;170.31016540527344;-22.420799255371094;fixed;"Digitální měření modelu; fyzická přesnost detailů neověřená."
4932471065;roh-obvodovy-prolis-1-1;-124.30000305175781;138.74929809570312;8.371200561523438;-112.99700164794922;170.31016540527344;11.371200561523438;fixed;"Digitální měření modelu; fyzická přesnost detailů neověřená."
4932471065;bok-nosne-zebro--1--0.3;121.9000015258789;-131.7979736328125;-27.110401153564453;124.5;-128.7979736328125;10.483200073242188;fixed;"Digitální měření modelu; fyzická přesnost detailů neověřená."
4932471065;bok-nosne-zebro--1-0.22;121.9000015258789;63.727317810058594;-27.110401153564453;124.5;66.7273178100586;10.483200073242188;fixed;"Digitální měření modelu; fyzická přesnost detailů neověřená."
4932471065;bok-podelny-prolis--1-7.4239999999999995;122.0;-162.2588348388672;-24.576000213623047;124.4000015258789;127.26899719238281;-22.076000213623047;fixed;"Digitální měření modelu; fyzická přesnost detailů neověřená."
4932471065;bok-podelny-prolis--1-42.0608;122.0;-162.2588348388672;10.060798645019531;124.4000015258789;127.26899719238281;12.560798645019531;fixed;"Digitální měření modelu; fyzická přesnost detailů neověřená."
4932471065;bok-nosne-zebro-1--0.3;-124.5;-131.7979736328125;-27.110401153564453;-121.9000015258789;-128.7979736328125;10.483200073242188;fixed;"Digitální měření modelu; fyzická přesnost detailů neověřená."
4932471065;bok-nosne-zebro-1-0.22;-124.5;63.727317810058594;-27.110401153564453;-121.9000015258789;66.7273178100586;10.483200073242188;fixed;"Digitální měření modelu; fyzická přesnost detailů neověřená."
4932471065;bok-podelny-prolis-1-7.4239999999999995;-124.4000015258789;-162.2588348388672;-24.576000213623047;-122.0;127.26899719238281;-22.076000213623047;fixed;"Digitální měření modelu; fyzická přesnost detailů neověřená."
4932471065;bok-podelny-prolis-1-42.0608;-124.4000015258789;-162.2588348388672;10.060798645019531;-122.0;127.26899719238281;12.560798645019531;fixed;"Digitální měření modelu; fyzická přesnost detailů neověřená."
4932471065;celo-prolis--1-7.0016;57.27000045776367;158.23500061035156;-24.99839973449707;112.05000305175781;160.63499450683594;-22.598400115966797;fixed;"Digitální měření modelu; fyzická přesnost detailů neověřená."
4932471065;celo-prolis--1-41.216;57.27000045776367;158.23500061035156;9.215999603271484;112.05000305175781;160.63499450683594;11.61600112915039;fixed;"Digitální měření modelu; fyzická přesnost detailů neověřená."
4932471065;celo-prolis-1-7.0016;-112.05000305175781;158.23500061035156;-24.99839973449707;-57.27000045776367;160.63499450683594;-22.598400115966797;fixed;"Digitální měření modelu; fyzická přesnost detailů neověřená."
4932471065;celo-prolis-1-41.216;-112.05000305175781;158.23500061035156;9.215999603271484;-57.27000045776367;160.63499450683594;11.61600112915039;fixed;"Digitální měření modelu; fyzická přesnost detailů neověřená."
4932471065;prihradka-0-dno;2.0;29.895065307617188;-15.299999237060547;96.5;123.64929962158203;-13.299999237060547;bins;"Digitální měření modelu; fyzická přesnost detailů neověřená."
4932471065;prihradka-0-duta-stena;2.0;29.895065307617188;-13.299999237060547;96.5;123.64929962158203;11.439998626708984;bins;"Digitální měření modelu; fyzická přesnost detailů neověřená."
4932471065;prihradka-0-horni-lem;1.75;29.645065307617188;9.439998626708984;96.75;123.89929962158203;11.439998626708984;bins;"Digitální měření modelu; fyzická přesnost detailů neověřená."
4932471065;prihradka-0-delic-0;48.5;31.895065307617188;-13.299999237060547;50.0;121.64929962158203;8.091999053955078;bins;"Digitální měření modelu; fyzická přesnost detailů neověřená."
4932471065;prihradka-0-vodici-zebro--1-0;92.6500015258789;64.81851959228516;-13.299999237060547;94.3499984741211;69.9749984741211;0.6048011779785156;bins;"Digitální měření modelu; fyzická přesnost detailů neověřená."
4932471065;prihradka-0-vodici-zebro--1-1;92.6500015258789;83.56936645507812;-13.299999237060547;94.3499984741211;88.72584533691406;0.6048011779785156;bins;"Digitální měření modelu; fyzická přesnost detailů neověřená."
4932471065;prihradka-0-vodici-zebro-1-0;4.150000095367432;64.81851959228516;-13.299999237060547;5.849999904632568;69.9749984741211;0.6048011779785156;bins;"Digitální měření modelu; fyzická přesnost detailů neověřená."
4932471065;prihradka-0-vodici-zebro-1-1;4.150000095367432;83.56936645507812;-13.299999237060547;5.849999904632568;88.72584533691406;0.6048011779785156;bins;"Digitální měření modelu; fyzická přesnost detailů neověřená."
4932471065;prihradka-1-dno;-96.5;29.895065307617188;-15.299999237060547;-2.0;123.64929962158203;-13.299999237060547;bins;"Digitální měření modelu; fyzická přesnost detailů neověřená."
4932471065;prihradka-1-duta-stena;-96.5;29.895065307617188;-13.299999237060547;-2.0;123.64929962158203;11.439998626708984;bins;"Digitální měření modelu; fyzická přesnost detailů neověřená."
4932471065;prihradka-1-horni-lem;-96.75;29.645065307617188;9.439998626708984;-1.75;123.89929962158203;11.439998626708984;bins;"Digitální měření modelu; fyzická přesnost detailů neověřená."
4932471065;prihradka-1-delic-0;-50.0;31.895065307617188;-13.299999237060547;-48.5;121.64929962158203;8.091999053955078;bins;"Digitální měření modelu; fyzická přesnost detailů neověřená."
4932471065;prihradka-1-vodici-zebro--1-0;-5.849999904632568;64.81851959228516;-13.299999237060547;-4.150000095367432;69.9749984741211;0.6048011779785156;bins;"Digitální měření modelu; fyzická přesnost detailů neověřená."
4932471065;prihradka-1-vodici-zebro--1-1;-5.849999904632568;83.56936645507812;-13.299999237060547;-4.150000095367432;88.72584533691406;0.6048011779785156;bins;"Digitální měření modelu; fyzická přesnost detailů neověřená."
4932471065;prihradka-1-vodici-zebro-1-0;-94.3499984741211;64.81851959228516;-13.299999237060547;-92.6500015258789;69.9749984741211;0.6048011779785156;bins;"Digitální měření modelu; fyzická přesnost detailů neověřená."
4932471065;prihradka-1-vodici-zebro-1-1;-94.3499984741211;83.56936645507812;-13.299999237060547;-92.6500015258789;88.72584533691406;0.6048011779785156;bins;"Digitální měření modelu; fyzická přesnost detailů neověřená."
4932471065;prihradka-2-dno;-98.5;-70.95408630371094;-15.299999237060547;98.5;22.800148010253906;-13.299999237060547;bins;"Digitální měření modelu; fyzická přesnost detailů neověřená."
4932471065;prihradka-2-duta-stena;-98.5;-70.95408630371094;-13.299999237060547;98.5;22.800148010253906;11.439998626708984;bins;"Digitální měření modelu; fyzická přesnost detailů neověřená."
4932471065;prihradka-2-horni-lem;-98.75;-71.20408630371094;9.439998626708984;98.75;23.050148010253906;11.439998626708984;bins;"Digitální měření modelu; fyzická přesnost detailů neověřená."
4932471065;prihradka-2-delic-0;31.41666603088379;-68.95408630371094;-13.299999237060547;32.91666793823242;20.800148010253906;8.091999053955078;bins;"Digitální měření modelu; fyzická přesnost detailů neověřená."
4932471065;prihradka-2-delic-1;-32.91666793823242;-68.95408630371094;-13.299999237060547;-31.41666603088379;20.800148010253906;8.091999053955078;bins;"Digitální měření modelu; fyzická přesnost detailů neověřená."
4932471065;prihradka-2-vodici-zebro--1-0;94.6500015258789;-54.7814826965332;-13.299999237060547;96.3499984741211;-49.625;0.6048011779785156;bins;"Digitální měření modelu; fyzická přesnost detailů neověřená."
4932471065;prihradka-2-vodici-zebro--1-1;94.6500015258789;-36.030635833740234;-13.299999237060547;96.3499984741211;-30.87415313720703;0.6048011779785156;bins;"Digitální měření modelu; fyzická přesnost detailů neověřená."
4932471065;prihradka-2-vodici-zebro--1-2;94.6500015258789;-17.279787063598633;-13.299999237060547;96.3499984741211;-12.12330436706543;0.6048011779785156;bins;"Digitální měření modelu; fyzická přesnost detailů neověřená."
4932471065;prihradka-2-vodici-zebro--1-3;94.6500015258789;1.4710595607757568;-13.299999237060547;96.3499984741211;6.627542495727539;0.6048011779785156;bins;"Digitální měření modelu; fyzická přesnost detailů neověřená."
4932471065;prihradka-2-vodici-zebro-1-0;-96.3499984741211;-54.7814826965332;-13.299999237060547;-94.6500015258789;-49.625;0.6048011779785156;bins;"Digitální měření modelu; fyzická přesnost detailů neověřená."
4932471065;prihradka-2-vodici-zebro-1-1;-96.3499984741211;-36.030635833740234;-13.299999237060547;-94.6500015258789;-30.87415313720703;0.6048011779785156;bins;"Digitální měření modelu; fyzická přesnost detailů neověřená."
4932471065;prihradka-2-vodici-zebro-1-2;-96.3499984741211;-17.279787063598633;-13.299999237060547;-94.6500015258789;-12.12330436706543;0.6048011779785156;bins;"Digitální měření modelu; fyzická přesnost detailů neověřená."
4932471065;prihradka-2-vodici-zebro-1-3;-96.3499984741211;1.4710595607757568;-13.299999237060547;-94.6500015258789;6.627542495727539;0.6048011779785156;bins;"Digitální měření modelu; fyzická přesnost detailů neověřená."
4932471065;prihradka-3-dno;2.0;-175.35069274902344;-15.299999237060547;96.5;-76.02188873291016;-13.299999237060547;bins;"Digitální měření modelu; fyzická přesnost detailů neověřená."
4932471065;prihradka-3-duta-stena;2.0;-175.35069274902344;-13.299999237060547;96.5;-76.02188873291016;11.439998626708984;bins;"Digitální měření modelu; fyzická přesnost detailů neověřená."
4932471065;prihradka-3-horni-lem;1.75;-175.60069274902344;9.439998626708984;96.75;-75.77188873291016;11.439998626708984;bins;"Digitální měření modelu; fyzická přesnost detailů neověřená."
4932471065;prihradka-3-delic-0;48.5;-173.35069274902344;-13.299999237060547;50.0;-78.02188873291016;8.091999053955078;bins;"Digitální měření modelu; fyzická přesnost detailů neověřená."
4932471065;prihradka-3-vodici-zebro--1-0;92.6500015258789;-138.35072326660156;-13.299999237060547;94.3499984741211;-132.88763427734375;0.6048011779785156;bins;"Digitální měření modelu; fyzická přesnost detailů neověřená."
4932471065;prihradka-3-vodici-zebro--1-1;92.6500015258789;-118.48495483398438;-13.299999237060547;94.3499984741211;-113.02186584472656;0.6048011779785156;bins;"Digitální měření modelu; fyzická přesnost detailů neověřená."
4932471065;prihradka-3-vodici-zebro-1-0;4.150000095367432;-138.35072326660156;-13.299999237060547;5.849999904632568;-132.88763427734375;0.6048011779785156;bins;"Digitální měření modelu; fyzická přesnost detailů neověřená."
4932471065;prihradka-3-vodici-zebro-1-1;4.150000095367432;-118.48495483398438;-13.299999237060547;5.849999904632568;-113.02186584472656;0.6048011779785156;bins;"Digitální měření modelu; fyzická přesnost detailů neověřená."
4932471065;prihradka-4-dno;-96.5;-175.35069274902344;-15.299999237060547;-2.0;-76.02188873291016;-13.299999237060547;bins;"Digitální měření modelu; fyzická přesnost detailů neověřená."
4932471065;prihradka-4-duta-stena;-96.5;-175.35069274902344;-13.299999237060547;-2.0;-76.02188873291016;11.439998626708984;bins;"Digitální měření modelu; fyzická přesnost detailů neověřená."
4932471065;prihradka-4-horni-lem;-96.75;-175.60069274902344;9.439998626708984;-1.75;-75.77188873291016;11.439998626708984;bins;"Digitální měření modelu; fyzická přesnost detailů neověřená."
4932471065;prihradka-4-delic-0;-50.0;-173.35069274902344;-13.299999237060547;-48.5;-78.02188873291016;8.091999053955078;bins;"Digitální měření modelu; fyzická přesnost detailů neověřená."
4932471065;prihradka-4-vodici-zebro--1-0;-5.849999904632568;-138.35072326660156;-13.299999237060547;-4.150000095367432;-132.88763427734375;0.6048011779785156;bins;"Digitální měření modelu; fyzická přesnost detailů neověřená."
4932471065;prihradka-4-vodici-zebro--1-1;-5.849999904632568;-118.48495483398438;-13.299999237060547;-4.150000095367432;-113.02186584472656;0.6048011779785156;bins;"Digitální měření modelu; fyzická přesnost detailů neověřená."
4932471065;prihradka-4-vodici-zebro-1-0;-94.3499984741211;-138.35072326660156;-13.299999237060547;-92.6500015258789;-132.88763427734375;0.6048011779785156;bins;"Digitální měření modelu; fyzická přesnost detailů neověřená."
4932471065;prihradka-4-vodici-zebro-1-1;-94.3499984741211;-118.48495483398438;-13.299999237060547;-92.6500015258789;-113.02186584472656;0.6048011779785156;bins;"Digitální měření modelu; fyzická přesnost detailů neověřená."
4932471065;viko-nosny-okraj;-123.5;-204.5;13.439998626708984;123.5;169.51016235351562;30.0;lid;"Digitální měření modelu; fyzická přesnost detailů neověřená."
4932471065;viko-tesneni;-106.0;-182.85069274902344;13.34000015258789;106.0;131.14930725097656;14.84000015258789;lid;"Digitální měření modelu; fyzická přesnost detailů neověřená."
4932471065;viko-panel;-119.5;-200.5;30.0;119.5;165.51016235351562;31.599998474121094;lid;"Digitální měření modelu; fyzická přesnost detailů neověřená."
4932471065;viko-prolis-0;2.396974915238161e-15;27.895065307617188;27.91680145263672;98.5;125.64929962158203;32.0;lid;"Digitální měření modelu; fyzická přesnost detailů neověřená."
4932471065;viko-okno-0;5.5;33.39506530761719;31.200000762939453;93.0;120.14929962158203;32.0;lid;"Digitální měření modelu; fyzická přesnost detailů neověřená."
4932471065;viko-plastve-0;19.3799991607666;34.285587310791016;31.650001525878906;84.55999755859375;105.79618835449219;31.650001525878906;lid;"Digitální měření modelu; fyzická přesnost detailů neověřená."
4932471065;viko-prolis-1;-98.5;27.895065307617188;27.91680145263672;7.004906146102071e-15;125.64929962158203;32.0;lid;"Digitální měření modelu; fyzická přesnost detailů neověřená."
4932471065;viko-okno-1;-93.0;33.39506530761719;31.200000762939453;-5.5;120.14929962158203;32.0;lid;"Digitální měření modelu; fyzická přesnost detailů neověřená."
4932471065;viko-plastve-1;-79.12000274658203;34.285587310791016;31.650001525878906;-13.9399995803833;105.79618835449219;31.650001525878906;lid;"Digitální měření modelu; fyzická přesnost detailů neověřená."
4932471065;viko-prolis-2;-100.5;-72.95408630371094;27.91680145263672;100.5;24.800148010253906;32.0;lid;"Digitální měření modelu; fyzická přesnost detailů neověřená."
4932471065;viko-okno-2;-95.0;-67.45408630371094;31.200000762939453;95.0;19.300148010253906;32.0;lid;"Digitální měření modelu; fyzická přesnost detailů neověřená."
4932471065;viko-plastve-2;-82.62000274658203;-66.56356811523438;31.650001525878906;86.55999755859375;4.9470391273498535;31.650001525878906;lid;"Digitální měření modelu; fyzická přesnost detailů neověřená."
4932471065;viko-prolis-3;-1.0165223765274019e-14;-177.35069274902344;27.91680145263672;98.5;-74.02188873291016;32.0;lid;"Digitální měření modelu; fyzická přesnost detailů neověřená."
4932471065;viko-okno-3;5.5;-171.85069274902344;31.200000762939453;93.0;-79.52188873291016;32.0;lid;"Digitální měření modelu; fyzická přesnost detailů neověřená."
4932471065;viko-plastve-3;19.3799991607666;-170.96017456054688;31.650001525878906;84.55999755859375;-88.19123840332031;31.650001525878906;lid;"Digitální měření modelu; fyzická přesnost detailů neověřená."
4932471065;viko-prolis-4;-98.5;-177.35069274902344;27.91680145263672;-5.226907756850042e-15;-74.02188873291016;32.0;lid;"Digitální měření modelu; fyzická přesnost detailů neověřená."
4932471065;viko-okno-4;-93.0;-171.85069274902344;31.200000762939453;-5.5;-79.52188873291016;32.0;lid;"Digitální měření modelu; fyzická přesnost detailů neověřená."
4932471065;viko-plastve-4;-79.12000274658203;-170.96017456054688;31.650001525878906;-13.9399995803833;-88.19123840332031;31.650001525878906;lid;"Digitální měření modelu; fyzická přesnost detailů neověřená."
4932471065;viko-celni-zebro-0;101.0227279663086;157.51016235351562;13.439998626708984;103.5227279663086;165.51016235351562;25.318401336669922;lid;"Digitální měření modelu; fyzická přesnost detailů neověřená."
4932471065;viko-celni-zebro-1;80.56818389892578;157.51016235351562;13.439998626708984;83.06818389892578;165.51016235351562;25.318401336669922;lid;"Digitální měření modelu; fyzická přesnost detailů neověřená."
4932471065;viko-celni-zebro-2;60.1136360168457;157.51016235351562;13.439998626708984;62.6136360168457;165.51016235351562;25.318401336669922;lid;"Digitální měření modelu; fyzická přesnost detailů neověřená."
4932471065;viko-celni-zebro-3;39.65909194946289;157.51016235351562;13.439998626708984;42.15909194946289;165.51016235351562;25.318401336669922;lid;"Digitální měření modelu; fyzická přesnost detailů neověřená."
4932471065;viko-celni-zebro-4;19.204545974731445;157.51016235351562;13.439998626708984;21.704545974731445;165.51016235351562;25.318401336669922;lid;"Digitální měření modelu; fyzická přesnost detailů neověřená."
4932471065;viko-celni-zebro-5;-1.25;157.51016235351562;13.439998626708984;1.25;165.51016235351562;25.318401336669922;lid;"Digitální měření modelu; fyzická přesnost detailů neověřená."
4932471065;viko-celni-zebro-6;-21.704545974731445;157.51016235351562;13.439998626708984;-19.204545974731445;165.51016235351562;25.318401336669922;lid;"Digitální měření modelu; fyzická přesnost detailů neověřená."
4932471065;viko-celni-zebro-7;-42.15909194946289;157.51016235351562;13.439998626708984;-39.65909194946289;165.51016235351562;25.318401336669922;lid;"Digitální měření modelu; fyzická přesnost detailů neověřená."
4932471065;viko-celni-zebro-8;-62.6136360168457;157.51016235351562;13.439998626708984;-60.1136360168457;165.51016235351562;25.318401336669922;lid;"Digitální měření modelu; fyzická přesnost detailů neověřená."
4932471065;viko-celni-zebro-9;-83.06818389892578;157.51016235351562;13.439998626708984;-80.56818389892578;165.51016235351562;25.318401336669922;lid;"Digitální měření modelu; fyzická přesnost detailů neověřená."
4932471065;viko-celni-zebro-10;-103.5227279663086;157.51016235351562;13.439998626708984;-101.0227279663086;165.51016235351562;25.318401336669922;lid;"Digitální měření modelu; fyzická přesnost detailů neověřená."
4932471065;pant-vika-0;77.28571319580078;-201.5;12.439998626708984;93.28571319580078;-195.5;18.439998626708984;lid;"Digitální měření modelu; fyzická přesnost detailů neověřená."
4932471065;pant-vika-kotveni-0;76.28571319580078;-200.0;9.439998626708984;94.28571319580078;-193.0;16.439998626708984;fixed;"Digitální měření modelu; fyzická přesnost detailů neověřená."
4932471065;pant-vika-1;48.85714340209961;-201.5;12.439998626708984;64.85713958740234;-195.5;18.439998626708984;lid;"Digitální měření modelu; fyzická přesnost detailů neověřená."
4932471065;pant-vika-kotveni-1;47.85714340209961;-200.0;9.439998626708984;65.85713958740234;-193.0;16.439998626708984;fixed;"Digitální měření modelu; fyzická přesnost detailů neověřená."
4932471065;pant-vika-2;20.428571701049805;-201.5;12.439998626708984;36.42856979370117;-195.5;18.439998626708984;lid;"Digitální měření modelu; fyzická přesnost detailů neověřená."
4932471065;pant-vika-kotveni-2;19.428571701049805;-200.0;9.439998626708984;37.42856979370117;-193.0;16.439998626708984;fixed;"Digitální měření modelu; fyzická přesnost detailů neověřená."
4932471065;pant-vika-3;-8.0;-201.5;12.439998626708984;8.0;-195.5;18.439998626708984;lid;"Digitální měření modelu; fyzická přesnost detailů neověřená."
4932471065;pant-vika-kotveni-3;-9.0;-200.0;9.439998626708984;9.0;-193.0;16.439998626708984;fixed;"Digitální měření modelu; fyzická přesnost detailů neověřená."
4932471065;pant-vika-4;-36.42856979370117;-201.5;12.439998626708984;-20.428571701049805;-195.5;18.439998626708984;lid;"Digitální měření modelu; fyzická přesnost detailů neověřená."
4932471065;pant-vika-kotveni-4;-37.42856979370117;-200.0;9.439998626708984;-19.428571701049805;-193.0;16.439998626708984;fixed;"Digitální měření modelu; fyzická přesnost detailů neověřená."
4932471065;pant-vika-5;-64.85713958740234;-201.5;12.439998626708984;-48.85714340209961;-195.5;18.439998626708984;lid;"Digitální měření modelu; fyzická přesnost detailů neověřená."
4932471065;pant-vika-kotveni-5;-65.85713958740234;-200.0;9.439998626708984;-47.85714340209961;-193.0;16.439998626708984;fixed;"Digitální měření modelu; fyzická přesnost detailů neověřená."
4932471065;pant-vika-6;-93.28571319580078;-201.5;12.439998626708984;-77.28571319580078;-195.5;18.439998626708984;lid;"Digitální měření modelu; fyzická přesnost detailů neověřená."
4932471065;pant-vika-kotveni-6;-94.28571319580078;-200.0;9.439998626708984;-76.28571319580078;-193.0;16.439998626708984;fixed;"Digitální měření modelu; fyzická přesnost detailů neověřená."
4932471065;viko-oznaceni-MILWAUKEE;-45.8025016784668;-24.37247085571289;31.779998779296875;45.8025016784668;-12.103309631347656;31.90999984741211;lid;"Digitální měření modelu; fyzická přesnost detailů neověřená."
4932471065;viko-oznaceni-PACKOUT;-25.854476928710938;-17.286972045898438;31.779998779296875;25.854476928710938;-8.66881275177002;31.90999984741211;lid;"Digitální měření modelu; fyzická přesnost detailů neověřená."
4932471065;drzadlo-otevreny-uchop;-82.16999816894531;186.5;-11.263999938964844;82.16999816894531;205.5;5.375999450683594;fixed;"Digitální měření modelu; fyzická přesnost detailů neověřená."
4932471065;drzadlo-celni-rameno--1;59.984100341796875;161.1099090576172;-12.288000106811523;82.16999816894531;205.5;8.192001342773438;fixed;"Digitální měření modelu; fyzická přesnost detailů neověřená."
4932471065;drzadlo-celni-rameno-1;-82.16999816894531;161.1099090576172;-12.288000106811523;-59.984100341796875;205.5;8.192001342773438;fixed;"Digitální měření modelu; fyzická přesnost detailů neověřená."
4932471065;PACKOUT-celni-odjistovaci-tlacitko;-16.43400001525879;181.64999389648438;-5.120000839233398;16.43400001525879;187.35000610351562;7.680000305175781;fixed;"Digitální měření modelu; fyzická přesnost detailů neověřená."
4932471065;zapadka-zaklad--1;75.32250213623047;161.1099090576172;-17.663999557495117;108.9375;171.1099090576172;16.895999908447266;fixed;"Digitální měření modelu; fyzická přesnost detailů neověřená."
4932471065;zapadka-cervena--1;78.34784698486328;166.6099090576172;-17.663999557495117;105.91214752197266;173.6099090576172;4.454399108886719;fixed;"Digitální měření modelu; fyzická přesnost detailů neověřená."
4932471065;zapadka-cerveny-prst--1-0;100.02952575683594;172.6099090576172;-1.0751991271972656;103.39102172851562;175.6099090576172;8.256000518798828;fixed;"Digitální měření modelu; fyzická přesnost detailů neověřená."
4932471065;zapadka-cerveny-prst--1-1;93.6426773071289;172.6099090576172;-1.0751991271972656;97.0041732788086;175.6099090576172;8.256000518798828;fixed;"Digitální měření modelu; fyzická přesnost detailů neověřená."
4932471065;zapadka-cerveny-prst--1-2;87.25582122802734;172.6099090576172;-1.0751991271972656;90.61732482910156;175.6099090576172;8.256000518798828;fixed;"Digitální měření modelu; fyzická přesnost detailů neověřená."
4932471065;zapadka-cerveny-prst--1-3;80.86897277832031;172.6099090576172;-1.0751991271972656;84.23047637939453;175.6099090576172;8.256000518798828;fixed;"Digitální měření modelu; fyzická přesnost detailů neověřená."
4932471065;zapadka-vroubek--1-0;79.86052703857422;176.50991821289062;-14.899200439453125;104.39947509765625;177.7099151611328;-13.689599990844727;fixed;"Digitální měření modelu; fyzická přesnost detailů neověřená."
4932471065;zapadka-vroubek--1-1;79.86052703857422;176.50991821289062;-12.479999542236328;104.39947509765625;177.7099151611328;-11.27039909362793;fixed;"Digitální měření modelu; fyzická přesnost detailů neověřená."
4932471065;zapadka-vroubek--1-2;79.86052703857422;176.50991821289062;-10.060800552368164;104.39947509765625;177.7099151611328;-8.851200103759766;fixed;"Digitální měření modelu; fyzická přesnost detailů neověřená."
4932471065;zapadka-kov-levy--1;106.86519622802734;174.7099151611328;-12.825599670410156;109.66519927978516;177.50991821289062;14.13119888305664;fixed;"Digitální měření modelu; fyzická přesnost detailů neověřená."
4932471065;zapadka-kov-pravy--1;74.59480285644531;174.7099151611328;-12.825599670410156;77.3947982788086;177.50991821289062;14.13119888305664;fixed;"Digitální měření modelu; fyzická přesnost detailů neověřená."
4932471065;zapadka-kov-mustek--1;75.99479675292969;174.7099151611328;12.731201171875;108.26519775390625;177.50991821289062;15.531200408935547;fixed;"Digitální měření modelu; fyzická přesnost detailů neověřená."
4932471065;zapadka-ciry-horni-kryt--1;75.32250213623047;168.1099090576172;10.439998626708984;108.9375;176.1099090576172;18.439998626708984;lid;"Digitální měření modelu; fyzická přesnost detailů neověřená."
4932471065;zapadka-zaklad-1;-108.9375;161.1099090576172;-17.663999557495117;-75.32250213623047;171.1099090576172;16.895999908447266;fixed;"Digitální měření modelu; fyzická přesnost detailů neověřená."
4932471065;zapadka-cervena-1;-105.91214752197266;166.6099090576172;-17.663999557495117;-78.34784698486328;173.6099090576172;4.454399108886719;fixed;"Digitální měření modelu; fyzická přesnost detailů neověřená."
4932471065;zapadka-cerveny-prst-1-0;-84.23047637939453;172.6099090576172;-1.0751991271972656;-80.86897277832031;175.6099090576172;8.256000518798828;fixed;"Digitální měření modelu; fyzická přesnost detailů neověřená."
4932471065;zapadka-cerveny-prst-1-1;-90.61732482910156;172.6099090576172;-1.0751991271972656;-87.25582122802734;175.6099090576172;8.256000518798828;fixed;"Digitální měření modelu; fyzická přesnost detailů neověřená."
4932471065;zapadka-cerveny-prst-1-2;-97.0041732788086;172.6099090576172;-1.0751991271972656;-93.6426773071289;175.6099090576172;8.256000518798828;fixed;"Digitální měření modelu; fyzická přesnost detailů neověřená."
4932471065;zapadka-cerveny-prst-1-3;-103.39102172851562;172.6099090576172;-1.0751991271972656;-100.02952575683594;175.6099090576172;8.256000518798828;fixed;"Digitální měření modelu; fyzická přesnost detailů neověřená."
4932471065;zapadka-vroubek-1-0;-104.39947509765625;176.50991821289062;-14.899200439453125;-79.86052703857422;177.7099151611328;-13.689599990844727;fixed;"Digitální měření modelu; fyzická přesnost detailů neověřená."
4932471065;zapadka-vroubek-1-1;-104.39947509765625;176.50991821289062;-12.479999542236328;-79.86052703857422;177.7099151611328;-11.27039909362793;fixed;"Digitální měření modelu; fyzická přesnost detailů neověřená."
4932471065;zapadka-vroubek-1-2;-104.39947509765625;176.50991821289062;-10.060800552368164;-79.86052703857422;177.7099151611328;-8.851200103759766;fixed;"Digitální měření modelu; fyzická přesnost detailů neověřená."
4932471065;zapadka-kov-levy-1;-77.3947982788086;174.7099151611328;-12.825599670410156;-74.59480285644531;177.50991821289062;14.13119888305664;fixed;"Digitální měření modelu; fyzická přesnost detailů neověřená."
4932471065;zapadka-kov-pravy-1;-109.66519927978516;174.7099151611328;-12.825599670410156;-106.86519622802734;177.50991821289062;14.13119888305664;fixed;"Digitální měření modelu; fyzická přesnost detailů neověřená."
4932471065;zapadka-kov-mustek-1;-108.26519775390625;174.7099151611328;12.731201171875;-75.99479675292969;177.50991821289062;15.531200408935547;fixed;"Digitální měření modelu; fyzická přesnost detailů neověřená."
4932471065;zapadka-ciry-horni-kryt-1;-108.9375;168.1099090576172;10.439998626708984;-75.32250213623047;176.1099090576172;18.439998626708984;lid;"Digitální měření modelu; fyzická přesnost detailů neověřená."
4932471065;PACKOUT-spodni-odjistovaci-tlacitko;-9.0;149.1099090576172;-28.799999237060547;9.0;157.1099090576172;-16.0;fixed;"Digitální měření modelu; fyzická přesnost detailů neověřená."
4932471065;PACKOUT-spodni-patka-0-0;38.595001220703125;-150.0384979248047;-32.0;85.90499877929688;-110.55743408203125;-28.799999237060547;fixed;"Digitální měření modelu; fyzická přesnost detailů neověřená."
4932471065;PACKOUT-spodni-zub-0-0;43.32600021362305;-118.84845733642578;-32.0;81.17399597167969;-111.74186706542969;-30.719999313354492;fixed;"Digitální měření modelu; fyzická přesnost detailů neověřená."
4932471065;PACKOUT-spodni-prolis-0-0-0;76.91609954833984;-119.51483154296875;-31.68000030517578;80.70089721679688;-106.09127044677734;-31.29599952697754;fixed;"Digitální měření modelu; fyzická přesnost detailů neověřená."
4932471065;PACKOUT-spodni-prolis-0-0-1;70.2927017211914;-119.51483154296875;-31.68000030517578;74.07749938964844;-106.09127044677734;-31.29599952697754;fixed;"Digitální měření modelu; fyzická přesnost detailů neověřená."
4932471065;PACKOUT-spodni-prolis-0-0-2;63.6693000793457;-119.51483154296875;-31.68000030517578;67.4541015625;-106.09127044677734;-31.29599952697754;fixed;"Digitální měření modelu; fyzická přesnost detailů neověřená."
4932471065;PACKOUT-spodni-prolis-0-0-3;57.0458984375;-119.51483154296875;-31.68000030517578;60.8306999206543;-106.09127044677734;-31.29599952697754;fixed;"Digitální měření modelu; fyzická přesnost detailů neověřená."
4932471065;PACKOUT-spodni-prolis-0-0-4;50.42250061035156;-119.51483154296875;-31.68000030517578;54.207298278808594;-106.09127044677734;-31.29599952697754;fixed;"Digitální měření modelu; fyzická přesnost detailů neověřená."
4932471065;PACKOUT-spodni-prolis-0-0-5;43.79909896850586;-119.51483154296875;-31.68000030517578;47.583900451660156;-106.09127044677734;-31.29599952697754;fixed;"Digitální měření modelu; fyzická přesnost detailů neověřená."
4932471065;PACKOUT-spodni-patka-0-1;-85.90499877929688;-150.0384979248047;-32.0;-38.595001220703125;-110.55743408203125;-28.799999237060547;fixed;"Digitální měření modelu; fyzická přesnost detailů neověřená."
4932471065;PACKOUT-spodni-zub-0-1;-81.17399597167969;-118.84845733642578;-32.0;-43.32600021362305;-111.74186706542969;-30.719999313354492;fixed;"Digitální měření modelu; fyzická přesnost detailů neověřená."
4932471065;PACKOUT-spodni-prolis-0-1-0;-47.583900451660156;-119.51483154296875;-31.68000030517578;-43.79909896850586;-106.09127044677734;-31.29599952697754;fixed;"Digitální měření modelu; fyzická přesnost detailů neověřená."
4932471065;PACKOUT-spodni-prolis-0-1-1;-54.207298278808594;-119.51483154296875;-31.68000030517578;-50.42250061035156;-106.09127044677734;-31.29599952697754;fixed;"Digitální měření modelu; fyzická přesnost detailů neověřená."
4932471065;PACKOUT-spodni-prolis-0-1-2;-60.8306999206543;-119.51483154296875;-31.68000030517578;-57.0458984375;-106.09127044677734;-31.29599952697754;fixed;"Digitální měření modelu; fyzická přesnost detailů neověřená."
4932471065;PACKOUT-spodni-prolis-0-1-3;-67.4541015625;-119.51483154296875;-31.68000030517578;-63.6693000793457;-106.09127044677734;-31.29599952697754;fixed;"Digitální měření modelu; fyzická přesnost detailů neověřená."
4932471065;PACKOUT-spodni-prolis-0-1-4;-74.07749938964844;-119.51483154296875;-31.68000030517578;-70.2927017211914;-106.09127044677734;-31.29599952697754;fixed;"Digitální měření modelu; fyzická přesnost detailů neověřená."
4932471065;PACKOUT-spodni-prolis-0-1-5;-80.70089721679688;-119.51483154296875;-31.68000030517578;-76.91609954833984;-106.09127044677734;-31.29599952697754;fixed;"Digitální měření modelu; fyzická přesnost detailů neověřená."
4932471065;PACKOUT-spodni-patka-1-0;38.595001220703125;-37.235450744628906;-32.0;85.90499877929688;2.245615005493164;-28.799999237060547;fixed;"Digitální měření modelu; fyzická přesnost detailů neověřená."
4932471065;PACKOUT-spodni-zub-1-0;43.32600021362305;-6.045409202575684;-32.0;81.17399597167969;1.0611820220947266;-30.719999313354492;fixed;"Digitální měření modelu; fyzická přesnost detailů neověřená."
4932471065;PACKOUT-spodni-prolis-1-0-0;76.91609954833984;-6.7117815017700195;-31.68000030517578;80.70089721679688;6.7117815017700195;-31.29599952697754;fixed;"Digitální měření modelu; fyzická přesnost detailů neověřená."
4932471065;PACKOUT-spodni-prolis-1-0-1;70.2927017211914;-6.7117815017700195;-31.68000030517578;74.07749938964844;6.7117815017700195;-31.29599952697754;fixed;"Digitální měření modelu; fyzická přesnost detailů neověřená."
4932471065;PACKOUT-spodni-prolis-1-0-2;63.6693000793457;-6.7117815017700195;-31.68000030517578;67.4541015625;6.7117815017700195;-31.29599952697754;fixed;"Digitální měření modelu; fyzická přesnost detailů neověřená."
4932471065;PACKOUT-spodni-prolis-1-0-3;57.0458984375;-6.7117815017700195;-31.68000030517578;60.8306999206543;6.7117815017700195;-31.29599952697754;fixed;"Digitální měření modelu; fyzická přesnost detailů neověřená."
4932471065;PACKOUT-spodni-prolis-1-0-4;50.42250061035156;-6.7117815017700195;-31.68000030517578;54.207298278808594;6.7117815017700195;-31.29599952697754;fixed;"Digitální měření modelu; fyzická přesnost detailů neověřená."
4932471065;PACKOUT-spodni-prolis-1-0-5;43.79909896850586;-6.7117815017700195;-31.68000030517578;47.583900451660156;6.7117815017700195;-31.29599952697754;fixed;"Digitální měření modelu; fyzická přesnost detailů neověřená."
4932471065;PACKOUT-spodni-patka-1-1;-85.90499877929688;-37.235450744628906;-32.0;-38.595001220703125;2.245615005493164;-28.799999237060547;fixed;"Digitální měření modelu; fyzická přesnost detailů neověřená."
4932471065;PACKOUT-spodni-zub-1-1;-81.17399597167969;-6.045409202575684;-32.0;-43.32600021362305;1.0611820220947266;-30.719999313354492;fixed;"Digitální měření modelu; fyzická přesnost detailů neověřená."
4932471065;PACKOUT-spodni-prolis-1-1-0;-47.583900451660156;-6.7117815017700195;-31.68000030517578;-43.79909896850586;6.7117815017700195;-31.29599952697754;fixed;"Digitální měření modelu; fyzická přesnost detailů neověřená."
4932471065;PACKOUT-spodni-prolis-1-1-1;-54.207298278808594;-6.7117815017700195;-31.68000030517578;-50.42250061035156;6.7117815017700195;-31.29599952697754;fixed;"Digitální měření modelu; fyzická přesnost detailů neověřená."
4932471065;PACKOUT-spodni-prolis-1-1-2;-60.8306999206543;-6.7117815017700195;-31.68000030517578;-57.0458984375;6.7117815017700195;-31.29599952697754;fixed;"Digitální měření modelu; fyzická přesnost detailů neověřená."
4932471065;PACKOUT-spodni-prolis-1-1-3;-67.4541015625;-6.7117815017700195;-31.68000030517578;-63.6693000793457;6.7117815017700195;-31.29599952697754;fixed;"Digitální měření modelu; fyzická přesnost detailů neověřená."
4932471065;PACKOUT-spodni-prolis-1-1-4;-74.07749938964844;-6.7117815017700195;-31.68000030517578;-70.2927017211914;6.7117815017700195;-31.29599952697754;fixed;"Digitální měření modelu; fyzická přesnost detailů neověřená."
4932471065;PACKOUT-spodni-prolis-1-1-5;-80.70089721679688;-6.7117815017700195;-31.68000030517578;-76.91609954833984;6.7117815017700195;-31.29599952697754;fixed;"Digitální měření modelu; fyzická přesnost detailů neověřená."
4932471065;PACKOUT-spodni-patka-2-0;38.595001220703125;75.56759643554688;-32.0;85.90499877929688;115.04866027832031;-28.799999237060547;fixed;"Digitální měření modelu; fyzická přesnost detailů neověřená."
4932471065;PACKOUT-spodni-zub-2-0;43.32600021362305;106.75763702392578;-32.0;81.17399597167969;113.86422729492188;-30.719999313354492;fixed;"Digitální měření modelu; fyzická přesnost detailů neověřená."
4932471065;PACKOUT-spodni-prolis-2-0-0;76.91609954833984;106.09127044677734;-31.68000030517578;80.70089721679688;119.51483154296875;-31.29599952697754;fixed;"Digitální měření modelu; fyzická přesnost detailů neověřená."
4932471065;PACKOUT-spodni-prolis-2-0-1;70.2927017211914;106.09127044677734;-31.68000030517578;74.07749938964844;119.51483154296875;-31.29599952697754;fixed;"Digitální měření modelu; fyzická přesnost detailů neověřená."
4932471065;PACKOUT-spodni-prolis-2-0-2;63.6693000793457;106.09127044677734;-31.68000030517578;67.4541015625;119.51483154296875;-31.29599952697754;fixed;"Digitální měření modelu; fyzická přesnost detailů neověřená."
4932471065;PACKOUT-spodni-prolis-2-0-3;57.0458984375;106.09127044677734;-31.68000030517578;60.8306999206543;119.51483154296875;-31.29599952697754;fixed;"Digitální měření modelu; fyzická přesnost detailů neověřená."
4932471065;PACKOUT-spodni-prolis-2-0-4;50.42250061035156;106.09127044677734;-31.68000030517578;54.207298278808594;119.51483154296875;-31.29599952697754;fixed;"Digitální měření modelu; fyzická přesnost detailů neověřená."
4932471065;PACKOUT-spodni-prolis-2-0-5;43.79909896850586;106.09127044677734;-31.68000030517578;47.583900451660156;119.51483154296875;-31.29599952697754;fixed;"Digitální měření modelu; fyzická přesnost detailů neověřená."
4932471065;PACKOUT-spodni-patka-2-1;-85.90499877929688;75.56759643554688;-32.0;-38.595001220703125;115.04866027832031;-28.799999237060547;fixed;"Digitální měření modelu; fyzická přesnost detailů neověřená."
4932471065;PACKOUT-spodni-zub-2-1;-81.17399597167969;106.75763702392578;-32.0;-43.32600021362305;113.86422729492188;-30.719999313354492;fixed;"Digitální měření modelu; fyzická přesnost detailů neověřená."
4932471065;PACKOUT-spodni-prolis-2-1-0;-47.583900451660156;106.09127044677734;-31.68000030517578;-43.79909896850586;119.51483154296875;-31.29599952697754;fixed;"Digitální měření modelu; fyzická přesnost detailů neověřená."
4932471065;PACKOUT-spodni-prolis-2-1-1;-54.207298278808594;106.09127044677734;-31.68000030517578;-50.42250061035156;119.51483154296875;-31.29599952697754;fixed;"Digitální měření modelu; fyzická přesnost detailů neověřená."
4932471065;PACKOUT-spodni-prolis-2-1-2;-60.8306999206543;106.09127044677734;-31.68000030517578;-57.0458984375;119.51483154296875;-31.29599952697754;fixed;"Digitální měření modelu; fyzická přesnost detailů neověřená."
4932471065;PACKOUT-spodni-prolis-2-1-3;-67.4541015625;106.09127044677734;-31.68000030517578;-63.6693000793457;119.51483154296875;-31.29599952697754;fixed;"Digitální měření modelu; fyzická přesnost detailů neověřená."
4932471065;PACKOUT-spodni-prolis-2-1-4;-74.07749938964844;106.09127044677734;-31.68000030517578;-70.2927017211914;119.51483154296875;-31.29599952697754;fixed;"Digitální měření modelu; fyzická přesnost detailů neověřená."
4932471065;PACKOUT-spodni-prolis-2-1-5;-80.70089721679688;106.09127044677734;-31.68000030517578;-76.91609954833984;119.51483154296875;-31.29599952697754;fixed;"Digitální měření modelu; fyzická přesnost detailů neověřená."
4932471723;patka--1--1;92.12999725341797;-204.3000030517578;-165.0;123.30000305175781;-153.40574645996094;-153.0;fixed;"Digitální měření modelu; fyzická přesnost detailů neověřená."
4932471723;patka--1-1;-123.30000305175781;-204.3000030517578;-165.0;-92.12999725341797;-153.40574645996094;-153.0;fixed;"Digitální měření modelu; fyzická přesnost detailů neověřená."
4932471723;patka-1--1;92.12999725341797;143.13075256347656;-165.0;123.30000305175781;194.02500915527344;-153.0;fixed;"Digitální měření modelu; fyzická přesnost detailů neověřená."
4932471723;patka-1-1;-123.30000305175781;143.13075256347656;-165.0;-92.12999725341797;194.02500915527344;-153.0;fixed;"Digitální měření modelu; fyzická přesnost detailů neověřená."
4932471723;telo-dno;-124.5;-205.5;-153.0;124.5;195.22500610351562;-134.0;fixed;"Digitální měření modelu; fyzická přesnost detailů neověřená."
4932471723;telo-duta-stena;-124.5;-205.5;-134.0;124.5;195.22500610351562;135.0;fixed;"Digitální měření modelu; fyzická přesnost detailů neověřená."
4932471723;roh-ochrana--1--1;115.78500366210938;-205.5;-153.0;124.5;-196.78500366210938;135.0;fixed;"Digitální měření modelu; fyzická přesnost detailů neověřená."
4932471723;roh-ochrana-1--1;115.78500366210938;186.50999450683594;-153.0;124.5;195.22500610351562;135.0;fixed;"Digitální měření modelu; fyzická přesnost detailů neověřená."
4932471723;roh-ochrana--1-1;-124.5;-205.5;-153.0;-115.78500366210938;-196.78500366210938;135.0;fixed;"Digitální měření modelu; fyzická přesnost detailů neověřená."
4932471723;roh-ochrana-1-1;-124.5;186.50999450683594;-153.0;-115.78500366210938;195.22500610351562;135.0;fixed;"Digitální měření modelu; fyzická přesnost detailů neověřená."
4932471723;bok-zebro--1--0.22;121.51200103759766;-97.7049789428711;-135.72000122070312;124.5;-88.88902282714844;83.16000366210938;fixed;"Digitální měření modelu; fyzická přesnost detailů neověřená."
4932471723;bok-zebro--1-0.22;121.51200103759766;78.61402130126953;-135.72000122070312;124.5;87.42997741699219;83.16000366210938;fixed;"Digitální měření modelu; fyzická přesnost detailů neověřená."
4932471723;bok-zebro-1--0.22;-124.5;-97.7049789428711;-135.72000122070312;-121.51200103759766;-88.88902282714844;83.16000366210938;fixed;"Digitální měření modelu; fyzická přesnost detailů neověřená."
4932471723;bok-zebro-1-0.22;-124.5;78.61402130126953;-135.72000122070312;-121.51200103759766;87.42997741699219;83.16000366210938;fixed;"Digitální měření modelu; fyzická přesnost detailů neověřená."
4932471723;celo-roh-ochrana--1;115.78500366210938;186.50999450683594;-153.0;124.5;205.5;135.0;fixed;"Digitální měření modelu; fyzická přesnost detailů neověřená."
4932471723;celo-roh-ochrana-1;-124.5;186.50999450683594;-153.0;-115.78500366210938;205.5;135.0;fixed;"Digitální měření modelu; fyzická přesnost detailů neověřená."
4932471723;viko-nosny-okraj;-124.5;-205.5;135.0;124.5;195.22500610351562;154.5;lid;"Digitální měření modelu; fyzická přesnost detailů neověřená."
4932471723;viko-panel;-120.5;-201.5;150.0;120.5;191.22500610351562;158.0;lid;"Digitální měření modelu; fyzická přesnost detailů neověřená."
4932471723;PACKOUT-horni-drazka--1--1;26.145000457763672;-149.39849853515625;158.0;90.88500213623047;-85.28250122070312;165.0;lid;"Digitální měření modelu; fyzická přesnost detailů neověřená."
4932471723;PACKOUT-horni-zamek--1--1;35.20859909057617;-96.82337951660156;162.54998779296875;81.82140350341797;-86.5648193359375;164.64999389648438;lid;"Digitální měření modelu; fyzická přesnost detailů neověřená."
4932471723;PACKOUT-horni-drazka--1-1;-90.88500213623047;-149.39849853515625;158.0;-26.145000457763672;-85.28250122070312;165.0;lid;"Digitální měření modelu; fyzická přesnost detailů neověřená."
4932471723;PACKOUT-horni-zamek--1-1;-81.82140350341797;-96.82337951660156;162.54998779296875;-35.20859909057617;-86.5648193359375;164.64999389648438;lid;"Digitální měření modelu; fyzická přesnost detailů neověřená."
4932471723;PACKOUT-horni-drazka-0--1;26.145000457763672;-37.195499420166016;158.0;90.88500213623047;26.92049789428711;165.0;lid;"Digitální měření modelu; fyzická přesnost detailů neověřená."
4932471723;PACKOUT-horni-zamek-0--1;35.20859909057617;15.379620552062988;162.54998779296875;81.82140350341797;25.638179779052734;164.64999389648438;lid;"Digitální měření modelu; fyzická přesnost detailů neověřená."
4932471723;PACKOUT-horni-drazka-0-1;-90.88500213623047;-37.195499420166016;158.0;-26.145000457763672;26.92049789428711;165.0;lid;"Digitální měření modelu; fyzická přesnost detailů neověřená."
4932471723;PACKOUT-horni-zamek-0-1;-81.82140350341797;15.379620552062988;162.54998779296875;-35.20859909057617;25.638179779052734;164.64999389648438;lid;"Digitální měření modelu; fyzická přesnost detailů neověřená."
4932471723;PACKOUT-horni-drazka-1--1;26.145000457763672;75.00750732421875;158.0;90.88500213623047;139.12350463867188;165.0;lid;"Digitální měření modelu; fyzická přesnost detailů neověřená."
4932471723;PACKOUT-horni-zamek-1--1;35.20859909057617;127.58262634277344;162.54998779296875;81.82140350341797;137.8411865234375;164.64999389648438;lid;"Digitální měření modelu; fyzická přesnost detailů neověřená."
4932471723;PACKOUT-horni-drazka-1-1;-90.88500213623047;75.00750732421875;158.0;-26.145000457763672;139.12350463867188;165.0;lid;"Digitální měření modelu; fyzická přesnost detailů neověřená."
4932471723;PACKOUT-horni-zamek-1-1;-81.82140350341797;127.58262634277344;162.54998779296875;-35.20859909057617;137.8411865234375;164.64999389648438;lid;"Digitální měření modelu; fyzická přesnost detailů neověřená."
4932471723;PACKOUT-lista--102.08999999999999;98.97750091552734;-179.45286560058594;158.0;105.20249938964844;169.17787170410156;161.5;lid;"Digitální měření modelu; fyzická přesnost detailů neověřená."
4932471723;PACKOUT-lista-102.08999999999999;-105.20249938964844;-179.45286560058594;158.0;-98.97750091552734;169.17787170410156;161.5;lid;"Digitální měření modelu; fyzická přesnost detailů neověřená."
4932471723;viko-prolis-obvod;-117.02999877929688;-193.47824096679688;158.0;117.02999877929688;183.2032470703125;160.45001220703125;lid;"Digitální měření modelu; fyzická přesnost detailů neověřená."
4932471723;PACKOUT-cervene-uvolneni;-8.092499732971191;54.971248626708984;158.0;8.092499732971191;79.01475524902344;160.45001220703125;lid;"Digitální měření modelu; fyzická přesnost detailů neověřená."
4932471723;viko-nosne-zebro--99.60000000000001;97.0999984741211;-177.44924926757812;156.0;102.0999984741211;167.17425537109375;165.0;lid;"Digitální měření modelu; fyzická přesnost detailů neověřená."
4932471723;viko-nosne-zebro-99.60000000000001;-102.0999984741211;-177.44924926757812;156.0;-97.0999984741211;167.17425537109375;165.0;lid;"Digitální měření modelu; fyzická přesnost detailů neověřená."
4932471723;pant-vika--64.74000000000001;52.7400016784668;-204.5;132.0;76.73999786376953;-198.5;138.0;lid;"Digitální měření modelu; fyzická přesnost detailů neověřená."
4932471723;pant-vika-kotveni--64.74000000000001;51.2400016784668;-205.0;130.0;78.23999786376953;-196.0;139.0;fixed;"Digitální měření modelu; fyzická přesnost detailů neověřená."
4932471723;pant-vika-64.74000000000001;-76.73999786376953;-204.5;132.0;-52.7400016784668;-198.5;138.0;lid;"Digitální měření modelu; fyzická přesnost detailů neověřená."
4932471723;pant-vika-kotveni-64.74000000000001;-78.23999786376953;-205.0;130.0;-51.2400016784668;-196.0;139.0;fixed;"Digitální měření modelu; fyzická přesnost detailů neověřená."
4932471723;zapadka-zaklad-0;-20.04450035095215;189.22500610351562;72.6300048828125;20.04450035095215;195.22500610351562;141.92999267578125;fixed;"Digitální měření modelu; fyzická přesnost detailů neověřená."
4932471723;zapadka-cervena-0;-15.634709358215332;195.22500610351562;72.6300048828125;15.634709358215332;199.4250030517578;116.98199462890625;fixed;"Digitální měření modelu; fyzická přesnost detailů neověřená."
4932471723;zapadka-zebro-0-0;8.218244552612305;199.36500549316406;96.19198608398438;12.227145195007324;200.80499267578125;115.59600830078125;fixed;"Digitální měření modelu; fyzická přesnost detailů neověřená."
4932471723;zapadka-zebro-0-1;1.403114914894104;199.36500549316406;96.19198608398438;5.412014961242676;200.80499267578125;115.59600830078125;fixed;"Digitální měření modelu; fyzická přesnost detailů neověřená."
4932471723;zapadka-zebro-0-2;-5.412014961242676;199.36500549316406;96.19198608398438;-1.403114914894104;200.80499267578125;115.59600830078125;fixed;"Digitální měření modelu; fyzická přesnost detailů neověřená."
4932471723;zapadka-zebro-0-3;-12.227145195007324;199.36500549316406;96.19198608398438;-8.218244552612305;200.80499267578125;115.59600830078125;fixed;"Digitální měření modelu; fyzická přesnost detailů neověřená."
4932471723;zapadka-kov-levy-0;16.939498901367188;198.0749969482422;92.03399658203125;23.149499893188477;200.77499389648438;138.46499633789062;fixed;"Digitální měření modelu; fyzická přesnost detailů neověřená."
4932471723;zapadka-kov-pravy-0;-23.149499893188477;198.0749969482422;92.03399658203125;-16.939498901367188;200.77499389648438;138.46499633789062;fixed;"Digitální měření modelu; fyzická přesnost detailů neověřená."
4932471723;zapadka-kov-mustek-0;-20.04450035095215;198.0749969482422;137.114990234375;20.04450035095215;200.77499389648438;139.81500244140625;fixed;"Digitální měření modelu; fyzická přesnost detailů neověřená."
4932471723;vyklopne-drzadlo-sklopene;-78.43499755859375;-30.825000762939453;160.0;78.43499755859375;20.549999237060547;165.0;handle;"Digitální měření modelu; fyzická přesnost detailů neověřená."
4932471723;drzadlo-horni-cep--1;66.43499755859375;-30.825000762939453;157.0;78.43499755859375;20.549999237060547;165.0;lid;"Digitální měření modelu; fyzická přesnost detailů neověřená."
4932471723;drzadlo-horni-cep-1;-78.43499755859375;-30.825000762939453;157.0;-66.43499755859375;20.549999237060547;165.0;lid;"Digitální měření modelu; fyzická přesnost detailů neověřená."
4932471723;kompakt-vnitrni-delic;-1.5;-186.6374969482422;-134.0;1.5;176.3625030517578;40.84999084472656;tray;"Digitální měření modelu; fyzická přesnost detailů neověřená."
4932471723;PACKOUT-spodni-patka--1--1;26.145000457763672;-149.39849853515625;-165.0;90.88500213623047;-85.28250122070312;-152.0;fixed;"Digitální měření modelu; fyzická přesnost detailů neověřená."
4932471723;PACKOUT-spodni-zub--1--1;35.85599899291992;-104.51729583740234;-165.0;81.17400360107422;-85.2824935913086;-159.8000030517578;fixed;"Digitální měření modelu; fyzická přesnost detailů neověřená."
4932471723;PACKOUT-spodni-patka--1-1;-90.88500213623047;-149.39849853515625;-165.0;-26.145000457763672;-85.28250122070312;-152.0;fixed;"Digitální měření modelu; fyzická přesnost detailů neověřená."
4932471723;PACKOUT-spodni-zub--1-1;-81.17400360107422;-104.51729583740234;-165.0;-35.85599899291992;-85.2824935913086;-159.8000030517578;fixed;"Digitální měření modelu; fyzická přesnost detailů neověřená."
4932471723;PACKOUT-spodni-patka-0--1;26.145000457763672;-37.19549560546875;-165.0;90.88500213623047;26.920501708984375;-152.0;fixed;"Digitální měření modelu; fyzická přesnost detailů neověřená."
4932471723;PACKOUT-spodni-zub-0--1;35.85599899291992;7.685703277587891;-165.0;81.17400360107422;26.920501708984375;-159.8000030517578;fixed;"Digitální měření modelu; fyzická přesnost detailů neověřená."
4932471723;PACKOUT-spodni-patka-0-1;-90.88500213623047;-37.19549560546875;-165.0;-26.145000457763672;26.920501708984375;-152.0;fixed;"Digitální měření modelu; fyzická přesnost detailů neověřená."
4932471723;PACKOUT-spodni-zub-0-1;-81.17400360107422;7.685703277587891;-165.0;-35.85599899291992;26.920501708984375;-159.8000030517578;fixed;"Digitální měření modelu; fyzická přesnost detailů neověřená."
4932471723;PACKOUT-spodni-patka-1--1;26.145000457763672;75.00750732421875;-165.0;90.88500213623047;139.12350463867188;-152.0;fixed;"Digitální měření modelu; fyzická přesnost detailů neověřená."
4932471723;PACKOUT-spodni-zub-1--1;35.85599899291992;119.88870239257812;-165.0;81.17400360107422;139.12350463867188;-159.8000030517578;fixed;"Digitální měření modelu; fyzická přesnost detailů neověřená."
4932471723;PACKOUT-spodni-patka-1-1;-90.88500213623047;75.00750732421875;-165.0;-26.145000457763672;139.12350463867188;-152.0;fixed;"Digitální měření modelu; fyzická přesnost detailů neověřená."
4932471723;PACKOUT-spodni-zub-1-1;-81.17400360107422;119.88870239257812;-165.0;-35.85599899291992;139.12350463867188;-159.8000030517578;fixed;"Digitální měření modelu; fyzická přesnost detailů neověřená."
4932471723;zamek-packout-cerveny;-14.5;195.22500610351562;-137.0;14.5;198.22500610351562;-113.0;fixed;"Digitální měření modelu; fyzická přesnost detailů neověřená."
4932471723;oznaceni-MILWAUKEE;-26.5340633392334;197.22500610351562;0.3288116753101349;26.5340633392334;197.5749969482422;7.4365234375;fixed;"Digitální měření modelu; fyzická přesnost detailů neověřená."
4932471723;oznaceni-PACKOUT;-14.346881866455078;197.22500610351562;-5.219024658203125;14.346881866455078;197.5749969482422;-0.4367370307445526;fixed;"Digitální měření modelu; fyzická přesnost detailů neověřená."
4932471724;prepravka-dno;-194.5;-237.5;-125.5;194.5;237.5;-108.5;fixed;"Digitální měření modelu; fyzická přesnost detailů neověřená."
4932471724;prepravka-celo-s-otvorem;167.5;-237.5;-108.5;194.5;237.5;125.5;fixed;"Digitální měření modelu; fyzická přesnost detailů neověřená."
4932471724;prepravka-zada-s-otvorem;-194.5;-237.5;-108.5;-167.5;237.5;125.5;fixed;"Digitální měření modelu; fyzická přesnost detailů neověřená."
4932471724;prepravka-bok-s-otvorem--1;-194.5;-237.5;-108.5;194.5;-203.0;125.5;fixed;"Digitální měření modelu; fyzická přesnost detailů neověřená."
4932471724;prepravka-bok-s-otvorem-1;-194.5;203.0;-108.5;194.5;237.5;125.5;fixed;"Digitální měření modelu; fyzická přesnost detailů neověřená."
4932471724;roh-ochrana--1--1;-194.5;-237.5;-125.5;-180.88499450683594;-223.88499450683594;125.5;fixed;"Digitální měření modelu; fyzická přesnost detailů neověřená."
4932471724;roh-ochrana-1--1;180.88499450683594;-237.5;-125.5;194.5;-223.88499450683594;125.5;fixed;"Digitální měření modelu; fyzická přesnost detailů neověřená."
4932471724;roh-ochrana--1-1;-194.5;223.88499450683594;-125.5;-180.88499450683594;237.5;125.5;fixed;"Digitální měření modelu; fyzická přesnost detailů neověřená."
4932471724;roh-ochrana-1-1;180.88499450683594;223.88499450683594;-125.5;194.5;237.5;125.5;fixed;"Digitální měření modelu; fyzická přesnost detailů neověřená."
4932471724;bok-zebro--1--0.22;-89.85900115966797;-237.5;-110.44000244140625;-81.3010025024414;-231.8000030517578;80.31999206542969;fixed;"Digitální měření modelu; fyzická přesnost detailů neověřená."
4932471724;bok-zebro--1-0.22;81.3010025024414;-237.5;-110.44000244140625;89.85900115966797;-231.8000030517578;80.31999206542969;fixed;"Digitální měření modelu; fyzická přesnost detailů neověřená."
4932471724;bok-zebro-1--0.22;-89.85900115966797;231.8000030517578;-110.44000244140625;-81.3010025024414;237.5;80.31999206542969;fixed;"Digitální měření modelu; fyzická přesnost detailů neověřená."
4932471724;bok-zebro-1-0.22;81.3010025024414;231.8000030517578;-110.44000244140625;89.85900115966797;237.5;80.31999206542969;fixed;"Digitální měření modelu; fyzická přesnost detailů neověřená."
4932471724;prepravka-podelne-zebro--1-0.14;-194.5;-237.5;-90.36000061035156;194.5;-232.5;-86.36000061035156;fixed;"Digitální měření modelu; fyzická přesnost detailů neověřená."
4932471724;prepravka-podelne-zebro-1-0.14;-194.5;232.5;-90.36000061035156;194.5;237.5;-86.36000061035156;fixed;"Digitální měření modelu; fyzická přesnost detailů neověřená."
4932471724;prepravka-celni-zebro--1-0.14;-194.5;-237.5;-90.36000061035156;-189.5;237.5;-86.36000061035156;fixed;"Digitální měření modelu; fyzická přesnost detailů neověřená."
4932471724;prepravka-celni-zebro-1-0.14;189.5;-237.5;-90.36000061035156;194.5;237.5;-86.36000061035156;fixed;"Digitální měření modelu; fyzická přesnost detailů neověřená."
4932471724;prepravka-podelne-zebro--1-0.37;-194.5;-237.5;-32.62999725341797;194.5;-232.5;-28.62999725341797;fixed;"Digitální měření modelu; fyzická přesnost detailů neověřená."
4932471724;prepravka-podelne-zebro-1-0.37;-194.5;232.5;-32.62999725341797;194.5;237.5;-28.62999725341797;fixed;"Digitální měření modelu; fyzická přesnost detailů neověřená."
4932471724;prepravka-celni-zebro--1-0.37;-194.5;-237.5;-32.62999725341797;-189.5;237.5;-28.62999725341797;fixed;"Digitální měření modelu; fyzická přesnost detailů neověřená."
4932471724;prepravka-celni-zebro-1-0.37;189.5;-237.5;-32.62999725341797;194.5;237.5;-28.62999725341797;fixed;"Digitální měření modelu; fyzická přesnost detailů neověřená."
4932471724;prepravka-podelne-zebro--1-0.7;-194.5;-237.5;50.19999694824219;194.5;-232.5;54.19999694824219;fixed;"Digitální měření modelu; fyzická přesnost detailů neověřená."
4932471724;prepravka-podelne-zebro-1-0.7;-194.5;232.5;50.19999694824219;194.5;237.5;54.19999694824219;fixed;"Digitální měření modelu; fyzická přesnost detailů neověřená."
4932471724;prepravka-celni-zebro--1-0.7;-194.5;-237.5;50.19999694824219;-189.5;237.5;54.19999694824219;fixed;"Digitální měření modelu; fyzická přesnost detailů neověřená."
4932471724;prepravka-celni-zebro-1-0.7;189.5;-237.5;50.19999694824219;194.5;237.5;54.19999694824219;fixed;"Digitální měření modelu; fyzická přesnost detailů neověřená."
4932471724;prepravka-podelne-zebro--1-0.95;-194.5;-237.5;112.94999694824219;194.5;-232.5;116.94999694824219;fixed;"Digitální měření modelu; fyzická přesnost detailů neověřená."
4932471724;prepravka-podelne-zebro-1-0.95;-194.5;232.5;112.94999694824219;194.5;237.5;116.94999694824219;fixed;"Digitální měření modelu; fyzická přesnost detailů neověřená."
4932471724;prepravka-celni-zebro--1-0.95;-194.5;-237.5;112.94999694824219;-189.5;237.5;116.94999694824219;fixed;"Digitální měření modelu; fyzická přesnost detailů neověřená."
4932471724;prepravka-celni-zebro-1-0.95;189.5;-237.5;112.94999694824219;194.5;237.5;116.94999694824219;fixed;"Digitální měření modelu; fyzická přesnost detailů neověřená."
4932471724;oznaceni-MILWAUKEE;193.5;-50.6171875;29.793441772460938;193.85000610351562;50.6171875;43.35231018066406;fixed;"Digitální měření modelu; fyzická přesnost detailů neověřená."
4932471724;oznaceni-PACKOUT;193.5;-27.368549346923828;19.210205078125;193.85000610351562;27.368549346923828;28.333053588867188;fixed;"Digitální měření modelu; fyzická přesnost detailů neověřená."
4932471724;prepravka-cerveny-odjistovac;191.5;-15.0;-85.29000091552734;194.5;15.0;-60.290000915527344;fixed;"Digitální měření modelu; fyzická přesnost detailů neověřená."
4932471724;PACKOUT-spodni-patka--1--1;-140.0399932861328;-173.375;-125.5;-77.79999542236328;-49.875;-118.5;fixed;"Digitální měření modelu; fyzická přesnost detailů neověřená."
4932471724;PACKOUT-spodni-zub--1--1;-96.47200012207031;-154.85000610351562;-125.5;-77.80000305175781;-68.4000015258789;-122.69999694824219;fixed;"Digitální měření modelu; fyzická přesnost detailů neověřená."
4932471724;PACKOUT-spodni-patka--1-1;-140.0399932861328;49.875;-125.5;-77.79999542236328;173.375;-118.5;fixed;"Digitální měření modelu; fyzická přesnost detailů neověřená."
4932471724;PACKOUT-spodni-zub--1-1;-96.47200012207031;68.4000015258789;-125.5;-77.80000305175781;154.85000610351562;-122.69999694824219;fixed;"Digitální měření modelu; fyzická přesnost detailů neověřená."
4932471724;PACKOUT-spodni-patka-0--1;-31.1200008392334;-173.375;-125.5;31.1200008392334;-49.875;-118.5;fixed;"Digitální měření modelu; fyzická přesnost detailů neověřená."
4932471724;PACKOUT-spodni-zub-0--1;12.447999954223633;-154.85000610351562;-125.5;31.1200008392334;-68.4000015258789;-122.69999694824219;fixed;"Digitální měření modelu; fyzická přesnost detailů neověřená."
4932471724;PACKOUT-spodni-patka-0-1;-31.1200008392334;49.875;-125.5;31.1200008392334;173.375;-118.5;fixed;"Digitální měření modelu; fyzická přesnost detailů neověřená."
4932471724;PACKOUT-spodni-zub-0-1;12.447999954223633;68.4000015258789;-125.5;31.1200008392334;154.85000610351562;-122.69999694824219;fixed;"Digitální měření modelu; fyzická přesnost detailů neověřená."
4932471724;PACKOUT-spodni-patka-1--1;77.79999542236328;-173.375;-125.5;140.0399932861328;-49.875;-118.5;fixed;"Digitální měření modelu; fyzická přesnost detailů neověřená."
4932471724;PACKOUT-spodni-zub-1--1;121.36799621582031;-154.85000610351562;-125.5;140.0399932861328;-68.4000015258789;-122.69999694824219;fixed;"Digitální měření modelu; fyzická přesnost detailů neověřená."
4932471724;PACKOUT-spodni-patka-1-1;77.79999542236328;49.875;-125.5;140.0399932861328;173.375;-118.5;fixed;"Digitální měření modelu; fyzická přesnost detailů neověřená."
4932471724;PACKOUT-spodni-zub-1-1;121.36799621582031;68.4000015258789;-125.5;140.0399932861328;154.85000610351562;-122.69999694824219;fixed;"Digitální měření modelu; fyzická přesnost detailů neověřená."
4932498323;vyklopny-organizer-zadni-panel;-193.0;-250.0;-78.0;193.0;250.0;-69.0;fixed;"Digitální měření modelu; fyzická přesnost detailů neověřená."
4932498323;vyklopny-organizer-bocni-nosnik--1;-193.0;-250.0;-78.0;193.0;-210.5;85.0;fixed;"Digitální měření modelu; fyzická přesnost detailů neověřená."
4932498323;vyklopny-organizer-bocni-nosnik-1;-193.0;210.5;-78.0;193.0;250.0;85.0;fixed;"Digitální měření modelu; fyzická přesnost detailů neověřená."
4932498323;vyklopny-organizer-celni-nosnik--168.296;-180.6479949951172;-250.0;73.0;-155.94400024414062;250.0;84.0;fixed;"Digitální měření modelu; fyzická přesnost detailů neověřená."
4932498323;vyklopny-organizer-celni-nosnik-168.296;155.94400024414062;-250.0;73.0;180.6479949951172;250.0;84.0;fixed;"Digitální měření modelu; fyzická přesnost detailů neověřená."
4932498323;vyklopny-organizer-stredni-sloupek;-168.29600524902344;-11.5;-69.0;168.29600524902344;11.5;85.0;fixed;"Digitální měření modelu; fyzická přesnost detailů neověřená."
4932498323;tip-0-dno;-152.44400024414062;-207.0;-69.0;-55.48133087158203;-116.25;-67.0;tip-0;"Digitální měření modelu; fyzická přesnost detailů neověřená."
4932498323;tip-0-dute-cire-steny;-152.44400024414062;-207.0;-67.0;-55.48133087158203;-116.25;67.0;tip-0;"Digitální měření modelu; fyzická přesnost detailů neověřená."
4932498323;tip-0-vicko;-151.44400024414062;-206.0;65.0;-56.48133087158203;-117.25;66.39999389648438;tip-0;"Digitální měření modelu; fyzická přesnost detailů neověřená."
4932498323;tip-0-ciry-horni-lem;-152.94400024414062;-207.5;63.0;-54.98133087158203;-115.75;66.0;tip-0;"Digitální měření modelu; fyzická přesnost detailů neověřená."
4932498323;tip-0-uchop;-62.4813346862793;-191.11874389648438;66.0;-54.4813346862793;-132.13125610351562;70.0;tip-0;"Digitální měření modelu; fyzická přesnost detailů neověřená."
4932498323;tip-0-pant;-152.44400024414062;-202.0;-67.0;-148.44400024414062;-121.25;-63.0;tip-0;"Digitální měření modelu; fyzická přesnost detailů neověřená."
4932498323;tip-0-pant-kotveni;-153.44400024414062;-207.0;-69.0;-147.44400024414062;-116.25;-61.0;fixed;"Digitální měření modelu; fyzická přesnost detailů neověřená."
4932498323;tip-1-dno;-152.44400024414062;-109.25;-69.0;-55.48133087158203;-18.5;-67.0;tip-1;"Digitální měření modelu; fyzická přesnost detailů neověřená."
4932498323;tip-1-dute-cire-steny;-152.44400024414062;-109.25;-67.0;-55.48133087158203;-18.5;67.0;tip-1;"Digitální měření modelu; fyzická přesnost detailů neověřená."
4932498323;tip-1-vicko;-151.44400024414062;-108.25;65.0;-56.48133087158203;-19.5;66.39999389648438;tip-1;"Digitální měření modelu; fyzická přesnost detailů neověřená."
4932498323;tip-1-ciry-horni-lem;-152.94400024414062;-109.75;63.0;-54.98133087158203;-18.0;66.0;tip-1;"Digitální měření modelu; fyzická přesnost detailů neověřená."
4932498323;tip-1-uchop;-62.4813346862793;-93.3687515258789;66.0;-54.4813346862793;-34.381248474121094;70.0;tip-1;"Digitální měření modelu; fyzická přesnost detailů neověřená."
4932498323;tip-1-pant;-152.44400024414062;-104.25;-67.0;-148.44400024414062;-23.5;-63.0;tip-1;"Digitální měření modelu; fyzická přesnost detailů neověřená."
4932498323;tip-1-pant-kotveni;-153.44400024414062;-109.25;-69.0;-147.44400024414062;-18.5;-61.0;fixed;"Digitální měření modelu; fyzická přesnost detailů neověřená."
4932498323;tip-2-dno;-152.44400024414062;18.5;-69.0;-55.48133087158203;109.25;-67.0;tip-2;"Digitální měření modelu; fyzická přesnost detailů neověřená."
4932498323;tip-2-dute-cire-steny;-152.44400024414062;18.5;-67.0;-55.48133087158203;109.25;67.0;tip-2;"Digitální měření modelu; fyzická přesnost detailů neověřená."
4932498323;tip-2-vicko;-151.44400024414062;19.5;65.0;-56.48133087158203;108.25;66.39999389648438;tip-2;"Digitální měření modelu; fyzická přesnost detailů neověřená."
4932498323;tip-2-ciry-horni-lem;-152.94400024414062;18.0;63.0;-54.98133087158203;109.75;66.0;tip-2;"Digitální měření modelu; fyzická přesnost detailů neověřená."
4932498323;tip-2-uchop;-62.4813346862793;34.381248474121094;66.0;-54.4813346862793;93.3687515258789;70.0;tip-2;"Digitální měření modelu; fyzická přesnost detailů neověřená."
4932498323;tip-2-pant;-152.44400024414062;23.5;-67.0;-148.44400024414062;104.25;-63.0;tip-2;"Digitální měření modelu; fyzická přesnost detailů neověřená."
4932498323;tip-2-pant-kotveni;-153.44400024414062;18.5;-69.0;-147.44400024414062;109.25;-61.0;fixed;"Digitální měření modelu; fyzická přesnost detailů neověřená."
4932498323;tip-3-dno;-152.44400024414062;116.25;-69.0;-55.48133087158203;207.0;-67.0;tip-3;"Digitální měření modelu; fyzická přesnost detailů neověřená."
4932498323;tip-3-dute-cire-steny;-152.44400024414062;116.25;-67.0;-55.48133087158203;207.0;67.0;tip-3;"Digitální měření modelu; fyzická přesnost detailů neověřená."
4932498323;tip-3-vicko;-151.44400024414062;117.25;65.0;-56.48133087158203;206.0;66.39999389648438;tip-3;"Digitální měření modelu; fyzická přesnost detailů neověřená."
4932498323;tip-3-ciry-horni-lem;-152.94400024414062;115.75;63.0;-54.98133087158203;207.5;66.0;tip-3;"Digitální měření modelu; fyzická přesnost detailů neověřená."
4932498323;tip-3-uchop;-62.4813346862793;132.13125610351562;66.0;-54.4813346862793;191.11874389648438;70.0;tip-3;"Digitální měření modelu; fyzická přesnost detailů neověřená."
4932498323;tip-3-pant;-152.44400024414062;121.25;-67.0;-148.44400024414062;202.0;-63.0;tip-3;"Digitální měření modelu; fyzická přesnost detailů neověřená."
4932498323;tip-3-pant-kotveni;-153.44400024414062;116.25;-69.0;-147.44400024414062;207.0;-61.0;fixed;"Digitální měření modelu; fyzická přesnost detailů neověřená."
4932498323;tip-4-dno;-48.4813346862793;-207.0;-69.0;48.4813346862793;-18.5;-67.0;tip-4;"Digitální měření modelu; fyzická přesnost detailů neověřená."
4932498323;tip-4-dute-cire-steny;-48.4813346862793;-207.0;-67.0;48.4813346862793;-18.5;67.0;tip-4;"Digitální měření modelu; fyzická přesnost detailů neověřená."
4932498323;tip-4-vicko;-47.4813346862793;-206.0;65.0;47.4813346862793;-19.5;66.39999389648438;tip-4;"Digitální měření modelu; fyzická přesnost detailů neověřená."
4932498323;tip-4-ciry-horni-lem;-48.9813346862793;-207.5;63.0;48.9813346862793;-18.0;66.0;tip-4;"Digitální měření modelu; fyzická přesnost detailů neověřená."
4932498323;tip-4-uchop;41.4813346862793;-174.0124969482422;66.0;49.4813346862793;-51.48749923706055;70.0;tip-4;"Digitální měření modelu; fyzická přesnost detailů neověřená."
4932498323;tip-4-vnitrni-delic;-46.4813346862793;-114.0;-67.0;46.4813346862793;-111.5;42.87999725341797;tip-4;"Digitální měření modelu; fyzická přesnost detailů neověřená."
4932498323;tip-4-pant;-48.4813346862793;-202.0;-67.0;-44.4813346862793;-23.5;-63.0;tip-4;"Digitální měření modelu; fyzická přesnost detailů neověřená."
4932498323;tip-4-pant-kotveni;-49.4813346862793;-207.0;-69.0;-43.4813346862793;-18.5;-61.0;fixed;"Digitální měření modelu; fyzická přesnost detailů neověřená."
4932498323;tip-5-dno;-48.4813346862793;18.5;-69.0;48.4813346862793;207.0;-67.0;tip-5;"Digitální měření modelu; fyzická přesnost detailů neověřená."
4932498323;tip-5-dute-cire-steny;-48.4813346862793;18.5;-67.0;48.4813346862793;207.0;67.0;tip-5;"Digitální měření modelu; fyzická přesnost detailů neověřená."
4932498323;tip-5-vicko;-47.4813346862793;19.5;65.0;47.4813346862793;206.0;66.39999389648438;tip-5;"Digitální měření modelu; fyzická přesnost detailů neověřená."
4932498323;tip-5-ciry-horni-lem;-48.9813346862793;18.0;63.0;48.9813346862793;207.5;66.0;tip-5;"Digitální měření modelu; fyzická přesnost detailů neověřená."
4932498323;tip-5-uchop;41.4813346862793;51.48749923706055;66.0;49.4813346862793;174.0124969482422;70.0;tip-5;"Digitální měření modelu; fyzická přesnost detailů neověřená."
4932498323;tip-5-vnitrni-delic;-46.4813346862793;111.5;-67.0;46.4813346862793;114.0;42.87999725341797;tip-5;"Digitální měření modelu; fyzická přesnost detailů neověřená."
4932498323;tip-5-pant;-48.4813346862793;23.5;-67.0;-44.4813346862793;202.0;-63.0;tip-5;"Digitální měření modelu; fyzická přesnost detailů neověřená."
4932498323;tip-5-pant-kotveni;-49.4813346862793;18.5;-69.0;-43.4813346862793;207.0;-61.0;fixed;"Digitální měření modelu; fyzická přesnost detailů neověřená."
4932498323;tip-6-dno;55.48133087158203;-207.0;-69.0;152.44400024414062;-116.25;-67.0;tip-6;"Digitální měření modelu; fyzická přesnost detailů neověřená."
4932498323;tip-6-dute-cire-steny;55.48133087158203;-207.0;-67.0;152.44400024414062;-116.25;67.0;tip-6;"Digitální měření modelu; fyzická přesnost detailů neověřená."
4932498323;tip-6-vicko;56.48133087158203;-206.0;65.0;151.44400024414062;-117.25;66.39999389648438;tip-6;"Digitální měření modelu; fyzická přesnost detailů neověřená."
4932498323;tip-6-ciry-horni-lem;54.98133087158203;-207.5;63.0;152.94400024414062;-115.75;66.0;tip-6;"Digitální měření modelu; fyzická přesnost detailů neověřená."
4932498323;tip-6-uchop;145.44400024414062;-191.11874389648438;66.0;153.44400024414062;-132.13125610351562;70.0;tip-6;"Digitální měření modelu; fyzická přesnost detailů neověřená."
4932498323;tip-6-pant;55.4813346862793;-202.0;-67.0;59.4813346862793;-121.25;-63.0;tip-6;"Digitální měření modelu; fyzická přesnost detailů neověřená."
4932498323;tip-6-pant-kotveni;54.4813346862793;-207.0;-69.0;60.4813346862793;-116.25;-61.0;fixed;"Digitální měření modelu; fyzická přesnost detailů neověřená."
4932498323;tip-7-dno;55.48133087158203;-109.25;-69.0;152.44400024414062;-18.5;-67.0;tip-7;"Digitální měření modelu; fyzická přesnost detailů neověřená."
4932498323;tip-7-dute-cire-steny;55.48133087158203;-109.25;-67.0;152.44400024414062;-18.5;67.0;tip-7;"Digitální měření modelu; fyzická přesnost detailů neověřená."
4932498323;tip-7-vicko;56.48133087158203;-108.25;65.0;151.44400024414062;-19.5;66.39999389648438;tip-7;"Digitální měření modelu; fyzická přesnost detailů neověřená."
4932498323;tip-7-ciry-horni-lem;54.98133087158203;-109.75;63.0;152.94400024414062;-18.0;66.0;tip-7;"Digitální měření modelu; fyzická přesnost detailů neověřená."
4932498323;tip-7-uchop;145.44400024414062;-93.3687515258789;66.0;153.44400024414062;-34.381248474121094;70.0;tip-7;"Digitální měření modelu; fyzická přesnost detailů neověřená."
4932498323;tip-7-pant;55.4813346862793;-104.25;-67.0;59.4813346862793;-23.5;-63.0;tip-7;"Digitální měření modelu; fyzická přesnost detailů neověřená."
4932498323;tip-7-pant-kotveni;54.4813346862793;-109.25;-69.0;60.4813346862793;-18.5;-61.0;fixed;"Digitální měření modelu; fyzická přesnost detailů neověřená."
4932498323;tip-8-dno;55.48133087158203;18.5;-69.0;152.44400024414062;109.25;-67.0;tip-8;"Digitální měření modelu; fyzická přesnost detailů neověřená."
4932498323;tip-8-dute-cire-steny;55.48133087158203;18.5;-67.0;152.44400024414062;109.25;67.0;tip-8;"Digitální měření modelu; fyzická přesnost detailů neověřená."
4932498323;tip-8-vicko;56.48133087158203;19.5;65.0;151.44400024414062;108.25;66.39999389648438;tip-8;"Digitální měření modelu; fyzická přesnost detailů neověřená."
4932498323;tip-8-ciry-horni-lem;54.98133087158203;18.0;63.0;152.94400024414062;109.75;66.0;tip-8;"Digitální měření modelu; fyzická přesnost detailů neověřená."
4932498323;tip-8-uchop;145.44400024414062;34.381248474121094;66.0;153.44400024414062;93.3687515258789;70.0;tip-8;"Digitální měření modelu; fyzická přesnost detailů neověřená."
4932498323;tip-8-pant;55.4813346862793;23.5;-67.0;59.4813346862793;104.25;-63.0;tip-8;"Digitální měření modelu; fyzická přesnost detailů neověřená."
4932498323;tip-8-pant-kotveni;54.4813346862793;18.5;-69.0;60.4813346862793;109.25;-61.0;fixed;"Digitální měření modelu; fyzická přesnost detailů neověřená."
4932498323;tip-9-dno;55.48133087158203;116.25;-69.0;152.44400024414062;207.0;-67.0;tip-9;"Digitální měření modelu; fyzická přesnost detailů neověřená."
4932498323;tip-9-dute-cire-steny;55.48133087158203;116.25;-67.0;152.44400024414062;207.0;67.0;tip-9;"Digitální měření modelu; fyzická přesnost detailů neověřená."
4932498323;tip-9-vicko;56.48133087158203;117.25;65.0;151.44400024414062;206.0;66.39999389648438;tip-9;"Digitální měření modelu; fyzická přesnost detailů neověřená."
4932498323;tip-9-ciry-horni-lem;54.98133087158203;115.75;63.0;152.94400024414062;207.5;66.0;tip-9;"Digitální měření modelu; fyzická přesnost detailů neověřená."
4932498323;tip-9-uchop;145.44400024414062;132.13125610351562;66.0;153.44400024414062;191.11874389648438;70.0;tip-9;"Digitální měření modelu; fyzická přesnost detailů neověřená."
4932498323;tip-9-pant;55.4813346862793;121.25;-67.0;59.4813346862793;202.0;-63.0;tip-9;"Digitální měření modelu; fyzická přesnost detailů neověřená."
4932498323;tip-9-pant-kotveni;54.4813346862793;116.25;-69.0;60.4813346862793;207.0;-61.0;fixed;"Digitální měření modelu; fyzická přesnost detailů neověřená."
4932498323;vyklopny-organizer-kovova-tyc-0;-154.44400024414062;-232.22500610351562;63.0;-150.44400024414062;232.22500610351562;67.0;fixed;"Digitální měření modelu; fyzická přesnost detailů neověřená."
4932498323;vyklopny-organizer-kovova-tyc-1;-50.4813346862793;-232.22500610351562;63.0;-46.4813346862793;232.22500610351562;67.0;fixed;"Digitální měření modelu; fyzická přesnost detailů neověřená."
4932498323;vyklopny-organizer-kovova-tyc-2;53.4813346862793;-232.22500610351562;63.0;57.4813346862793;232.22500610351562;67.0;fixed;"Digitální měření modelu; fyzická přesnost detailů neověřená."
4932498323;vyklopny-organizer-zapadka-T;-24.440000534057617;-9.0;82.0;-3.440000057220459;9.0;85.0;fixed;"Digitální měření modelu; fyzická přesnost detailů neověřená."
4932498323;drzadlo-otevreny-uchop;169.0;-92.5;-47.900001525878906;175.0;92.5;24.099998474121094;carry;"Digitální měření modelu; fyzická přesnost detailů neověřená."
4932498323;drzadlo-cerny-uchop;164.72000122070312;-53.650001525878906;-41.060001373291016;181.27999877929688;53.650001525878906;-24.5;carry;"Digitální měření modelu; fyzická přesnost detailů neověřená."
4932498323;drzadlo-vroubek-0;164.09811401367188;-51.522499084472656;-42.13999938964844;181.90188598632812;-49.48749923706055;-23.420001983642578;carry;"Digitální měření modelu; fyzická přesnost detailů neověřená."
4932498323;drzadlo-vroubek-1;164.09811401367188;-46.712501525878906;-42.13999938964844;181.90188598632812;-44.6775016784668;-23.420001983642578;carry;"Digitální měření modelu; fyzická přesnost detailů neověřená."
4932498323;drzadlo-vroubek-2;164.09811401367188;-41.90250015258789;-42.13999938964844;181.90188598632812;-39.86750030517578;-23.420001983642578;carry;"Digitální měření modelu; fyzická přesnost detailů neověřená."
4932498323;drzadlo-vroubek-3;164.09811401367188;-37.092498779296875;-42.13999938964844;181.90188598632812;-35.057498931884766;-23.420001983642578;carry;"Digitální měření modelu; fyzická přesnost detailů neověřená."
4932498323;drzadlo-vroubek-4;164.09811401367188;-32.282501220703125;-42.13999938964844;181.90188598632812;-30.247499465942383;-23.420001983642578;carry;"Digitální měření modelu; fyzická přesnost detailů neověřená."
4932498323;drzadlo-vroubek-5;164.09811401367188;-27.47249984741211;-42.13999938964844;181.90188598632812;-25.4375;-23.420001983642578;carry;"Digitální měření modelu; fyzická přesnost detailů neověřená."
4932498323;drzadlo-vroubek-6;164.09811401367188;-22.662500381469727;-42.13999938964844;181.90188598632812;-20.627500534057617;-23.420001983642578;carry;"Digitální měření modelu; fyzická přesnost detailů neověřená."
4932498323;drzadlo-vroubek-7;164.09811401367188;-17.852500915527344;-42.13999938964844;181.90188598632812;-15.817500114440918;-23.420001983642578;carry;"Digitální měření modelu; fyzická přesnost detailů neověřená."
4932498323;drzadlo-vroubek-8;164.09811401367188;-13.042500495910645;-42.13999938964844;181.90188598632812;-11.007499694824219;-23.420001983642578;carry;"Digitální měření modelu; fyzická přesnost detailů neověřená."
4932498323;drzadlo-vroubek-9;164.09811401367188;-8.232500076293945;-42.13999938964844;181.90188598632812;-6.197499752044678;-23.420001983642578;carry;"Digitální měření modelu; fyzická přesnost detailů neověřená."
4932498323;drzadlo-vroubek-10;164.09811401367188;-3.4225001335144043;-42.13999938964844;181.90188598632812;-1.3874999284744263;-23.420001983642578;carry;"Digitální měření modelu; fyzická přesnost detailů neověřená."
4932498323;drzadlo-vroubek-11;164.09811401367188;1.3874999284744263;-42.13999938964844;181.90188598632812;3.4225001335144043;-23.420001983642578;carry;"Digitální měření modelu; fyzická přesnost detailů neověřená."
4932498323;drzadlo-vroubek-12;164.09811401367188;6.197499752044678;-42.13999938964844;181.90188598632812;8.232500076293945;-23.420001983642578;carry;"Digitální měření modelu; fyzická přesnost detailů neověřená."
4932498323;drzadlo-vroubek-13;164.09811401367188;11.007499694824219;-42.13999938964844;181.90188598632812;13.042500495910645;-23.420001983642578;carry;"Digitální měření modelu; fyzická přesnost detailů neověřená."
4932498323;drzadlo-vroubek-14;164.09811401367188;15.817500114440918;-42.13999938964844;181.90188598632812;17.852500915527344;-23.420001983642578;carry;"Digitální měření modelu; fyzická přesnost detailů neověřená."
4932498323;drzadlo-vroubek-15;164.09811401367188;20.627500534057617;-42.13999938964844;181.90188598632812;22.662500381469727;-23.420001983642578;carry;"Digitální měření modelu; fyzická přesnost detailů neověřená."
4932498323;drzadlo-vroubek-16;164.09811401367188;25.4375;-42.13999938964844;181.90188598632812;27.47249984741211;-23.420001983642578;carry;"Digitální měření modelu; fyzická přesnost detailů neověřená."
4932498323;drzadlo-vroubek-17;164.09811401367188;30.247499465942383;-42.13999938964844;181.90188598632812;32.282501220703125;-23.420001983642578;carry;"Digitální měření modelu; fyzická přesnost detailů neověřená."
4932498323;drzadlo-vroubek-18;164.09811401367188;35.057498931884766;-42.13999938964844;181.90188598632812;37.092498779296875;-23.420001983642578;carry;"Digitální měření modelu; fyzická přesnost detailů neověřená."
4932498323;drzadlo-vroubek-19;164.09811401367188;39.86750030517578;-42.13999938964844;181.90188598632812;41.90250015258789;-23.420001983642578;carry;"Digitální měření modelu; fyzická přesnost detailů neověřená."
4932498323;drzadlo-vroubek-20;164.09811401367188;44.6775016784668;-42.13999938964844;181.90188598632812;46.712501525878906;-23.420001983642578;carry;"Digitální měření modelu; fyzická přesnost detailů neověřená."
4932498323;drzadlo-vroubek-21;164.09811401367188;49.48749923706055;-42.13999938964844;181.90188598632812;51.522499084472656;-23.420001983642578;carry;"Digitální měření modelu; fyzická přesnost detailů neověřená."
4932498323;drzadlo-nosny-sloupek--1;161.0;-106.8375015258789;-74.80000305175781;170.0;-92.9625015258789;49.30000305175781;fixed;"Digitální měření modelu; fyzická přesnost detailů neověřená."
4932498323;drzadlo-cep--1;167.0;-82.55000305175781;13.900001525878906;173.0;-76.55000305175781;19.900001525878906;fixed;"Digitální měření modelu; fyzická přesnost detailů neověřená."
4932498323;drzadlo-cerveny-prst--1-0;170.0;-82.23249816894531;12.580001831054688;174.0;-77.60749816894531;35.62000274658203;carry;"Digitální měření modelu; fyzická přesnost detailů neověřená."
4932498323;drzadlo-cerveny-prst--1-1;170.0;-74.4625015258789;12.580001831054688;174.0;-69.8375015258789;35.62000274658203;carry;"Digitální měření modelu; fyzická přesnost detailů neověřená."
4932498323;drzadlo-cerveny-prst--1-2;170.0;-66.69249725341797;12.580001831054688;174.0;-62.067501068115234;35.62000274658203;carry;"Digitální měření modelu; fyzická přesnost detailů neověřená."
4932498323;drzadlo-nosny-sloupek-1;161.0;92.9625015258789;-74.80000305175781;170.0;106.8375015258789;49.30000305175781;fixed;"Digitální měření modelu; fyzická přesnost detailů neověřená."
4932498323;drzadlo-cep-1;167.0;76.55000305175781;13.900001525878906;173.0;82.55000305175781;19.900001525878906;fixed;"Digitální měření modelu; fyzická přesnost detailů neověřená."
4932498323;drzadlo-cerveny-prst-1-0;170.0;62.067501068115234;12.580001831054688;174.0;66.69249725341797;35.62000274658203;carry;"Digitální měření modelu; fyzická přesnost detailů neověřená."
4932498323;drzadlo-cerveny-prst-1-1;170.0;69.8375015258789;12.580001831054688;174.0;74.4625015258789;35.62000274658203;carry;"Digitální měření modelu; fyzická přesnost detailů neověřená."
4932498323;drzadlo-cerveny-prst-1-2;170.0;77.60749816894531;12.580001831054688;174.0;82.23249816894531;35.62000274658203;carry;"Digitální měření modelu; fyzická přesnost detailů neověřená."
4932498323;PACKOUT-celni-C-odjisteni;165.0;-9.0;-5.0580291748046875;166.5;6.560717582702637;12.938026428222656;fixed;"Digitální měření modelu; fyzická přesnost detailů neověřená."
4932498323;vyklopny-organizer-stitek-celo;157.7967987060547;-130.0;84.19999694824219;178.79519653320312;-20.0;84.69999694824219;fixed;"Digitální měření modelu; fyzická přesnost detailů neověřená."
4932498323;vyklopny-organizer-oznaceni-MILWAUKEE;171.17100524902344;-94.375;84.80000305175781;176.36099243164062;-55.625;84.92999267578125;fixed;"Digitální měření modelu; fyzická přesnost detailů neověřená."
4932498323;vyklopny-organizer-oznaceni-PACKOUT;164.21800231933594;-84.60299682617188;84.80000305175781;167.41900634765625;-65.39700317382812;84.92999267578125;fixed;"Digitální měření modelu; fyzická přesnost detailů neověřená."
4932498323;PACKOUT-spodni-odjistovaci-tlacitko;165.0;-14.0;-78.0;173.0;14.0;-60.0;fixed;"Digitální měření modelu; fyzická přesnost detailů neověřená."
4932498323;vyklopny-organizer-bocni-stitek--1;-96.5;-250.0;42.5;96.5;-248.0;55.5;fixed;"Digitální měření modelu; fyzická přesnost detailů neověřená."
4932498323;vyklopny-organizer-bocni-stitek-1;-96.5;248.0;42.5;96.5;250.0;55.5;fixed;"Digitální měření modelu; fyzická přesnost detailů neověřená."
4932498323;patka--1--1;-192.97491455078125;-249.96749877929688;-85.0;-142.8450927734375;-185.03250122070312;-78.0;fixed;"Digitální měření modelu; fyzická přesnost detailů neověřená."
4932498323;patka--1-1;-192.97491455078125;185.03250122070312;-85.0;-142.8450927734375;249.96749877929688;-78.0;fixed;"Digitální měření modelu; fyzická přesnost detailů neověřená."
4932498323;patka-1--1;142.8450927734375;-249.96749877929688;-85.0;192.97491455078125;-185.03250122070312;-78.0;fixed;"Digitální měření modelu; fyzická přesnost detailů neověřená."
4932498323;patka-1-1;142.8450927734375;185.03250122070312;-85.0;192.97491455078125;249.96749877929688;-78.0;fixed;"Digitální měření modelu; fyzická přesnost detailů neověřená."
4932478625;telo-dno;-193.0;-253.5;-82.0;193.0;253.5;-52.0;fixed;"Digitální měření modelu; fyzická přesnost detailů neověřená."
4932478625;telo-duta-stena;-193.0;-253.5;-52.0;193.0;253.5;62.30000305175781;fixed;"Digitální měření modelu; fyzická přesnost detailů neověřená."
4932478625;patka--1--1;-192.97491455078125;-253.467041015625;-89.0;-142.8450927734375;-187.62295532226562;-82.0;fixed;"Digitální měření modelu; fyzická přesnost detailů neověřená."
4932478625;patka--1-1;-192.97491455078125;187.62295532226562;-89.0;-142.8450927734375;253.467041015625;-82.0;fixed;"Digitální měření modelu; fyzická přesnost detailů neověřená."
4932478625;patka-1--1;142.8450927734375;-253.467041015625;-89.0;192.97491455078125;-187.62295532226562;-82.0;fixed;"Digitální měření modelu; fyzická přesnost detailů neověřená."
4932478625;patka-1-1;142.8450927734375;187.62295532226562;-89.0;192.97491455078125;253.467041015625;-82.0;fixed;"Digitální měření modelu; fyzická přesnost detailů neověřená."
4932478625;roh-nosne-telo--1--1;-193.0;-253.5;-82.0;-160.19000244140625;-229.67100524902344;62.30000305175781;fixed;"Digitální měření modelu; fyzická přesnost detailů neověřená."
4932478625;roh-obvodovy-prolis--1--1;-192.8000030517578;-253.3000030517578;-70.45600128173828;-160.38999938964844;-229.87100219726562;-67.45600128173828;fixed;"Digitální měření modelu; fyzická přesnost detailů neověřená."
4932478625;roh-obvodovy-prolis--1--1;-192.8000030517578;-253.3000030517578;44.98399353027344;-160.38999938964844;-229.87100219726562;47.98399353027344;fixed;"Digitální měření modelu; fyzická přesnost detailů neověřená."
4932478625;roh-nosne-telo--1-1;-193.0;229.67100524902344;-82.0;-160.19000244140625;253.5;62.30000305175781;fixed;"Digitální měření modelu; fyzická přesnost detailů neověřená."
4932478625;roh-obvodovy-prolis--1-1;-192.8000030517578;229.87100219726562;-70.45600128173828;-160.38999938964844;253.3000030517578;-67.45600128173828;fixed;"Digitální měření modelu; fyzická přesnost detailů neověřená."
4932478625;roh-obvodovy-prolis--1-1;-192.8000030517578;229.87100219726562;44.98399353027344;-160.38999938964844;253.3000030517578;47.98399353027344;fixed;"Digitální měření modelu; fyzická přesnost detailů neověřená."
4932478625;roh-nosne-telo-1--1;160.19000244140625;-253.5;-82.0;193.0;-229.67100524902344;62.30000305175781;fixed;"Digitální měření modelu; fyzická přesnost detailů neověřená."
4932478625;roh-obvodovy-prolis-1--1;160.38999938964844;-253.3000030517578;-70.45600128173828;192.8000030517578;-229.87100219726562;-67.45600128173828;fixed;"Digitální měření modelu; fyzická přesnost detailů neověřená."
4932478625;roh-obvodovy-prolis-1--1;160.38999938964844;-253.3000030517578;44.98399353027344;192.8000030517578;-229.87100219726562;47.98399353027344;fixed;"Digitální měření modelu; fyzická přesnost detailů neověřená."
4932478625;roh-nosne-telo-1-1;160.19000244140625;229.67100524902344;-82.0;193.0;253.5;62.30000305175781;fixed;"Digitální měření modelu; fyzická přesnost detailů neověřená."
4932478625;roh-obvodovy-prolis-1-1;160.38999938964844;229.87100219726562;-70.45600128173828;192.8000030517578;253.3000030517578;-67.45600128173828;fixed;"Digitální měření modelu; fyzická přesnost detailů neověřená."
4932478625;roh-obvodovy-prolis-1-1;160.38999938964844;229.87100219726562;44.98399353027344;192.8000030517578;253.3000030517578;47.98399353027344;fixed;"Digitální měření modelu; fyzická přesnost detailů neověřená."
4932478625;bok-nosne-zebro--1--0.3;-117.30000305175781;-253.5;-76.22799682617188;-114.30000305175781;-250.89999389648438;52.199005126953125;fixed;"Digitální měření modelu; fyzická přesnost detailů neověřená."
4932478625;bok-nosne-zebro--1-0.22;83.41999816894531;-253.5;-76.22799682617188;86.41999816894531;-250.89999389648438;52.199005126953125;fixed;"Digitální měření modelu; fyzická přesnost detailů neověřená."
4932478625;bok-podelny-prolis--1-21.43;-148.61000061035156;-253.39999389648438;-67.56999969482422;148.61000061035156;-251.0;-65.06999969482422;fixed;"Digitální měření modelu; fyzická přesnost detailů neověřená."
4932478625;bok-podelny-prolis--1-139.756;-148.61000061035156;-253.39999389648438;50.75599670410156;148.61000061035156;-251.0;53.25599670410156;fixed;"Digitální měření modelu; fyzická přesnost detailů neověřená."
4932478625;bok-nosne-zebro-1--0.3;-117.30000305175781;250.89999389648438;-76.22799682617188;-114.30000305175781;253.5;52.199005126953125;fixed;"Digitální měření modelu; fyzická přesnost detailů neověřená."
4932478625;bok-nosne-zebro-1-0.22;83.41999816894531;250.89999389648438;-76.22799682617188;86.41999816894531;253.5;52.199005126953125;fixed;"Digitální měření modelu; fyzická přesnost detailů neověřená."
4932478625;bok-podelny-prolis-1-21.43;-148.61000061035156;251.0;-67.56999969482422;148.61000061035156;253.39999389648438;-65.06999969482422;fixed;"Digitální měření modelu; fyzická přesnost detailů neověřená."
4932478625;bok-podelny-prolis-1-139.756;-148.61000061035156;251.0;50.75599670410156;148.61000061035156;253.39999389648438;53.25599670410156;fixed;"Digitální měření modelu; fyzická přesnost detailů neověřená."
4932478625;celo-prolis--1-19.987000000000002;154.39999389648438;-228.14999389648438;-69.01300048828125;156.8000030517578;-116.61000061035156;-66.61299896240234;fixed;"Digitální měření modelu; fyzická přesnost detailů neověřená."
4932478625;celo-prolis--1-136.87;154.39999389648438;-228.14999389648438;47.8699951171875;156.8000030517578;-116.61000061035156;50.27000427246094;fixed;"Digitální měření modelu; fyzická přesnost detailů neověřená."
4932478625;celo-prolis-1-19.987000000000002;154.39999389648438;116.61000061035156;-69.01300048828125;156.8000030517578;228.14999389648438;-66.61299896240234;fixed;"Digitální měření modelu; fyzická přesnost detailů neověřená."
4932478625;celo-prolis-1-136.87;154.39999389648438;116.61000061035156;47.8699951171875;156.8000030517578;228.14999389648438;50.27000427246094;fixed;"Digitální měření modelu; fyzická přesnost detailů neověřená."
4932478625;hluboky-pevny-stredni-delic;-39.448001861572266;-228.5;-52.0;-35.448001861572266;228.5;58.30000305175781;bins;"Digitální měření modelu; fyzická přesnost detailů neověřená."
4932478625;hluboky-cerveny-dlouhy-delic-0;-35.448001861572266;-115.75;-52.0;145.552001953125;-112.75;48.58399963378906;bins;"Digitální měření modelu; fyzická přesnost detailů neověřená."
4932478625;hluboky-dlouhy-delic-horni-lem-0;-35.448001861572266;-116.75;45.58399963378906;145.552001953125;-111.75;48.58399963378906;bins;"Digitální měření modelu; fyzická přesnost detailů neověřená."
4932478625;hluboky-dlouhy-vodici-drazka-0--35.448;-37.448001861572266;-117.25;-52.0;-33.448001861572266;-111.25;48.58399963378906;bins;"Digitální měření modelu; fyzická přesnost detailů neověřená."
4932478625;hluboky-dlouhy-vodici-drazka-0-145.552;143.552001953125;-117.25;-52.0;147.552001953125;-111.25;48.58399963378906;bins;"Digitální měření modelu; fyzická přesnost detailů neověřená."
4932478625;hluboky-cerveny-kratky-delic-0;-159.447998046875;-115.75;-52.0;-39.448001861572266;-112.75;48.58399963378906;bins;"Digitální měření modelu; fyzická přesnost detailů neověřená."
4932478625;hluboky-kratky-delic-horni-lem-0;-159.447998046875;-116.75;45.58399963378906;-39.448001861572266;-111.75;48.58399963378906;bins;"Digitální měření modelu; fyzická přesnost detailů neověřená."
4932478625;hluboky-kratky-vodici-drazka-0--159.448;-161.447998046875;-117.25;-52.0;-157.447998046875;-111.25;48.58399963378906;bins;"Digitální měření modelu; fyzická přesnost detailů neověřená."
4932478625;hluboky-kratky-vodici-drazka-0--39.448;-41.448001861572266;-117.25;-52.0;-37.448001861572266;-111.25;48.58399963378906;bins;"Digitální měření modelu; fyzická přesnost detailů neověřená."
4932478625;hluboky-cerveny-dlouhy-delic-1;-35.448001861572266;-1.5;-52.0;145.552001953125;1.5;48.58399963378906;bins;"Digitální měření modelu; fyzická přesnost detailů neověřená."
4932478625;hluboky-dlouhy-delic-horni-lem-1;-35.448001861572266;-2.5;45.58399963378906;145.552001953125;2.5;48.58399963378906;bins;"Digitální měření modelu; fyzická přesnost detailů neověřená."
4932478625;hluboky-dlouhy-vodici-drazka-1--35.448;-37.448001861572266;-3.0;-52.0;-33.448001861572266;3.0;48.58399963378906;bins;"Digitální měření modelu; fyzická přesnost detailů neověřená."
4932478625;hluboky-dlouhy-vodici-drazka-1-145.552;143.552001953125;-3.0;-52.0;147.552001953125;3.0;48.58399963378906;bins;"Digitální měření modelu; fyzická přesnost detailů neověřená."
4932478625;hluboky-cerveny-kratky-delic-1;-159.447998046875;-1.5;-52.0;-39.448001861572266;1.5;48.58399963378906;bins;"Digitální měření modelu; fyzická přesnost detailů neověřená."
4932478625;hluboky-kratky-delic-horni-lem-1;-159.447998046875;-2.5;45.58399963378906;-39.448001861572266;2.5;48.58399963378906;bins;"Digitální měření modelu; fyzická přesnost detailů neověřená."
4932478625;hluboky-kratky-vodici-drazka-1--159.448;-161.447998046875;-3.0;-52.0;-157.447998046875;3.0;48.58399963378906;bins;"Digitální měření modelu; fyzická přesnost detailů neověřená."
4932478625;hluboky-kratky-vodici-drazka-1--39.448;-41.448001861572266;-3.0;-52.0;-37.448001861572266;3.0;48.58399963378906;bins;"Digitální měření modelu; fyzická přesnost detailů neověřená."
4932478625;hluboky-cerveny-dlouhy-delic-2;-35.448001861572266;112.75;-52.0;145.552001953125;115.75;48.58399963378906;bins;"Digitální měření modelu; fyzická přesnost detailů neověřená."
4932478625;hluboky-dlouhy-delic-horni-lem-2;-35.448001861572266;111.75;45.58399963378906;145.552001953125;116.75;48.58399963378906;bins;"Digitální měření modelu; fyzická přesnost detailů neověřená."
4932478625;hluboky-dlouhy-vodici-drazka-2--35.448;-37.448001861572266;111.25;-52.0;-33.448001861572266;117.25;48.58399963378906;bins;"Digitální měření modelu; fyzická přesnost detailů neověřená."
4932478625;hluboky-dlouhy-vodici-drazka-2-145.552;143.552001953125;111.25;-52.0;147.552001953125;117.25;48.58399963378906;bins;"Digitální měření modelu; fyzická přesnost detailů neověřená."
4932478625;hluboky-cerveny-kratky-delic-2;-159.447998046875;112.75;-52.0;-39.448001861572266;115.75;48.58399963378906;bins;"Digitální měření modelu; fyzická přesnost detailů neověřená."
4932478625;hluboky-kratky-delic-horni-lem-2;-159.447998046875;111.75;45.58399963378906;-39.448001861572266;116.75;48.58399963378906;bins;"Digitální měření modelu; fyzická přesnost detailů neověřená."
4932478625;hluboky-kratky-vodici-drazka-2--159.448;-161.447998046875;111.25;-52.0;-157.447998046875;117.25;48.58399963378906;bins;"Digitální měření modelu; fyzická přesnost detailů neověřená."
4932478625;hluboky-kratky-vodici-drazka-2--39.448;-41.448001861572266;111.25;-52.0;-37.448001861572266;117.25;48.58399963378906;bins;"Digitální měření modelu; fyzická přesnost detailů neověřená."
4932478625;viko-nosny-okraj;-192.0;-252.5;62.30000305175781;192.0;252.5;87.0;lid;"Digitální měření modelu; fyzická přesnost detailů neověřená."
4932478625;viko-tesneni;-163.947998046875;-233.0;62.19999694824219;150.052001953125;233.0;63.69999694824219;lid;"Digitální měření modelu; fyzická přesnost detailů neověřená."
4932478625;viko-panel;-188.0;-248.5;87.0;188.0;248.5;88.60000610351562;lid;"Digitální měření modelu; fyzická přesnost detailů neověřená."
4932478625;viko-prolis-0;46.333351135253906;-225.5;83.12600708007812;144.552001953125;-128.4463348388672;89.0;lid;"Digitální měření modelu; fyzická přesnost detailů neověřená."
4932478625;viko-okno-0;51.833351135253906;-220.0;88.19999694824219;139.052001953125;-133.9463348388672;89.0;lid;"Digitální měření modelu; fyzická přesnost detailů neověřená."
4932478625;viko-plastve-0;52.723873138427734;-211.55999755859375;88.64999389648438;124.23448181152344;-146.3800048828125;88.64999389648438;lid;"Digitální měření modelu; fyzická přesnost detailů neověřená."
4932478625;viko-prolis-1;46.333351135253906;-128.4463348388672;83.12600708007812;144.552001953125;-31.392667770385742;89.0;lid;"Digitální měření modelu; fyzická přesnost detailů neověřená."
4932478625;viko-okno-1;51.833351135253906;-122.94633483886719;88.19999694824219;139.052001953125;-36.892669677734375;89.0;lid;"Digitální měření modelu; fyzická přesnost detailů neověřená."
4932478625;viko-plastve-1;52.723873138427734;-114.50633239746094;88.64999389648438;124.23448181152344;-49.326332092285156;88.64999389648438;lid;"Digitální měření modelu; fyzická přesnost detailů neověřená."
4932478625;viko-prolis-2;46.333351135253906;31.871946334838867;83.12600708007812;144.552001953125;128.68597412109375;89.0;lid;"Digitální měření modelu; fyzická přesnost detailů neověřená."
4932478625;viko-okno-2;51.833351135253906;37.371944427490234;88.19999694824219;139.052001953125;123.18597412109375;89.0;lid;"Digitální měření modelu; fyzická přesnost detailů neověřená."
4932478625;viko-plastve-2;52.723873138427734;45.81194305419922;88.64999389648438;124.23448181152344;110.991943359375;88.64999389648438;lid;"Digitální měření modelu; fyzická přesnost detailů neověřená."
4932478625;viko-prolis-3;46.333351135253906;128.68597412109375;83.12600708007812;144.552001953125;225.5;89.0;lid;"Digitální měření modelu; fyzická přesnost detailů neověřená."
4932478625;viko-okno-3;51.833351135253906;134.18597412109375;88.19999694824219;139.052001953125;220.0;89.0;lid;"Digitální měření modelu; fyzická přesnost detailů neověřená."
4932478625;viko-plastve-3;52.723873138427734;142.6259765625;88.64999389648438;124.23448181152344;207.80596923828125;88.64999389648438;lid;"Digitální měření modelu; fyzická přesnost detailů neověřená."
4932478625;viko-prolis-4;-54.615203857421875;-227.5;83.12600708007812;38.79637145996094;-29.392667770385742;89.0;lid;"Digitální měření modelu; fyzická přesnost detailů neověřená."
4932478625;viko-okno-4;-49.115203857421875;-222.0;88.19999694824219;33.29637145996094;-34.892669677734375;89.0;lid;"Digitální měření modelu; fyzická přesnost detailů neověřená."
4932478625;viko-plastve-4;-48.22467803955078;-213.55999755859375;88.64999389648438;23.285924911499023;-44.380001068115234;88.64999389648438;lid;"Digitální měření modelu; fyzická přesnost detailů neověřená."
4932478625;viko-prolis-5;-54.615203857421875;29.871946334838867;83.12600708007812;38.79637145996094;227.5;89.0;lid;"Digitální měření modelu; fyzická přesnost detailů neověřená."
4932478625;viko-okno-5;-49.115203857421875;35.3719482421875;88.19999694824219;33.29637145996094;222.0;89.0;lid;"Digitální měření modelu; fyzická přesnost detailů neověřená."
4932478625;viko-plastve-5;-48.22467803955078;43.81194305419922;88.64999389648438;23.285924911499023;212.991943359375;88.64999389648438;lid;"Digitální měření modelu; fyzická přesnost detailů neověřená."
4932478625;viko-prolis-6;-158.447998046875;-225.5;83.12600708007812;-64.07500457763672;-128.4463348388672;89.0;lid;"Digitální měření modelu; fyzická přesnost detailů neověřená."
4932478625;viko-okno-6;-152.947998046875;-220.0;88.19999694824219;-69.57500457763672;-133.9463348388672;89.0;lid;"Digitální měření modelu; fyzická přesnost detailů neověřená."
4932478625;viko-plastve-6;-152.05747985839844;-211.55999755859375;88.64999389648438;-80.546875;-146.3800048828125;88.64999389648438;lid;"Digitální měření modelu; fyzická přesnost detailů neověřená."
4932478625;viko-prolis-7;-158.447998046875;-128.4463348388672;83.12600708007812;-64.07500457763672;-31.392667770385742;89.0;lid;"Digitální měření modelu; fyzická přesnost detailů neověřená."
4932478625;viko-okno-7;-152.947998046875;-122.94633483886719;88.19999694824219;-69.57500457763672;-36.892669677734375;89.0;lid;"Digitální měření modelu; fyzická přesnost detailů neověřená."
4932478625;viko-plastve-7;-152.05747985839844;-114.50633239746094;88.64999389648438;-80.546875;-49.326332092285156;88.64999389648438;lid;"Digitální měření modelu; fyzická přesnost detailů neověřená."
4932478625;viko-prolis-8;-158.447998046875;31.871946334838867;83.12600708007812;-64.07500457763672;128.68597412109375;89.0;lid;"Digitální měření modelu; fyzická přesnost detailů neověřená."
4932478625;viko-okno-8;-152.947998046875;37.371944427490234;88.19999694824219;-69.57500457763672;123.18597412109375;89.0;lid;"Digitální měření modelu; fyzická přesnost detailů neověřená."
4932478625;viko-plastve-8;-152.05747985839844;45.81194305419922;88.64999389648438;-80.546875;110.991943359375;88.64999389648438;lid;"Digitální měření modelu; fyzická přesnost detailů neověřená."
4932478625;viko-prolis-9;-158.447998046875;128.68597412109375;83.12600708007812;-64.07500457763672;225.5;89.0;lid;"Digitální měření modelu; fyzická přesnost detailů neověřená."
4932478625;viko-okno-9;-152.947998046875;134.18597412109375;88.19999694824219;-69.57500457763672;220.0;89.0;lid;"Digitální měření modelu; fyzická přesnost detailů neověřená."
4932478625;viko-plastve-9;-152.05747985839844;142.6259765625;88.64999389648438;-80.546875;207.80596923828125;88.64999389648438;lid;"Digitální měření modelu; fyzická přesnost detailů neověřená."
4932478625;viko-stredni-pruh;-159.447998046875;-22.815000534057617;82.59199523925781;145.552001953125;22.815000534057617;89.0;lid;"Digitální měření modelu; fyzická přesnost detailů neověřená."
4932478625;viko-stredni-plastve;-159.05747985839844;-14.875;88.64999389648438;137.61973571777344;11.305000305175781;88.64999389648438;lid;"Digitální měření modelu; fyzická přesnost detailů neověřená."
4932478625;viko-celni-zebro-0;180.0;-220.7954559326172;62.30000305175781;188.0;-218.2954559326172;79.38800048828125;lid;"Digitální měření modelu; fyzická přesnost detailů neověřená."
4932478625;viko-celni-zebro-1;180.0;-176.88636779785156;62.30000305175781;188.0;-174.38636779785156;79.38800048828125;lid;"Digitální měření modelu; fyzická přesnost detailů neověřená."
4932478625;viko-celni-zebro-2;180.0;-132.97727966308594;62.30000305175781;188.0;-130.47727966308594;79.38800048828125;lid;"Digitální měření modelu; fyzická přesnost detailů neověřená."
4932478625;viko-celni-zebro-3;180.0;-89.06818389892578;62.30000305175781;188.0;-86.56818389892578;79.38800048828125;lid;"Digitální měření modelu; fyzická přesnost detailů neověřená."
4932478625;viko-celni-zebro-4;180.0;-45.15909194946289;62.30000305175781;188.0;-42.65909194946289;79.38800048828125;lid;"Digitální měření modelu; fyzická přesnost detailů neověřená."
4932478625;viko-celni-zebro-5;180.0;-1.25;62.30000305175781;188.0;1.25;79.38800048828125;lid;"Digitální měření modelu; fyzická přesnost detailů neověřená."
4932478625;viko-celni-zebro-6;180.0;42.65909194946289;62.30000305175781;188.0;45.15909194946289;79.38800048828125;lid;"Digitální měření modelu; fyzická přesnost detailů neověřená."
4932478625;viko-celni-zebro-7;180.0;86.56818389892578;62.30000305175781;188.0;89.06818389892578;79.38800048828125;lid;"Digitální měření modelu; fyzická přesnost detailů neověřená."
4932478625;viko-celni-zebro-8;180.0;130.47727966308594;62.30000305175781;188.0;132.97727966308594;79.38800048828125;lid;"Digitální měření modelu; fyzická přesnost detailů neověřená."
4932478625;viko-celni-zebro-9;180.0;174.38636779785156;62.30000305175781;188.0;176.88636779785156;79.38800048828125;lid;"Digitální měření modelu; fyzická přesnost detailů neověřená."
4932478625;viko-celni-zebro-10;180.0;218.2954559326172;62.30000305175781;188.0;220.7954559326172;79.38800048828125;lid;"Digitální měření modelu; fyzická přesnost detailů neověřená."
4932478625;pant-vika-0;-189.0;-203.85714721679688;61.30000305175781;-183.0;-187.85714721679688;67.30000305175781;lid;"Digitální měření modelu; fyzická přesnost detailů neověřená."
4932478625;pant-vika-kotveni-0;-187.5;-204.85714721679688;58.30000305175781;-180.5;-186.85714721679688;65.30000305175781;fixed;"Digitální měření modelu; fyzická přesnost detailů neověřená."
4932478625;pant-vika-1;-189.0;-138.57142639160156;61.30000305175781;-183.0;-122.57142639160156;67.30000305175781;lid;"Digitální měření modelu; fyzická přesnost detailů neověřená."
4932478625;pant-vika-kotveni-1;-187.5;-139.57142639160156;58.30000305175781;-180.5;-121.57142639160156;65.30000305175781;fixed;"Digitální měření modelu; fyzická přesnost detailů neověřená."
4932478625;pant-vika-2;-189.0;-73.28571319580078;61.30000305175781;-183.0;-57.28571319580078;67.30000305175781;lid;"Digitální měření modelu; fyzická přesnost detailů neověřená."
4932478625;pant-vika-kotveni-2;-187.5;-74.28571319580078;58.30000305175781;-180.5;-56.28571319580078;65.30000305175781;fixed;"Digitální měření modelu; fyzická přesnost detailů neověřená."
4932478625;pant-vika-3;-189.0;-8.0;61.30000305175781;-183.0;8.0;67.30000305175781;lid;"Digitální měření modelu; fyzická přesnost detailů neověřená."
4932478625;pant-vika-kotveni-3;-187.5;-9.0;58.30000305175781;-180.5;9.0;65.30000305175781;fixed;"Digitální měření modelu; fyzická přesnost detailů neověřená."
4932478625;pant-vika-4;-189.0;57.28571319580078;61.30000305175781;-183.0;73.28571319580078;67.30000305175781;lid;"Digitální měření modelu; fyzická přesnost detailů neověřená."
4932478625;pant-vika-kotveni-4;-187.5;56.28571319580078;58.30000305175781;-180.5;74.28571319580078;65.30000305175781;fixed;"Digitální měření modelu; fyzická přesnost detailů neověřená."
4932478625;pant-vika-5;-189.0;122.57142639160156;61.30000305175781;-183.0;138.57142639160156;67.30000305175781;lid;"Digitální měření modelu; fyzická přesnost detailů neověřená."
4932478625;pant-vika-kotveni-5;-187.5;121.57142639160156;58.30000305175781;-180.5;139.57142639160156;65.30000305175781;fixed;"Digitální měření modelu; fyzická přesnost detailů neověřená."
4932478625;pant-vika-6;-189.0;187.85714721679688;61.30000305175781;-183.0;203.85714721679688;67.30000305175781;lid;"Digitální měření modelu; fyzická přesnost detailů neověřená."
4932478625;pant-vika-kotveni-6;-187.5;186.85714721679688;58.30000305175781;-180.5;204.85714721679688;65.30000305175781;fixed;"Digitální měření modelu; fyzická přesnost detailů neověřená."
4932478625;viko-oznaceni-MILWAUKEE;-8.200575828552246;-173.5762939453125;88.77999877929688;3.8884291648864746;-83.31637573242188;88.91000366210938;lid;"Digitální měření modelu; fyzická přesnost detailů neověřená."
4932478625;viko-oznaceni-PACKOUT;-1.116333246231079;-153.92117309570312;88.77999877929688;7.375279903411865;-102.97149658203125;88.91000366210938;lid;"Digitální měření modelu; fyzická přesnost detailů neověřená."
4932478625;drzadlo-otevreny-uchop;175.6300048828125;-91.26000213623047;-67.5999984741211;181.6300048828125;91.26000213623047;4.400001525878906;fixed;"Digitální měření modelu; fyzická přesnost detailů neověřená."
4932478625;drzadlo-cerny-uchop;171.35000610351562;-52.93080139160156;-60.76000213623047;187.91000366210938;52.93080139160156;-44.20000076293945;fixed;"Digitální měření modelu; fyzická přesnost detailů neověřená."
4932478625;drzadlo-vroubek-0;170.7281036376953;-50.83182144165039;-61.84000015258789;188.53189086914062;-48.824100494384766;-43.119998931884766;fixed;"Digitální měření modelu; fyzická přesnost detailů neověřená."
4932478625;drzadlo-vroubek-1;170.7281036376953;-46.086299896240234;-61.84000015258789;188.53189086914062;-44.07857894897461;-43.119998931884766;fixed;"Digitální měření modelu; fyzická přesnost detailů neověřená."
4932478625;drzadlo-vroubek-2;170.7281036376953;-41.34077835083008;-61.84000015258789;188.53189086914062;-39.33306121826172;-43.119998931884766;fixed;"Digitální měření modelu; fyzická přesnost detailů neověřená."
4932478625;drzadlo-vroubek-3;170.7281036376953;-36.59526062011719;-61.84000015258789;188.53189086914062;-34.58753967285156;-43.119998931884766;fixed;"Digitální měření modelu; fyzická přesnost detailů neověřená."
4932478625;drzadlo-vroubek-4;170.7281036376953;-31.84973907470703;-61.84000015258789;188.53189086914062;-29.84202003479004;-43.119998931884766;fixed;"Digitální měření modelu; fyzická přesnost detailů neověřená."
4932478625;drzadlo-vroubek-5;170.7281036376953;-27.104219436645508;-61.84000015258789;188.53189086914062;-25.096500396728516;-43.119998931884766;fixed;"Digitální měření modelu; fyzická přesnost detailů neověřená."
4932478625;drzadlo-vroubek-6;170.7281036376953;-22.358699798583984;-61.84000015258789;188.53189086914062;-20.350980758666992;-43.119998931884766;fixed;"Digitální měření modelu; fyzická přesnost detailů neověřená."
4932478625;drzadlo-vroubek-7;170.7281036376953;-17.61318016052246;-61.84000015258789;188.53189086914062;-15.605460166931152;-43.119998931884766;fixed;"Digitální měření modelu; fyzická přesnost detailů neověřená."
4932478625;drzadlo-vroubek-8;170.7281036376953;-12.867659568786621;-61.84000015258789;188.53189086914062;-10.859939575195312;-43.119998931884766;fixed;"Digitální měření modelu; fyzická přesnost detailů neověřená."
4932478625;drzadlo-vroubek-9;170.7281036376953;-8.122139930725098;-61.84000015258789;188.53189086914062;-6.114419937133789;-43.119998931884766;fixed;"Digitální měření modelu; fyzická přesnost detailů neověřená."
4932478625;drzadlo-vroubek-10;170.7281036376953;-3.376620054244995;-61.84000015258789;188.53189086914062;-1.3689000606536865;-43.119998931884766;fixed;"Digitální měření modelu; fyzická přesnost detailů neověřená."
4932478625;drzadlo-vroubek-11;170.7281036376953;1.3689000606536865;-61.84000015258789;188.53189086914062;3.376620054244995;-43.119998931884766;fixed;"Digitální měření modelu; fyzická přesnost detailů neověřená."
4932478625;drzadlo-vroubek-12;170.7281036376953;6.114419937133789;-61.84000015258789;188.53189086914062;8.122139930725098;-43.119998931884766;fixed;"Digitální měření modelu; fyzická přesnost detailů neověřená."
4932478625;drzadlo-vroubek-13;170.7281036376953;10.859939575195312;-61.84000015258789;188.53189086914062;12.867659568786621;-43.119998931884766;fixed;"Digitální měření modelu; fyzická přesnost detailů neověřená."
4932478625;drzadlo-vroubek-14;170.7281036376953;15.605460166931152;-61.84000015258789;188.53189086914062;17.61318016052246;-43.119998931884766;fixed;"Digitální měření modelu; fyzická přesnost detailů neověřená."
4932478625;drzadlo-vroubek-15;170.7281036376953;20.350980758666992;-61.84000015258789;188.53189086914062;22.358699798583984;-43.119998931884766;fixed;"Digitální měření modelu; fyzická přesnost detailů neověřená."
4932478625;drzadlo-vroubek-16;170.7281036376953;25.096500396728516;-61.84000015258789;188.53189086914062;27.104219436645508;-43.119998931884766;fixed;"Digitální měření modelu; fyzická přesnost detailů neověřená."
4932478625;drzadlo-vroubek-17;170.7281036376953;29.84202003479004;-61.84000015258789;188.53189086914062;31.84973907470703;-43.119998931884766;fixed;"Digitální měření modelu; fyzická přesnost detailů neověřená."
4932478625;drzadlo-vroubek-18;170.7281036376953;34.58753967285156;-61.84000015258789;188.53189086914062;36.59526062011719;-43.119998931884766;fixed;"Digitální měření modelu; fyzická přesnost detailů neověřená."
4932478625;drzadlo-vroubek-19;170.7281036376953;39.33306121826172;-61.84000015258789;188.53189086914062;41.34077835083008;-43.119998931884766;fixed;"Digitální měření modelu; fyzická přesnost detailů neověřená."
4932478625;drzadlo-vroubek-20;170.7281036376953;44.07857894897461;-61.84000015258789;188.53189086914062;46.086299896240234;-43.119998931884766;fixed;"Digitální měření modelu; fyzická přesnost detailů neověřená."
4932478625;drzadlo-vroubek-21;170.7281036376953;48.824100494384766;-61.84000015258789;188.53189086914062;50.83182144165039;-43.119998931884766;fixed;"Digitální měření modelu; fyzická přesnost detailů neověřená."
4932478625;drzadlo-nosny-sloupek--1;154.39999389648438;-105.4052963256836;-78.31999969482422;176.6300048828125;-91.71630096435547;51.6199951171875;fixed;"Digitální měření modelu; fyzická přesnost detailů neověřená."
4932478625;drzadlo-cep--1;173.6300048828125;-81.48359680175781;-5.8000030517578125;179.6300048828125;-75.48359680175781;0.1999969482421875;fixed;"Digitální měření modelu; fyzická přesnost detailů neověřená."
4932478625;drzadlo-cerveny-prst--1-0;176.6300048828125;-81.13014221191406;-7.120002746582031;180.6300048828125;-76.567138671875;15.919998168945312;fixed;"Digitální měření modelu; fyzická přesnost detailů neověřená."
4932478625;drzadlo-cerveny-prst--1-1;176.6300048828125;-73.46430206298828;-7.120002746582031;180.6300048828125;-68.90129852294922;15.919998168945312;fixed;"Digitální měření modelu; fyzická přesnost detailů neověřená."
4932478625;drzadlo-cerveny-prst--1-2;176.6300048828125;-65.7984619140625;-7.120002746582031;180.6300048828125;-61.23545837402344;15.919998168945312;fixed;"Digitální měření modelu; fyzická přesnost detailů neověřená."
4932478625;drzadlo-nosny-sloupek-1;154.39999389648438;91.71630096435547;-78.31999969482422;176.6300048828125;105.4052963256836;51.6199951171875;fixed;"Digitální měření modelu; fyzická přesnost detailů neověřená."
4932478625;drzadlo-cep-1;173.6300048828125;75.48359680175781;-5.8000030517578125;179.6300048828125;81.48359680175781;0.1999969482421875;fixed;"Digitální měření modelu; fyzická přesnost detailů neověřená."
4932478625;drzadlo-cerveny-prst-1-0;176.6300048828125;61.23545837402344;-7.120002746582031;180.6300048828125;65.7984619140625;15.919998168945312;fixed;"Digitální měření modelu; fyzická přesnost detailů neověřená."
4932478625;drzadlo-cerveny-prst-1-1;176.6300048828125;68.90129852294922;-7.120002746582031;180.6300048828125;73.46430206298828;15.919998168945312;fixed;"Digitální měření modelu; fyzická přesnost detailů neověřená."
4932478625;drzadlo-cerveny-prst-1-2;176.6300048828125;76.567138671875;-7.120002746582031;180.6300048828125;81.13014221191406;15.919998168945312;fixed;"Digitální měření modelu; fyzická přesnost detailů neověřená."
4932478625;PACKOUT-celni-C-odjisteni;171.6300048828125;-9.0;-24.758026123046875;173.1300048828125;6.560717582702637;-6.761970520019531;fixed;"Digitální měření modelu; fyzická přesnost detailů neověřená."
4932478625;zapadka-zaklad--1;154.39999389648438;-183.78750610351562;-1.5999984741210938;177.6300048828125;-140.6925048828125;69.39999389648438;fixed;"Digitální měření modelu; fyzická přesnost detailů neověřená."
4932478625;zapadka-cervena--1;173.1300048828125;-179.90895080566406;-1.5999984741210938;180.1300048828125;-144.571044921875;43.839996337890625;fixed;"Digitální měření modelu; fyzická přesnost detailů neověřená."
4932478625;zapadka-cerveny-prst--1-0;179.1300048828125;-176.67681884765625;32.480003356933594;182.1300048828125;-172.36732482910156;51.649993896484375;fixed;"Digitální měření modelu; fyzická přesnost detailů neověřená."
4932478625;zapadka-cerveny-prst--1-1;179.1300048828125;-168.48876953125;32.480003356933594;182.1300048828125;-164.1792755126953;51.649993896484375;fixed;"Digitální měření modelu; fyzická přesnost detailů neověřená."
4932478625;zapadka-cerveny-prst--1-2;179.1300048828125;-160.30072021484375;32.480003356933594;182.1300048828125;-155.99122619628906;51.649993896484375;fixed;"Digitální měření modelu; fyzická přesnost detailů neověřená."
4932478625;zapadka-cerveny-prst--1-3;179.1300048828125;-152.1126708984375;32.480003356933594;182.1300048828125;-147.8031768798828;51.649993896484375;fixed;"Digitální měření modelu; fyzická přesnost detailů neověřená."
4932478625;zapadka-vroubek--1-0;183.02999877929688;-177.9696807861328;4.0800018310546875;184.22999572753906;-146.5103302001953;6.56500244140625;fixed;"Digitální měření modelu; fyzická přesnost detailů neověřená."
4932478625;zapadka-vroubek--1-1;183.02999877929688;-177.9696807861328;9.050003051757812;184.22999572753906;-146.5103302001953;11.535003662109375;fixed;"Digitální měření modelu; fyzická přesnost detailů neověřená."
4932478625;zapadka-vroubek--1-2;183.02999877929688;-177.9696807861328;14.019996643066406;184.22999572753906;-146.5103302001953;16.50499725341797;fixed;"Digitální měření modelu; fyzická přesnost detailů neověřená."
4932478625;zapadka-kov-levy--1;181.22999572753906;-184.3256072998047;8.339996337890625;184.02999877929688;-181.52560424804688;63.720001220703125;fixed;"Digitální měření modelu; fyzická přesnost detailů neověřená."
4932478625;zapadka-kov-pravy--1;181.22999572753906;-142.95440673828125;8.339996337890625;184.02999877929688;-140.15440368652344;63.720001220703125;fixed;"Digitální měření modelu; fyzická přesnost detailů neověřená."
4932478625;zapadka-kov-mustek--1;181.22999572753906;-182.92559814453125;62.32000732421875;184.02999877929688;-141.5543975830078;65.1199951171875;fixed;"Digitální měření modelu; fyzická přesnost detailů neověřená."
4932478625;zapadka-ciry-horni-kryt--1;174.6300048828125;-183.78750610351562;59.30000305175781;182.6300048828125;-140.6925048828125;67.30000305175781;lid;"Digitální měření modelu; fyzická přesnost detailů neověřená."
4932478625;zapadka-zaklad-1;154.39999389648438;140.6925048828125;-1.5999984741210938;177.6300048828125;183.78750610351562;69.39999389648438;fixed;"Digitální měření modelu; fyzická přesnost detailů neověřená."
4932478625;zapadka-cervena-1;173.1300048828125;144.571044921875;-1.5999984741210938;180.1300048828125;179.90895080566406;43.839996337890625;fixed;"Digitální měření modelu; fyzická přesnost detailů neověřená."
4932478625;zapadka-cerveny-prst-1-0;179.1300048828125;147.8031768798828;32.480003356933594;182.1300048828125;152.1126708984375;51.649993896484375;fixed;"Digitální měření modelu; fyzická přesnost detailů neověřená."
4932478625;zapadka-cerveny-prst-1-1;179.1300048828125;155.99122619628906;32.480003356933594;182.1300048828125;160.30072021484375;51.649993896484375;fixed;"Digitální měření modelu; fyzická přesnost detailů neověřená."
4932478625;zapadka-cerveny-prst-1-2;179.1300048828125;164.1792755126953;32.480003356933594;182.1300048828125;168.48876953125;51.649993896484375;fixed;"Digitální měření modelu; fyzická přesnost detailů neověřená."
4932478625;zapadka-cerveny-prst-1-3;179.1300048828125;172.36732482910156;32.480003356933594;182.1300048828125;176.67681884765625;51.649993896484375;fixed;"Digitální měření modelu; fyzická přesnost detailů neověřená."
4932478625;zapadka-vroubek-1-0;183.02999877929688;146.5103302001953;4.0800018310546875;184.22999572753906;177.9696807861328;6.56500244140625;fixed;"Digitální měření modelu; fyzická přesnost detailů neověřená."
4932478625;zapadka-vroubek-1-1;183.02999877929688;146.5103302001953;9.050003051757812;184.22999572753906;177.9696807861328;11.535003662109375;fixed;"Digitální měření modelu; fyzická přesnost detailů neověřená."
4932478625;zapadka-vroubek-1-2;183.02999877929688;146.5103302001953;14.019996643066406;184.22999572753906;177.9696807861328;16.50499725341797;fixed;"Digitální měření modelu; fyzická přesnost detailů neověřená."
4932478625;zapadka-kov-levy-1;181.22999572753906;140.15440368652344;8.339996337890625;184.02999877929688;142.95440673828125;63.720001220703125;fixed;"Digitální měření modelu; fyzická přesnost detailů neověřená."
4932478625;zapadka-kov-pravy-1;181.22999572753906;181.52560424804688;8.339996337890625;184.02999877929688;184.3256072998047;63.720001220703125;fixed;"Digitální měření modelu; fyzická přesnost detailů neověřená."
4932478625;zapadka-kov-mustek-1;181.22999572753906;141.5543975830078;62.32000732421875;184.02999877929688;182.92559814453125;65.1199951171875;fixed;"Digitální měření modelu; fyzická přesnost detailů neověřená."
4932478625;zapadka-ciry-horni-kryt-1;174.6300048828125;140.6925048828125;59.30000305175781;182.6300048828125;183.78750610351562;67.30000305175781;lid;"Digitální měření modelu; fyzická přesnost detailů neověřená."
4932478625;PACKOUT-spodni-odjistovaci-tlacitko;161.6300048828125;-13.0;-82.0;169.6300048828125;13.0;-52.0;fixed;"Digitální měření modelu; fyzická přesnost detailů neověřená."
4932480623;patka--1--1;-189.3000030517578;-252.8000030517578;-190.5;-140.97000122070312;-187.9600067138672;-178.5;fixed;"Digitální měření modelu; fyzická přesnost detailů neověřená."
4932480623;patka--1-1;-189.3000030517578;187.9600067138672;-190.5;-140.97000122070312;252.8000030517578;-178.5;fixed;"Digitální měření modelu; fyzická přesnost detailů neověřená."
4932480623;patka-1--1;140.97000122070312;-252.8000030517578;-190.5;189.3000030517578;-187.9600067138672;-178.5;fixed;"Digitální měření modelu; fyzická přesnost detailů neověřená."
4932480623;patka-1-1;140.97000122070312;187.9600067138672;-190.5;189.3000030517578;252.8000030517578;-178.5;fixed;"Digitální měření modelu; fyzická přesnost detailů neověřená."
4932480623;skrin-zada;-190.5;-254.0;-178.5;-150.0;254.0;175.5;fixed;"Digitální měření modelu; fyzická přesnost detailů neověřená."
4932480623;skrin-bok--1;-190.5;-254.0;-178.5;190.5;-230.0;175.5;fixed;"Digitální měření modelu; fyzická přesnost detailů neověřená."
4932480623;skrin-bok-1;-190.5;230.0;-178.5;190.5;254.0;175.5;fixed;"Digitální měření modelu; fyzická přesnost detailů neověřená."
4932480623;skrin-dno;-190.5;-254.0;-178.5;190.5;254.0;-84.5;fixed;"Digitální měření modelu; fyzická přesnost detailů neověřená."
4932480623;skrin-strop;-190.5;-254.0;167.5;190.5;254.0;175.5;fixed;"Digitální měření modelu; fyzická přesnost detailů neověřená."
4932480623;dvere-panel;175.5;-220.97999572753906;-82.5;185.5;220.97999572753906;167.5;door;"Digitální měření modelu; fyzická přesnost detailů neověřená."
4932480623;dvere-zebro--182.88;182.0;-187.8800048828125;-79.5;187.0;-177.8800048828125;166.5;door;"Digitální měření modelu; fyzická přesnost detailů neověřená."
4932480623;dvere-zebro-182.88;182.0;177.8800048828125;-79.5;187.0;187.8800048828125;166.5;door;"Digitální měření modelu; fyzická přesnost detailů neověřená."
4932480623;dvere-cerveny-uzaver;185.0;-45.720001220703125;-81.5;190.0;45.720001220703125;-63.5;door;"Digitální měření modelu; fyzická přesnost detailů neověřená."
4932480623;dvere-horni-pant--152.4;177.5;-165.39999389648438;172.5;183.5;-139.39999389648438;178.5;fixed;"Digitální měření modelu; fyzická přesnost detailů neověřená."
4932480623;dvere-pant-rameno--152.4;178.5;-154.39999389648438;167.5;182.5;-150.39999389648438;175.5;door;"Digitální měření modelu; fyzická přesnost detailů neověřená."
4932480623;dvere-horni-kotveni--152.4;172.5;-167.39999389648438;169.5;184.5;-137.39999389648438;179.5;fixed;"Digitální měření modelu; fyzická přesnost detailů neověřená."
4932480623;dvere-horni-pant-152.4;177.5;139.39999389648438;172.5;183.5;165.39999389648438;178.5;fixed;"Digitální měření modelu; fyzická přesnost detailů neověřená."
4932480623;dvere-pant-rameno-152.4;178.5;150.39999389648438;167.5;182.5;154.39999389648438;175.5;door;"Digitální měření modelu; fyzická přesnost detailů neověřená."
4932480623;dvere-horni-kotveni-152.4;172.5;137.39999389648438;169.5;184.5;167.39999389648438;179.5;fixed;"Digitální měření modelu; fyzická přesnost detailů neověřená."
4932480623;roh-ochrana--1--1;-190.5;-254.0;-178.5;-177.1649932861328;-240.6649932861328;175.5;fixed;"Digitální měření modelu; fyzická přesnost detailů neověřená."
4932480623;roh-ochrana-1--1;177.1649932861328;-254.0;-178.5;190.5;-240.6649932861328;175.5;fixed;"Digitální měření modelu; fyzická přesnost detailů neověřená."
4932480623;roh-ochrana--1-1;-190.5;240.6649932861328;-178.5;-177.1649932861328;254.0;175.5;fixed;"Digitální měření modelu; fyzická přesnost detailů neověřená."
4932480623;roh-ochrana-1-1;177.1649932861328;240.6649932861328;-178.5;190.5;254.0;175.5;fixed;"Digitální měření modelu; fyzická přesnost detailů neověřená."
4932480623;bok-zebro--1--0.22;-88.01100158691406;-254.0;-157.25999450683594;-79.62899780273438;-247.9040069580078;111.77999877929688;fixed;"Digitální měření modelu; fyzická přesnost detailů neověřená."
4932480623;bok-zebro--1-0.22;79.62899780273438;-254.0;-157.25999450683594;88.01100158691406;-247.9040069580078;111.77999877929688;fixed;"Digitální měření modelu; fyzická přesnost detailů neověřená."
4932480623;bok-zebro-1--0.22;-88.01100158691406;247.9040069580078;-157.25999450683594;-79.62899780273438;254.0;111.77999877929688;fixed;"Digitální měření modelu; fyzická přesnost detailů neověřená."
4932480623;bok-zebro-1-0.22;79.62899780273438;247.9040069580078;-157.25999450683594;88.01100158691406;254.0;111.77999877929688;fixed;"Digitální měření modelu; fyzická přesnost detailů neověřená."
4932480623;skrin-horni-panel;-190.5;-254.0;175.5;190.5;254.0;183.5;fixed;"Digitální měření modelu; fyzická přesnost detailů neověřená."
4932480623;PACKOUT-horni-drazka--1--1;-137.16000366210938;-185.4199981689453;183.5;-76.19999694824219;-53.34000015258789;190.5;fixed;"Digitální měření modelu; fyzická přesnost detailů neověřená."
4932480623;PACKOUT-horni-zamek--1--1;-87.17279815673828;-166.92880249023438;188.04998779296875;-77.41919708251953;-71.8311996459961;190.14999389648438;fixed;"Digitální měření modelu; fyzická přesnost detailů neověřená."
4932480623;PACKOUT-horni-drazka--1-1;-137.16000366210938;53.34000015258789;183.5;-76.19999694824219;185.4199981689453;190.5;fixed;"Digitální měření modelu; fyzická přesnost detailů neověřená."
4932480623;PACKOUT-horni-zamek--1-1;-87.17279815673828;71.8311996459961;188.04998779296875;-77.41919708251953;166.92880249023438;190.14999389648438;fixed;"Digitální měření modelu; fyzická přesnost detailů neověřená."
4932480623;PACKOUT-horni-drazka-0--1;-30.479999542236328;-185.4199981689453;183.5;30.479999542236328;-53.34000015258789;190.5;fixed;"Digitální měření modelu; fyzická přesnost detailů neověřená."
4932480623;PACKOUT-horni-zamek-0--1;19.507200241088867;-166.92880249023438;188.04998779296875;29.260799407958984;-71.8311996459961;190.14999389648438;fixed;"Digitální měření modelu; fyzická přesnost detailů neověřená."
4932480623;PACKOUT-horni-drazka-0-1;-30.479999542236328;53.34000015258789;183.5;30.479999542236328;185.4199981689453;190.5;fixed;"Digitální měření modelu; fyzická přesnost detailů neověřená."
4932480623;PACKOUT-horni-zamek-0-1;19.507200241088867;71.8311996459961;188.04998779296875;29.260799407958984;166.92880249023438;190.14999389648438;fixed;"Digitální měření modelu; fyzická přesnost detailů neověřená."
4932480623;PACKOUT-horni-drazka-1--1;76.19999694824219;-185.4199981689453;183.5;137.16000366210938;-53.34000015258789;190.5;fixed;"Digitální měření modelu; fyzická přesnost detailů neověřená."
4932480623;PACKOUT-horni-zamek-1--1;126.18720245361328;-166.92880249023438;188.04998779296875;135.9407958984375;-71.8311996459961;190.14999389648438;fixed;"Digitální měření modelu; fyzická přesnost detailů neověřená."
4932480623;PACKOUT-horni-drazka-1-1;76.19999694824219;53.34000015258789;183.5;137.16000366210938;185.4199981689453;190.5;fixed;"Digitální měření modelu; fyzická přesnost detailů neověřená."
4932480623;PACKOUT-horni-zamek-1-1;126.18720245361328;71.8311996459961;188.04998779296875;135.9407958984375;166.92880249023438;190.14999389648438;fixed;"Digitální měření modelu; fyzická přesnost detailů neověřená."
4932480623;PACKOUT-lista--208.28;-165.73500061035156;-214.6300048828125;183.5;165.73500061035156;-201.92999267578125;187.0;fixed;"Digitální měření modelu; fyzická přesnost detailů neověřená."
4932480623;PACKOUT-lista-208.28;-165.73500061035156;201.92999267578125;183.5;165.73500061035156;214.6300048828125;187.0;fixed;"Digitální měření modelu; fyzická přesnost detailů neověřená."
4932480623;viko-prolis-obvod;-179.07000732421875;-238.75999450683594;183.5;179.07000732421875;238.75999450683594;185.95001220703125;fixed;"Digitální měření modelu; fyzická přesnost detailů neověřená."
4932480623;PACKOUT-cervene-uvolneni;57.150001525878906;-16.510000228881836;183.5;80.01000213623047;16.510000228881836;185.95001220703125;fixed;"Digitální měření modelu; fyzická přesnost detailů neověřená."
4932480623;PACKOUT-spodni-patka--1--1;-137.16000366210938;-185.4199981689453;-190.5;-76.19999694824219;-53.34000015258789;-177.5;fixed;"Digitální měření modelu; fyzická přesnost detailů neověřená."
4932480623;PACKOUT-spodni-zub--1--1;-94.48799896240234;-165.60800170898438;-190.5;-76.19999694824219;-73.1520004272461;-185.3000030517578;fixed;"Digitální měření modelu; fyzická přesnost detailů neověřená."
4932480623;PACKOUT-spodni-patka--1-1;-137.16000366210938;53.34000015258789;-190.5;-76.19999694824219;185.4199981689453;-177.5;fixed;"Digitální měření modelu; fyzická přesnost detailů neověřená."
4932480623;PACKOUT-spodni-zub--1-1;-94.48799896240234;73.1520004272461;-190.5;-76.19999694824219;165.60800170898438;-185.3000030517578;fixed;"Digitální měření modelu; fyzická přesnost detailů neověřená."
4932480623;PACKOUT-spodni-patka-0--1;-30.479999542236328;-185.4199981689453;-190.5;30.479999542236328;-53.34000015258789;-177.5;fixed;"Digitální měření modelu; fyzická přesnost detailů neověřená."
4932480623;PACKOUT-spodni-zub-0--1;12.192000389099121;-165.60800170898438;-190.5;30.479999542236328;-73.1520004272461;-185.3000030517578;fixed;"Digitální měření modelu; fyzická přesnost detailů neověřená."
4932480623;PACKOUT-spodni-patka-0-1;-30.479999542236328;53.34000015258789;-190.5;30.479999542236328;185.4199981689453;-177.5;fixed;"Digitální měření modelu; fyzická přesnost detailů neověřená."
4932480623;PACKOUT-spodni-zub-0-1;12.192000389099121;73.1520004272461;-190.5;30.479999542236328;165.60800170898438;-185.3000030517578;fixed;"Digitální měření modelu; fyzická přesnost detailů neověřená."
4932480623;PACKOUT-spodni-patka-1--1;76.19999694824219;-185.4199981689453;-190.5;137.16000366210938;-53.34000015258789;-177.5;fixed;"Digitální měření modelu; fyzická přesnost detailů neověřená."
4932480623;PACKOUT-spodni-zub-1--1;118.87200164794922;-165.60800170898438;-190.5;137.16000366210938;-73.1520004272461;-185.3000030517578;fixed;"Digitální měření modelu; fyzická přesnost detailů neověřená."
4932480623;PACKOUT-spodni-patka-1-1;76.19999694824219;53.34000015258789;-190.5;137.16000366210938;185.4199981689453;-177.5;fixed;"Digitální měření modelu; fyzická přesnost detailů neověřená."
4932480623;PACKOUT-spodni-zub-1-1;118.87200164794922;73.1520004272461;-190.5;137.16000366210938;165.60800170898438;-185.3000030517578;fixed;"Digitální měření modelu; fyzická přesnost detailů neověřená."
4932480623;oznaceni-MILWAUKEE;185.5;-54.133750915527344;58.1507568359375;185.85000610351562;54.133750915527344;72.651611328125;door;"Digitální měření modelu; fyzická přesnost detailů neověřená."
4932480623;oznaceni-PACKOUT;185.5;-29.269943237304688;46.83226013183594;185.85000610351562;29.269943237304688;56.588897705078125;door;"Digitální měření modelu; fyzická přesnost detailů neověřená."
4932501784;patka--1--1;-195.8000030517578;-275.79998779296875;-211.0;-147.0605010986328;-204.97999572753906;-199.0;fixed;"Digitální měření modelu; fyzická přesnost detailů neověřená."
4932501784;patka--1-1;-195.8000030517578;204.97999572753906;-211.0;-147.0605010986328;275.79998779296875;-199.0;fixed;"Digitální měření modelu; fyzická přesnost detailů neověřená."
4932501784;patka-1--1;137.2104949951172;-275.79998779296875;-211.0;185.9499969482422;-204.97999572753906;-199.0;fixed;"Digitální měření modelu; fyzická přesnost detailů neověřená."
4932501784;patka-1-1;137.2104949951172;204.97999572753906;-211.0;185.9499969482422;275.79998779296875;-199.0;fixed;"Digitální měření modelu; fyzická přesnost detailů neověřená."
4932501784;telo-dno;-197.0;-277.0;-199.0;187.14999389648438;277.0;-172.0;fixed;"Digitální měření modelu; fyzická přesnost detailů neověřená."
4932501784;telo-duta-stena;-197.0;-277.0;-172.0;187.14999389648438;277.0;181.0;fixed;"Digitální měření modelu; fyzická přesnost detailů neověřená."
4932501784;roh-ochrana--1--1;-197.0;-277.0;-199.0;-183.55474853515625;-263.55474853515625;181.0;fixed;"Digitální měření modelu; fyzická přesnost detailů neověřená."
4932501784;roh-kov--1--1;-197.0;-277.0;-164.8000030517578;-192.69752502441406;-272.697509765625;146.80001831054688;fixed;"Digitální měření modelu; fyzická přesnost detailů neověřená."
4932501784;roh-kov-kotveni--1--1-0;-196.73109436035156;-276.7311096191406;-199.0;-188.6639404296875;-268.6639404296875;-176.1999969482422;fixed;"Digitální měření modelu; fyzická přesnost detailů neověřená."
4932501784;roh-kov-kotveni--1--1-1;-196.73109436035156;-276.7311096191406;158.20001220703125;-188.6639404296875;-268.6639404296875;181.0;fixed;"Digitální měření modelu; fyzická přesnost detailů neověřená."
4932501784;roh-ochrana-1--1;173.7047576904297;-277.0;-199.0;187.14999389648438;-263.55474853515625;181.0;fixed;"Digitální měření modelu; fyzická přesnost detailů neověřená."
4932501784;roh-kov-1--1;182.84751892089844;-277.0;-164.8000030517578;187.14999389648438;-272.697509765625;146.80001831054688;fixed;"Digitální měření modelu; fyzická přesnost detailů neověřená."
4932501784;roh-kov-kotveni-1--1-0;178.81394958496094;-276.7311096191406;-199.0;186.88108825683594;-268.6639404296875;-176.1999969482422;fixed;"Digitální měření modelu; fyzická přesnost detailů neověřená."
4932501784;roh-kov-kotveni-1--1-1;178.81394958496094;-276.7311096191406;158.20001220703125;186.88108825683594;-268.6639404296875;181.0;fixed;"Digitální měření modelu; fyzická přesnost detailů neověřená."
4932501784;roh-ochrana--1-1;-197.0;263.55474853515625;-199.0;-183.55474853515625;277.0;181.0;fixed;"Digitální měření modelu; fyzická přesnost detailů neověřená."
4932501784;roh-kov--1-1;-197.0;272.697509765625;-164.8000030517578;-192.69752502441406;277.0;146.80001831054688;fixed;"Digitální měření modelu; fyzická přesnost detailů neověřená."
4932501784;roh-kov-kotveni--1-1-0;-196.73109436035156;268.6639404296875;-199.0;-188.6639404296875;276.7311096191406;-176.1999969482422;fixed;"Digitální měření modelu; fyzická přesnost detailů neověřená."
4932501784;roh-kov-kotveni--1-1-1;-196.73109436035156;268.6639404296875;158.20001220703125;-188.6639404296875;276.7311096191406;181.0;fixed;"Digitální měření modelu; fyzická přesnost detailů neověřená."
4932501784;roh-ochrana-1-1;173.7047576904297;263.55474853515625;-199.0;187.14999389648438;277.0;181.0;fixed;"Digitální měření modelu; fyzická přesnost detailů neověřená."
4932501784;roh-kov-1-1;182.84751892089844;272.697509765625;-164.8000030517578;187.14999389648438;277.0;146.80001831054688;fixed;"Digitální měření modelu; fyzická přesnost detailů neověřená."
4932501784;roh-kov-kotveni-1-1-0;178.81394958496094;268.6639404296875;-199.0;186.88108825683594;276.7311096191406;-176.1999969482422;fixed;"Digitální měření modelu; fyzická přesnost detailů neověřená."
4932501784;roh-kov-kotveni-1-1-1;178.81394958496094;268.6639404296875;158.20001220703125;186.88108825683594;276.7311096191406;181.0;fixed;"Digitální měření modelu; fyzická přesnost detailů neověřená."
4932501784;bok-zebro--1--0.22;-93.66365051269531;-277.0;-176.1999969482422;-85.21234893798828;-270.35198974609375;112.5999755859375;fixed;"Digitální měření modelu; fyzická přesnost detailů neověřená."
4932501784;bok-zebro--1-0.22;75.36235046386719;-277.0;-176.1999969482422;83.81365203857422;-270.35198974609375;112.5999755859375;fixed;"Digitální měření modelu; fyzická přesnost detailů neověřená."
4932501784;bok-zebro-1--0.22;-93.66365051269531;270.35198974609375;-176.1999969482422;-85.21234893798828;277.0;112.5999755859375;fixed;"Digitální měření modelu; fyzická přesnost detailů neověřená."
4932501784;bok-zebro-1-0.22;75.36235046386719;270.35198974609375;-176.1999969482422;83.81365203857422;277.0;112.5999755859375;fixed;"Digitální měření modelu; fyzická přesnost detailů neověřená."
4932501784;celo-roh-ochrana--1;173.70474243164062;-277.0;-199.0;197.0;-263.55474853515625;181.0;fixed;"Digitální měření modelu; fyzická přesnost detailů neověřená."
4932501784;celo-roh-ochrana-1;173.70474243164062;263.55474853515625;-199.0;197.0;277.0;181.0;fixed;"Digitální měření modelu; fyzická přesnost detailů neověřená."
4932501784;viko-nosny-okraj;-197.0;-277.0;181.0;187.14999389648438;277.0;200.5;lid;"Digitální měření modelu; fyzická přesnost detailů neověřená."
4932501784;viko-panel;-193.0;-273.0;196.0;183.14999389648438;273.0;204.0;lid;"Digitální měření modelu; fyzická přesnost detailů neověřená."
4932501784;PACKOUT-horni-drazka--1--1;-143.21900939941406;-202.20999145507812;204.0;-81.7550048828125;-58.17000198364258;211.0;lid;"Digitální měření modelu; fyzická přesnost detailů neověřená."
4932501784;PACKOUT-horni-zamek--1--1;-92.81851959228516;-182.04440307617188;208.54998779296875;-82.98428344726562;-78.33560180664062;210.64999389648438;lid;"Digitální měření modelu; fyzická přesnost detailů neověřená."
4932501784;PACKOUT-horni-drazka--1-1;-143.21900939941406;58.17000198364258;204.0;-81.7550048828125;202.20999145507812;211.0;lid;"Digitální měření modelu; fyzická přesnost detailů neověřená."
4932501784;PACKOUT-horni-zamek--1-1;-92.81851959228516;78.33560180664062;208.54998779296875;-82.98428344726562;182.04440307617188;210.64999389648438;lid;"Digitální měření modelu; fyzická přesnost detailů neověřená."
4932501784;PACKOUT-horni-drazka-0--1;-35.65700149536133;-202.20999145507812;204.0;25.8070011138916;-58.17000198364258;211.0;lid;"Digitální měření modelu; fyzická přesnost detailů neověřená."
4932501784;PACKOUT-horni-zamek-0--1;14.74347972869873;-182.04440307617188;208.54998779296875;24.577720642089844;-78.33560180664062;210.64999389648438;lid;"Digitální měření modelu; fyzická přesnost detailů neověřená."
4932501784;PACKOUT-horni-drazka-0-1;-35.65700149536133;58.17000198364258;204.0;25.8070011138916;202.20999145507812;211.0;lid;"Digitální měření modelu; fyzická přesnost detailů neověřená."
4932501784;PACKOUT-horni-zamek-0-1;14.74347972869873;78.33560180664062;208.54998779296875;24.577720642089844;182.04440307617188;210.64999389648438;lid;"Digitální měření modelu; fyzická přesnost detailů neověřená."
4932501784;PACKOUT-horni-drazka-1--1;71.90499877929688;-202.20999145507812;204.0;133.36900329589844;-58.17000198364258;211.0;lid;"Digitální měření modelu; fyzická přesnost detailů neověřená."
4932501784;PACKOUT-horni-zamek-1--1;122.30547332763672;-182.04440307617188;208.54998779296875;132.13970947265625;-78.33560180664062;210.64999389648438;lid;"Digitální měření modelu; fyzická přesnost detailů neověřená."
4932501784;PACKOUT-horni-drazka-1-1;71.90499877929688;58.17000198364258;204.0;133.36900329589844;202.20999145507812;211.0;lid;"Digitální měření modelu; fyzická přesnost detailů neověřená."
4932501784;PACKOUT-horni-zamek-1-1;122.30547332763672;78.33560180664062;208.54998779296875;132.13970947265625;182.04440307617188;210.64999389648438;lid;"Digitální měření modelu; fyzická přesnost detailů neověřená."
4932501784;PACKOUT-lista--227.14;-172.03025817871094;-234.06500244140625;204.0;162.1802520751953;-220.21499633789062;207.5;lid;"Digitální měření modelu; fyzická přesnost detailů neověřená."
4932501784;PACKOUT-lista-227.14;-172.03025817871094;220.21499633789062;204.0;162.1802520751953;234.06500244140625;207.5;lid;"Digitální měření modelu; fyzická přesnost detailů neověřená."
4932501784;viko-prolis-obvod;-185.4755096435547;-260.3800048828125;204.0;175.62550354003906;260.3800048828125;206.45001220703125;lid;"Digitální měření modelu; fyzická přesnost detailů neověřená."
4932501784;PACKOUT-cervene-uvolneni;52.69750213623047;-18.0049991607666;204.0;75.74649810791016;18.0049991607666;206.45001220703125;lid;"Digitální měření modelu; fyzická přesnost detailů neověřená."
4932501784;viko-nosne-zebro--221.60000000000002;-170.1094970703125;-224.10000610351562;202.0;160.25949096679688;-219.10000610351562;211.0;lid;"Digitální měření modelu; fyzická přesnost detailů neověřená."
4932501784;viko-nosne-zebro-221.60000000000002;-170.1094970703125;219.10000610351562;202.0;160.25949096679688;224.10000610351562;211.0;lid;"Digitální měření modelu; fyzická přesnost detailů neověřená."
4932501784;pant-vika--144.04;-196.0;-156.0399932861328;178.0;-190.0;-132.0399932861328;184.0;lid;"Digitální měření modelu; fyzická přesnost detailů neověřená."
4932501784;pant-vika-kotveni--144.04;-196.5;-157.5399932861328;176.0;-187.5;-130.5399932861328;185.0;fixed;"Digitální měření modelu; fyzická přesnost detailů neověřená."
4932501784;pant-vika-144.04;-196.0;132.0399932861328;178.0;-190.0;156.0399932861328;184.0;lid;"Digitální měření modelu; fyzická přesnost detailů neověřená."
4932501784;pant-vika-kotveni-144.04;-196.5;130.5399932861328;176.0;-187.5;157.5399932861328;185.0;fixed;"Digitální měření modelu; fyzická přesnost detailů neověřená."
4932501784;zapadka-zaklad--177.28;181.24000549316406;-196.6699981689453;116.20001220703125;187.14999389648438;-157.88999938964844;188.20001220703125;fixed;"Digitální měření modelu; fyzická přesnost detailů neověřená."
4932501784;zapadka-cervena--177.28;187.14999389648438;-192.40420532226562;116.20001220703125;191.28700256347656;-162.1558074951172;162.27999877929688;fixed;"Digitální měření modelu; fyzická přesnost detailů neověřená."
4932501784;zapadka-zebro--177.28-0;191.2279052734375;-189.10789489746094;140.67999267578125;192.64630126953125;-185.2299041748047;160.83999633789062;fixed;"Digitální měření modelu; fyzická přesnost detailů neověřená."
4932501784;zapadka-zebro--177.28-1;191.2279052734375;-182.5153045654297;140.67999267578125;192.64630126953125;-178.63729858398438;160.83999633789062;fixed;"Digitální měření modelu; fyzická přesnost detailů neověřená."
4932501784;zapadka-zebro--177.28-2;191.2279052734375;-175.92269897460938;140.67999267578125;192.64630126953125;-172.04469299316406;160.83999633789062;fixed;"Digitální měření modelu; fyzická přesnost detailů neověřená."
4932501784;zapadka-zebro--177.28-3;191.2279052734375;-169.33009338378906;140.67999267578125;192.64630126953125;-165.4521026611328;160.83999633789062;fixed;"Digitální měření modelu; fyzická přesnost detailů neověřená."
4932501784;zapadka-kov-levy--177.28;189.93699645996094;-198.02000427246094;136.3599853515625;192.63699340820312;-195.32000732421875;184.60000610351562;fixed;"Digitální měření modelu; fyzická přesnost detailů neověřená."
4932501784;zapadka-kov-pravy--177.28;189.93699645996094;-159.24000549316406;136.3599853515625;192.63699340820312;-156.5399932861328;184.60000610351562;fixed;"Digitální měření modelu; fyzická přesnost detailů neověřená."
4932501784;zapadka-kov-mustek--177.28;189.93699645996094;-196.6699981689453;183.25;192.63699340820312;-157.88999938964844;185.95001220703125;fixed;"Digitální měření modelu; fyzická přesnost detailů neověřená."
4932501784;zapadka-zaklad-177.28;181.24000549316406;157.88999938964844;116.20001220703125;187.14999389648438;196.6699981689453;188.20001220703125;fixed;"Digitální měření modelu; fyzická přesnost detailů neověřená."
4932501784;zapadka-cervena-177.28;187.14999389648438;162.1558074951172;116.20001220703125;191.28700256347656;192.40420532226562;162.27999877929688;fixed;"Digitální měření modelu; fyzická přesnost detailů neověřená."
4932501784;zapadka-zebro-177.28-0;191.2279052734375;165.4521026611328;140.67999267578125;192.64630126953125;169.33009338378906;160.83999633789062;fixed;"Digitální měření modelu; fyzická přesnost detailů neověřená."
4932501784;zapadka-zebro-177.28-1;191.2279052734375;172.04469299316406;140.67999267578125;192.64630126953125;175.92269897460938;160.83999633789062;fixed;"Digitální měření modelu; fyzická přesnost detailů neověřená."
4932501784;zapadka-zebro-177.28-2;191.2279052734375;178.63729858398438;140.67999267578125;192.64630126953125;182.5153045654297;160.83999633789062;fixed;"Digitální měření modelu; fyzická přesnost detailů neověřená."
4932501784;zapadka-zebro-177.28-3;191.2279052734375;185.2299041748047;140.67999267578125;192.64630126953125;189.10789489746094;160.83999633789062;fixed;"Digitální měření modelu; fyzická přesnost detailů neověřená."
4932501784;zapadka-kov-levy-177.28;189.93699645996094;156.5399932861328;136.3599853515625;192.63699340820312;159.24000549316406;184.60000610351562;fixed;"Digitální měření modelu; fyzická přesnost detailů neověřená."
4932501784;zapadka-kov-pravy-177.28;189.93699645996094;195.32000732421875;136.3599853515625;192.63699340820312;198.02000427246094;184.60000610351562;fixed;"Digitální měření modelu; fyzická přesnost detailů neověřená."
4932501784;zapadka-kov-mustek-177.28;189.93699645996094;157.88999938964844;183.25;192.63699340820312;196.6699981689453;185.95001220703125;fixed;"Digitální měření modelu; fyzická přesnost detailů neověřená."
4932501784;bocni-drzadlo--1;-67.22624969482422;-277.0;108.0;67.22624969482422;-272.0;142.0;fixed;"Digitální měření modelu; fyzická přesnost detailů neověřená."
4932501784;bocni-drzadlo-kotveni--1--1;-67.22624969482422;-277.0;108.0;-55.22624969482422;-265.0;142.0;fixed;"Digitální měření modelu; fyzická přesnost detailů neověřená."
4932501784;bocni-drzadlo-kotveni--1-1;55.22624969482422;-277.0;108.0;67.22624969482422;-265.0;142.0;fixed;"Digitální měření modelu; fyzická přesnost detailů neověřená."
4932501784;bocni-drzadlo-1;-67.22624969482422;272.0;108.0;67.22624969482422;277.0;142.0;fixed;"Digitální měření modelu; fyzická přesnost detailů neověřená."
4932501784;bocni-drzadlo-kotveni-1--1;-67.22624969482422;265.0;108.0;-55.22624969482422;277.0;142.0;fixed;"Digitální měření modelu; fyzická přesnost detailů neověřená."
4932501784;bocni-drzadlo-kotveni-1-1;55.22624969482422;265.0;108.0;67.22624969482422;277.0;142.0;fixed;"Digitální měření modelu; fyzická přesnost detailů neověřená."
4932501784;vlozka-dno;-175.5850067138672;-218.25;139.0;-64.28499603271484;218.25;141.0;tray;"Digitální měření modelu; fyzická přesnost detailů neověřená."
4932501784;vlozka-dute-steny;-175.5850067138672;-218.25;141.0;-64.28499603271484;218.25;181.0;tray;"Digitální měření modelu; fyzická přesnost detailů neověřená."
4932501784;vlozka-operna-lista--1;-190.4250030517578;-244.5;136.0;180.5749969482422;-216.25;139.0;fixed;"Digitální měření modelu; fyzická přesnost detailů neověřená."
4932501784;vlozka-operna-lista-1;-190.4250030517578;216.25;136.0;180.5749969482422;244.5;139.0;fixed;"Digitální měření modelu; fyzická přesnost detailů neověřená."
4932501784;PACKOUT-spodni-patka--1--1;-143.21900939941406;-202.20999145507812;-211.0;-81.7550048828125;-58.17000198364258;-198.0;fixed;"Digitální měření modelu; fyzická přesnost detailů neověřená."
4932501784;PACKOUT-spodni-zub--1--1;-100.19420623779297;-180.60400390625;-211.0;-81.7550048828125;-79.7760009765625;-205.8000030517578;fixed;"Digitální měření modelu; fyzická přesnost detailů neověřená."
4932501784;PACKOUT-spodni-patka--1-1;-143.21900939941406;58.17000198364258;-211.0;-81.7550048828125;202.20999145507812;-198.0;fixed;"Digitální měření modelu; fyzická přesnost detailů neověřená."
4932501784;PACKOUT-spodni-zub--1-1;-100.19420623779297;79.7760009765625;-211.0;-81.7550048828125;180.60400390625;-205.8000030517578;fixed;"Digitální měření modelu; fyzická přesnost detailů neověřená."
4932501784;PACKOUT-spodni-patka-0--1;-35.657005310058594;-202.20999145507812;-211.0;25.806997299194336;-58.17000198364258;-198.0;fixed;"Digitální měření modelu; fyzická přesnost detailů neověřená."
4932501784;PACKOUT-spodni-zub-0--1;7.367796897888184;-180.60400390625;-211.0;25.806997299194336;-79.7760009765625;-205.8000030517578;fixed;"Digitální měření modelu; fyzická přesnost detailů neověřená."
4932501784;PACKOUT-spodni-patka-0-1;-35.657005310058594;58.17000198364258;-211.0;25.806997299194336;202.20999145507812;-198.0;fixed;"Digitální měření modelu; fyzická přesnost detailů neověřená."
4932501784;PACKOUT-spodni-zub-0-1;7.367796897888184;79.7760009765625;-211.0;25.806997299194336;180.60400390625;-205.8000030517578;fixed;"Digitální měření modelu; fyzická přesnost detailů neověřená."
4932501784;PACKOUT-spodni-patka-1--1;71.90499877929688;-202.20999145507812;-211.0;133.36900329589844;-58.17000198364258;-198.0;fixed;"Digitální měření modelu; fyzická přesnost detailů neověřená."
4932501784;PACKOUT-spodni-zub-1--1;114.92979431152344;-180.60400390625;-211.0;133.36900329589844;-79.7760009765625;-205.8000030517578;fixed;"Digitální měření modelu; fyzická přesnost detailů neověřená."
4932501784;PACKOUT-spodni-patka-1-1;71.90499877929688;58.17000198364258;-211.0;133.36900329589844;202.20999145507812;-198.0;fixed;"Digitální měření modelu; fyzická přesnost detailů neověřená."
4932501784;PACKOUT-spodni-zub-1-1;114.92979431152344;79.7760009765625;-211.0;133.36900329589844;180.60400390625;-205.8000030517578;fixed;"Digitální měření modelu; fyzická přesnost detailů neověřená."
4932501784;zamek-packout-cerveny;187.14999389648438;-14.5;-183.0;190.14999389648438;14.5;-159.0;fixed;"Digitální měření modelu; fyzická přesnost detailů neověřená."
4932501784;oznaceni-MILWAUKEE;189.14999389648438;-59.03562545776367;4.1191253662109375;189.5;59.03562545776367;19.933059692382812;fixed;"Digitální měření modelu; fyzická přesnost detailů neověřená."
4932501784;oznaceni-PACKOUT;189.14999389648438;-31.920372009277344;-8.224273681640625;189.5;31.920372009277344;2.4158477783203125;fixed;"Digitální měření modelu; fyzická přesnost detailů neověřená."
4932478162;patka--1--1;-195.8000030517578;-275.79998779296875;-211.0;-147.0605010986328;-204.97999572753906;-199.0;fixed;"Digitální měření modelu; fyzická přesnost detailů neověřená."
4932478162;patka--1-1;-195.8000030517578;204.97999572753906;-211.0;-147.0605010986328;275.79998779296875;-199.0;fixed;"Digitální měření modelu; fyzická přesnost detailů neověřená."
4932478162;patka-1--1;137.2104949951172;-275.79998779296875;-211.0;185.9499969482422;-204.97999572753906;-199.0;fixed;"Digitální měření modelu; fyzická přesnost detailů neověřená."
4932478162;patka-1-1;137.2104949951172;204.97999572753906;-211.0;185.9499969482422;275.79998779296875;-199.0;fixed;"Digitální měření modelu; fyzická přesnost detailů neověřená."
4932478162;telo-dno;-197.0;-277.0;-199.0;187.14999389648438;277.0;-172.0;fixed;"Digitální měření modelu; fyzická přesnost detailů neověřená."
4932478162;telo-duta-stena;-197.0;-277.0;-172.0;187.14999389648438;277.0;181.0;fixed;"Digitální měření modelu; fyzická přesnost detailů neověřená."
4932478162;roh-ochrana--1--1;-197.0;-277.0;-199.0;-183.55474853515625;-263.55474853515625;181.0;fixed;"Digitální měření modelu; fyzická přesnost detailů neověřená."
4932478162;roh-kov--1--1;-197.0;-277.0;-164.8000030517578;-192.69752502441406;-272.697509765625;146.80001831054688;fixed;"Digitální měření modelu; fyzická přesnost detailů neověřená."
4932478162;roh-kov-kotveni--1--1-0;-196.73109436035156;-276.7311096191406;-199.0;-188.6639404296875;-268.6639404296875;-176.1999969482422;fixed;"Digitální měření modelu; fyzická přesnost detailů neověřená."
4932478162;roh-kov-kotveni--1--1-1;-196.73109436035156;-276.7311096191406;158.20001220703125;-188.6639404296875;-268.6639404296875;181.0;fixed;"Digitální měření modelu; fyzická přesnost detailů neověřená."
4932478162;roh-ochrana-1--1;173.7047576904297;-277.0;-199.0;187.14999389648438;-263.55474853515625;181.0;fixed;"Digitální měření modelu; fyzická přesnost detailů neověřená."
4932478162;roh-kov-1--1;182.84751892089844;-277.0;-164.8000030517578;187.14999389648438;-272.697509765625;146.80001831054688;fixed;"Digitální měření modelu; fyzická přesnost detailů neověřená."
4932478162;roh-kov-kotveni-1--1-0;178.81394958496094;-276.7311096191406;-199.0;186.88108825683594;-268.6639404296875;-176.1999969482422;fixed;"Digitální měření modelu; fyzická přesnost detailů neověřená."
4932478162;roh-kov-kotveni-1--1-1;178.81394958496094;-276.7311096191406;158.20001220703125;186.88108825683594;-268.6639404296875;181.0;fixed;"Digitální měření modelu; fyzická přesnost detailů neověřená."
4932478162;roh-ochrana--1-1;-197.0;263.55474853515625;-199.0;-183.55474853515625;277.0;181.0;fixed;"Digitální měření modelu; fyzická přesnost detailů neověřená."
4932478162;roh-kov--1-1;-197.0;272.697509765625;-164.8000030517578;-192.69752502441406;277.0;146.80001831054688;fixed;"Digitální měření modelu; fyzická přesnost detailů neověřená."
4932478162;roh-kov-kotveni--1-1-0;-196.73109436035156;268.6639404296875;-199.0;-188.6639404296875;276.7311096191406;-176.1999969482422;fixed;"Digitální měření modelu; fyzická přesnost detailů neověřená."
4932478162;roh-kov-kotveni--1-1-1;-196.73109436035156;268.6639404296875;158.20001220703125;-188.6639404296875;276.7311096191406;181.0;fixed;"Digitální měření modelu; fyzická přesnost detailů neověřená."
4932478162;roh-ochrana-1-1;173.7047576904297;263.55474853515625;-199.0;187.14999389648438;277.0;181.0;fixed;"Digitální měření modelu; fyzická přesnost detailů neověřená."
4932478162;roh-kov-1-1;182.84751892089844;272.697509765625;-164.8000030517578;187.14999389648438;277.0;146.80001831054688;fixed;"Digitální měření modelu; fyzická přesnost detailů neověřená."
4932478162;roh-kov-kotveni-1-1-0;178.81394958496094;268.6639404296875;-199.0;186.88108825683594;276.7311096191406;-176.1999969482422;fixed;"Digitální měření modelu; fyzická přesnost detailů neověřená."
4932478162;roh-kov-kotveni-1-1-1;178.81394958496094;268.6639404296875;158.20001220703125;186.88108825683594;276.7311096191406;181.0;fixed;"Digitální měření modelu; fyzická přesnost detailů neověřená."
4932478162;bok-zebro--1--0.22;-93.66365051269531;-277.0;-176.1999969482422;-85.21234893798828;-270.35198974609375;112.5999755859375;fixed;"Digitální měření modelu; fyzická přesnost detailů neověřená."
4932478162;bok-zebro--1-0.22;75.36235046386719;-277.0;-176.1999969482422;83.81365203857422;-270.35198974609375;112.5999755859375;fixed;"Digitální měření modelu; fyzická přesnost detailů neověřená."
4932478162;bok-zebro-1--0.22;-93.66365051269531;270.35198974609375;-176.1999969482422;-85.21234893798828;277.0;112.5999755859375;fixed;"Digitální měření modelu; fyzická přesnost detailů neověřená."
4932478162;bok-zebro-1-0.22;75.36235046386719;270.35198974609375;-176.1999969482422;83.81365203857422;277.0;112.5999755859375;fixed;"Digitální měření modelu; fyzická přesnost detailů neověřená."
4932478162;celo-roh-ochrana--1;173.70474243164062;-277.0;-199.0;197.0;-263.55474853515625;181.0;fixed;"Digitální měření modelu; fyzická přesnost detailů neověřená."
4932478162;celo-roh-ochrana-1;173.70474243164062;263.55474853515625;-199.0;197.0;277.0;181.0;fixed;"Digitální měření modelu; fyzická přesnost detailů neověřená."
4932478162;viko-nosny-okraj;-197.0;-277.0;181.0;187.14999389648438;277.0;200.5;lid;"Digitální měření modelu; fyzická přesnost detailů neověřená."
4932478162;viko-panel;-193.0;-273.0;196.0;183.14999389648438;273.0;204.0;lid;"Digitální měření modelu; fyzická přesnost detailů neověřená."
4932478162;PACKOUT-horni-drazka--1--1;-143.21900939941406;-202.20999145507812;204.0;-81.7550048828125;-58.17000198364258;211.0;lid;"Digitální měření modelu; fyzická přesnost detailů neověřená."
4932478162;PACKOUT-horni-zamek--1--1;-92.81851959228516;-182.04440307617188;208.54998779296875;-82.98428344726562;-78.33560180664062;210.64999389648438;lid;"Digitální měření modelu; fyzická přesnost detailů neověřená."
4932478162;PACKOUT-horni-drazka--1-1;-143.21900939941406;58.17000198364258;204.0;-81.7550048828125;202.20999145507812;211.0;lid;"Digitální měření modelu; fyzická přesnost detailů neověřená."
4932478162;PACKOUT-horni-zamek--1-1;-92.81851959228516;78.33560180664062;208.54998779296875;-82.98428344726562;182.04440307617188;210.64999389648438;lid;"Digitální měření modelu; fyzická přesnost detailů neověřená."
4932478162;PACKOUT-horni-drazka-0--1;-35.65700149536133;-202.20999145507812;204.0;25.8070011138916;-58.17000198364258;211.0;lid;"Digitální měření modelu; fyzická přesnost detailů neověřená."
4932478162;PACKOUT-horni-zamek-0--1;14.74347972869873;-182.04440307617188;208.54998779296875;24.577720642089844;-78.33560180664062;210.64999389648438;lid;"Digitální měření modelu; fyzická přesnost detailů neověřená."
4932478162;PACKOUT-horni-drazka-0-1;-35.65700149536133;58.17000198364258;204.0;25.8070011138916;202.20999145507812;211.0;lid;"Digitální měření modelu; fyzická přesnost detailů neověřená."
4932478162;PACKOUT-horni-zamek-0-1;14.74347972869873;78.33560180664062;208.54998779296875;24.577720642089844;182.04440307617188;210.64999389648438;lid;"Digitální měření modelu; fyzická přesnost detailů neověřená."
4932478162;PACKOUT-horni-drazka-1--1;71.90499877929688;-202.20999145507812;204.0;133.36900329589844;-58.17000198364258;211.0;lid;"Digitální měření modelu; fyzická přesnost detailů neověřená."
4932478162;PACKOUT-horni-zamek-1--1;122.30547332763672;-182.04440307617188;208.54998779296875;132.13970947265625;-78.33560180664062;210.64999389648438;lid;"Digitální měření modelu; fyzická přesnost detailů neověřená."
4932478162;PACKOUT-horni-drazka-1-1;71.90499877929688;58.17000198364258;204.0;133.36900329589844;202.20999145507812;211.0;lid;"Digitální měření modelu; fyzická přesnost detailů neověřená."
4932478162;PACKOUT-horni-zamek-1-1;122.30547332763672;78.33560180664062;208.54998779296875;132.13970947265625;182.04440307617188;210.64999389648438;lid;"Digitální měření modelu; fyzická přesnost detailů neověřená."
4932478162;PACKOUT-lista--227.14;-172.03025817871094;-234.06500244140625;204.0;162.1802520751953;-220.21499633789062;207.5;lid;"Digitální měření modelu; fyzická přesnost detailů neověřená."
4932478162;PACKOUT-lista-227.14;-172.03025817871094;220.21499633789062;204.0;162.1802520751953;234.06500244140625;207.5;lid;"Digitální měření modelu; fyzická přesnost detailů neověřená."
4932478162;viko-prolis-obvod;-185.4755096435547;-260.3800048828125;204.0;175.62550354003906;260.3800048828125;206.45001220703125;lid;"Digitální měření modelu; fyzická přesnost detailů neověřená."
4932478162;PACKOUT-cervene-uvolneni;52.69750213623047;-18.0049991607666;204.0;75.74649810791016;18.0049991607666;206.45001220703125;lid;"Digitální měření modelu; fyzická přesnost detailů neověřená."
4932478162;viko-nosne-zebro--221.60000000000002;-170.1094970703125;-224.10000610351562;202.0;160.25949096679688;-219.10000610351562;211.0;lid;"Digitální měření modelu; fyzická přesnost detailů neověřená."
4932478162;viko-nosne-zebro-221.60000000000002;-170.1094970703125;219.10000610351562;202.0;160.25949096679688;224.10000610351562;211.0;lid;"Digitální měření modelu; fyzická přesnost detailů neověřená."
4932478162;pant-vika--144.04;-196.0;-156.0399932861328;178.0;-190.0;-132.0399932861328;184.0;lid;"Digitální měření modelu; fyzická přesnost detailů neověřená."
4932478162;pant-vika-kotveni--144.04;-196.5;-157.5399932861328;176.0;-187.5;-130.5399932861328;185.0;fixed;"Digitální měření modelu; fyzická přesnost detailů neověřená."
4932478162;pant-vika-144.04;-196.0;132.0399932861328;178.0;-190.0;156.0399932861328;184.0;lid;"Digitální měření modelu; fyzická přesnost detailů neověřená."
4932478162;pant-vika-kotveni-144.04;-196.5;130.5399932861328;176.0;-187.5;157.5399932861328;185.0;fixed;"Digitální měření modelu; fyzická přesnost detailů neověřená."
4932478162;zapadka-zaklad--177.28;181.24000549316406;-196.6699981689453;116.20001220703125;187.14999389648438;-157.88999938964844;188.20001220703125;fixed;"Digitální měření modelu; fyzická přesnost detailů neověřená."
4932478162;zapadka-cervena--177.28;187.14999389648438;-192.40420532226562;116.20001220703125;191.28700256347656;-162.1558074951172;162.27999877929688;fixed;"Digitální měření modelu; fyzická přesnost detailů neověřená."
4932478162;zapadka-zebro--177.28-0;191.2279052734375;-189.10789489746094;140.67999267578125;192.64630126953125;-185.2299041748047;160.83999633789062;fixed;"Digitální měření modelu; fyzická přesnost detailů neověřená."
4932478162;zapadka-zebro--177.28-1;191.2279052734375;-182.5153045654297;140.67999267578125;192.64630126953125;-178.63729858398438;160.83999633789062;fixed;"Digitální měření modelu; fyzická přesnost detailů neověřená."
4932478162;zapadka-zebro--177.28-2;191.2279052734375;-175.92269897460938;140.67999267578125;192.64630126953125;-172.04469299316406;160.83999633789062;fixed;"Digitální měření modelu; fyzická přesnost detailů neověřená."
4932478162;zapadka-zebro--177.28-3;191.2279052734375;-169.33009338378906;140.67999267578125;192.64630126953125;-165.4521026611328;160.83999633789062;fixed;"Digitální měření modelu; fyzická přesnost detailů neověřená."
4932478162;zapadka-kov-levy--177.28;189.93699645996094;-198.02000427246094;136.3599853515625;192.63699340820312;-195.32000732421875;184.60000610351562;fixed;"Digitální měření modelu; fyzická přesnost detailů neověřená."
4932478162;zapadka-kov-pravy--177.28;189.93699645996094;-159.24000549316406;136.3599853515625;192.63699340820312;-156.5399932861328;184.60000610351562;fixed;"Digitální měření modelu; fyzická přesnost detailů neověřená."
4932478162;zapadka-kov-mustek--177.28;189.93699645996094;-196.6699981689453;183.25;192.63699340820312;-157.88999938964844;185.95001220703125;fixed;"Digitální měření modelu; fyzická přesnost detailů neověřená."
4932478162;zapadka-zaklad-177.28;181.24000549316406;157.88999938964844;116.20001220703125;187.14999389648438;196.6699981689453;188.20001220703125;fixed;"Digitální měření modelu; fyzická přesnost detailů neověřená."
4932478162;zapadka-cervena-177.28;187.14999389648438;162.1558074951172;116.20001220703125;191.28700256347656;192.40420532226562;162.27999877929688;fixed;"Digitální měření modelu; fyzická přesnost detailů neověřená."
4932478162;zapadka-zebro-177.28-0;191.2279052734375;165.4521026611328;140.67999267578125;192.64630126953125;169.33009338378906;160.83999633789062;fixed;"Digitální měření modelu; fyzická přesnost detailů neověřená."
4932478162;zapadka-zebro-177.28-1;191.2279052734375;172.04469299316406;140.67999267578125;192.64630126953125;175.92269897460938;160.83999633789062;fixed;"Digitální měření modelu; fyzická přesnost detailů neověřená."
4932478162;zapadka-zebro-177.28-2;191.2279052734375;178.63729858398438;140.67999267578125;192.64630126953125;182.5153045654297;160.83999633789062;fixed;"Digitální měření modelu; fyzická přesnost detailů neověřená."
4932478162;zapadka-zebro-177.28-3;191.2279052734375;185.2299041748047;140.67999267578125;192.64630126953125;189.10789489746094;160.83999633789062;fixed;"Digitální měření modelu; fyzická přesnost detailů neověřená."
4932478162;zapadka-kov-levy-177.28;189.93699645996094;156.5399932861328;136.3599853515625;192.63699340820312;159.24000549316406;184.60000610351562;fixed;"Digitální měření modelu; fyzická přesnost detailů neověřená."
4932478162;zapadka-kov-pravy-177.28;189.93699645996094;195.32000732421875;136.3599853515625;192.63699340820312;198.02000427246094;184.60000610351562;fixed;"Digitální měření modelu; fyzická přesnost detailů neověřená."
4932478162;zapadka-kov-mustek-177.28;189.93699645996094;157.88999938964844;183.25;192.63699340820312;196.6699981689453;185.95001220703125;fixed;"Digitální měření modelu; fyzická přesnost detailů neověřená."
4932478162;bocni-drzadlo--1;-67.22624969482422;-277.0;108.0;67.22624969482422;-272.0;142.0;fixed;"Digitální měření modelu; fyzická přesnost detailů neověřená."
4932478162;bocni-drzadlo-kotveni--1--1;-67.22624969482422;-277.0;108.0;-55.22624969482422;-265.0;142.0;fixed;"Digitální měření modelu; fyzická přesnost detailů neověřená."
4932478162;bocni-drzadlo-kotveni--1-1;55.22624969482422;-277.0;108.0;67.22624969482422;-265.0;142.0;fixed;"Digitální měření modelu; fyzická přesnost detailů neověřená."
4932478162;bocni-drzadlo-1;-67.22624969482422;272.0;108.0;67.22624969482422;277.0;142.0;fixed;"Digitální měření modelu; fyzická přesnost detailů neověřená."
4932478162;bocni-drzadlo-kotveni-1--1;-67.22624969482422;265.0;108.0;-55.22624969482422;277.0;142.0;fixed;"Digitální měření modelu; fyzická přesnost detailů neověřená."
4932478162;bocni-drzadlo-kotveni-1-1;55.22624969482422;265.0;108.0;67.22624969482422;277.0;142.0;fixed;"Digitální měření modelu; fyzická přesnost detailů neověřená."
4932478162;vlozka-dno;-175.5850067138672;-218.25;139.0;-64.28499603271484;218.25;141.0;tray;"Digitální měření modelu; fyzická přesnost detailů neověřená."
4932478162;vlozka-dute-steny;-175.5850067138672;-218.25;141.0;-64.28499603271484;218.25;181.0;tray;"Digitální měření modelu; fyzická přesnost detailů neověřená."
4932478162;vlozka-operna-lista--1;-190.4250030517578;-244.5;136.0;180.5749969482422;-216.25;139.0;fixed;"Digitální měření modelu; fyzická přesnost detailů neověřená."
4932478162;vlozka-operna-lista-1;-190.4250030517578;216.25;136.0;180.5749969482422;244.5;139.0;fixed;"Digitální měření modelu; fyzická přesnost detailů neověřená."
4932478162;PACKOUT-spodni-patka--1--1;-143.21900939941406;-202.20999145507812;-211.0;-81.7550048828125;-58.17000198364258;-198.0;fixed;"Digitální měření modelu; fyzická přesnost detailů neověřená."
4932478162;PACKOUT-spodni-zub--1--1;-100.19420623779297;-180.60400390625;-211.0;-81.7550048828125;-79.7760009765625;-205.8000030517578;fixed;"Digitální měření modelu; fyzická přesnost detailů neověřená."
4932478162;PACKOUT-spodni-patka--1-1;-143.21900939941406;58.17000198364258;-211.0;-81.7550048828125;202.20999145507812;-198.0;fixed;"Digitální měření modelu; fyzická přesnost detailů neověřená."
4932478162;PACKOUT-spodni-zub--1-1;-100.19420623779297;79.7760009765625;-211.0;-81.7550048828125;180.60400390625;-205.8000030517578;fixed;"Digitální měření modelu; fyzická přesnost detailů neověřená."
4932478162;PACKOUT-spodni-patka-0--1;-35.657005310058594;-202.20999145507812;-211.0;25.806997299194336;-58.17000198364258;-198.0;fixed;"Digitální měření modelu; fyzická přesnost detailů neověřená."
4932478162;PACKOUT-spodni-zub-0--1;7.367796897888184;-180.60400390625;-211.0;25.806997299194336;-79.7760009765625;-205.8000030517578;fixed;"Digitální měření modelu; fyzická přesnost detailů neověřená."
4932478162;PACKOUT-spodni-patka-0-1;-35.657005310058594;58.17000198364258;-211.0;25.806997299194336;202.20999145507812;-198.0;fixed;"Digitální měření modelu; fyzická přesnost detailů neověřená."
4932478162;PACKOUT-spodni-zub-0-1;7.367796897888184;79.7760009765625;-211.0;25.806997299194336;180.60400390625;-205.8000030517578;fixed;"Digitální měření modelu; fyzická přesnost detailů neověřená."
4932478162;PACKOUT-spodni-patka-1--1;71.90499877929688;-202.20999145507812;-211.0;133.36900329589844;-58.17000198364258;-198.0;fixed;"Digitální měření modelu; fyzická přesnost detailů neověřená."
4932478162;PACKOUT-spodni-zub-1--1;114.92979431152344;-180.60400390625;-211.0;133.36900329589844;-79.7760009765625;-205.8000030517578;fixed;"Digitální měření modelu; fyzická přesnost detailů neověřená."
4932478162;PACKOUT-spodni-patka-1-1;71.90499877929688;58.17000198364258;-211.0;133.36900329589844;202.20999145507812;-198.0;fixed;"Digitální měření modelu; fyzická přesnost detailů neověřená."
4932478162;PACKOUT-spodni-zub-1-1;114.92979431152344;79.7760009765625;-211.0;133.36900329589844;180.60400390625;-205.8000030517578;fixed;"Digitální měření modelu; fyzická přesnost detailů neověřená."
4932478162;zamek-packout-cerveny;187.14999389648438;-14.5;-183.0;190.14999389648438;14.5;-159.0;fixed;"Digitální měření modelu; fyzická přesnost detailů neověřená."
4932478162;oznaceni-MILWAUKEE;189.14999389648438;-59.03562545776367;4.1191253662109375;189.5;59.03562545776367;19.933059692382812;fixed;"Digitální měření modelu; fyzická přesnost detailů neověřená."
4932478162;oznaceni-PACKOUT;189.14999389648438;-31.920372009277344;-8.224273681640625;189.5;31.920372009277344;2.4158477783203125;fixed;"Digitální měření modelu; fyzická přesnost detailů neověřená."
4932499703;patka--1--1;-204.0399932861328;-279.0400085449219;-82.5;-153.03250122070312;-207.1999969482422;-73.42500305175781;fixed;"Digitální měření modelu; fyzická přesnost detailů neověřená."
4932499703;patka--1-1;-204.0399932861328;207.1999969482422;-82.5;-153.03250122070312;279.0400085449219;-73.42500305175781;fixed;"Digitální měření modelu; fyzická přesnost detailů neověřená."
4932499703;patka-1--1;142.78250122070312;-279.0400085449219;-82.5;193.7899932861328;-207.1999969482422;-73.42500305175781;fixed;"Digitální měření modelu; fyzická přesnost detailů neověřená."
4932499703;patka-1-1;142.78250122070312;207.1999969482422;-82.5;193.7899932861328;279.0400085449219;-73.42500305175781;fixed;"Digitální měření modelu; fyzická přesnost detailů neověřená."
4932499703;telo-dno;-205.0;-280.0;-73.42500305175781;194.75;280.0;-65.42499542236328;fixed;"Digitální měření modelu; fyzická přesnost detailů neověřená."
4932499703;telo-duta-stena;-205.0;-280.0;-65.42499542236328;194.75;280.0;62.69999694824219;fixed;"Digitální měření modelu; fyzická přesnost detailů neověřená."
4932499703;roh-ochrana--1--1;-205.0;-280.0;-73.42500305175781;-191.0087432861328;-266.0087585449219;62.69999694824219;fixed;"Digitální měření modelu; fyzická přesnost detailů neověřená."
4932499703;roh-kov--1--1;-205.0;-280.0;-61.17374801635742;-200.52279663085938;-275.5227966308594;50.44874572753906;fixed;"Digitální měření modelu; fyzická přesnost detailů neověřená."
4932499703;roh-kov-kotveni--1--1-0;-204.7201690673828;-279.7201843261719;-73.42500305175781;-196.32542419433594;-271.325439453125;-65.25749969482422;fixed;"Digitální měření modelu; fyzická přesnost detailů neověřená."
4932499703;roh-kov-kotveni--1--1-1;-204.7201690673828;-279.7201843261719;54.532501220703125;-196.32542419433594;-271.325439453125;62.69999694824219;fixed;"Digitální měření modelu; fyzická přesnost detailů neověřená."
4932499703;roh-ochrana-1--1;180.7587432861328;-280.0;-73.42500305175781;194.75;-266.0087585449219;62.69999694824219;fixed;"Digitální měření modelu; fyzická přesnost detailů neověřená."
4932499703;roh-kov-1--1;190.27279663085938;-280.0;-61.17374801635742;194.75;-275.5227966308594;50.44874572753906;fixed;"Digitální měření modelu; fyzická přesnost detailů neověřená."
4932499703;roh-kov-kotveni-1--1-0;186.07542419433594;-279.7201843261719;-73.42500305175781;194.4701690673828;-271.325439453125;-65.25749969482422;fixed;"Digitální měření modelu; fyzická přesnost detailů neověřená."
4932499703;roh-kov-kotveni-1--1-1;186.07542419433594;-279.7201843261719;54.532501220703125;194.4701690673828;-271.325439453125;62.69999694824219;fixed;"Digitální měření modelu; fyzická přesnost detailů neověřená."
4932499703;roh-ochrana--1-1;-205.0;266.0087585449219;-73.42500305175781;-191.0087432861328;280.0;62.69999694824219;fixed;"Digitální měření modelu; fyzická přesnost detailů neověřená."
4932499703;roh-kov--1-1;-205.0;275.5227966308594;-61.17374801635742;-200.52279663085938;280.0;50.44874572753906;fixed;"Digitální měření modelu; fyzická přesnost detailů neověřená."
4932499703;roh-kov-kotveni--1-1-0;-204.7201690673828;271.325439453125;-73.42500305175781;-196.32542419433594;279.7201843261719;-65.25749969482422;fixed;"Digitální měření modelu; fyzická přesnost detailů neověřená."
4932499703;roh-kov-kotveni--1-1-1;-204.7201690673828;271.325439453125;54.532501220703125;-196.32542419433594;279.7201843261719;62.69999694824219;fixed;"Digitální měření modelu; fyzická přesnost detailů neověřená."
4932499703;roh-ochrana-1-1;180.7587432861328;266.0087585449219;-73.42500305175781;194.75;280.0;62.69999694824219;fixed;"Digitální měření modelu; fyzická přesnost detailů neověřená."
4932499703;roh-kov-1-1;190.27279663085938;275.5227966308594;-61.17374801635742;194.75;280.0;50.44874572753906;fixed;"Digitální měření modelu; fyzická přesnost detailů neověřená."
4932499703;roh-kov-kotveni-1-1-0;186.07542419433594;271.325439453125;-73.42500305175781;194.4701690673828;279.7201843261719;-65.25749969482422;fixed;"Digitální měření modelu; fyzická přesnost detailů neověřená."
4932499703;roh-kov-kotveni-1-1-1;186.07542419433594;271.325439453125;54.532501220703125;194.4701690673828;279.7201843261719;62.69999694824219;fixed;"Digitální měření modelu; fyzická přesnost detailů neověřená."
4932499703;bok-zebro--1--0.22;-97.46724700927734;-280.0;-65.25749969482422;-88.6727523803711;-273.2799987792969;38.19750213623047;fixed;"Digitální měření modelu; fyzická přesnost detailů neověřená."
4932499703;bok-zebro--1-0.22;78.4227523803711;-280.0;-65.25749969482422;87.21724700927734;-273.2799987792969;38.19750213623047;fixed;"Digitální měření modelu; fyzická přesnost detailů neověřená."
4932499703;bok-zebro-1--0.22;-97.46724700927734;273.2799987792969;-65.25749969482422;-88.6727523803711;280.0;38.19750213623047;fixed;"Digitální měření modelu; fyzická přesnost detailů neověřená."
4932499703;bok-zebro-1-0.22;78.4227523803711;273.2799987792969;-65.25749969482422;87.21724700927734;280.0;38.19750213623047;fixed;"Digitální měření modelu; fyzická přesnost detailů neověřená."
4932499703;celo-roh-ochrana--1;180.7587432861328;-280.0;-73.42500305175781;205.0;-266.0087585449219;62.69999694824219;fixed;"Digitální měření modelu; fyzická přesnost detailů neověřená."
4932499703;celo-roh-ochrana-1;180.7587432861328;266.0087585449219;-73.42500305175781;205.0;280.0;62.69999694824219;fixed;"Digitální měření modelu; fyzická přesnost detailů neověřená."
4932499703;viko-nosny-okraj;-205.0;-280.0;62.69999694824219;194.75;280.0;75.57000732421875;lid;"Digitální měření modelu; fyzická přesnost detailů neověřená."
4932499703;viko-panel;-201.0;-276.0;72.60000610351562;190.75;276.0;76.55999755859375;lid;"Digitální měření modelu; fyzická přesnost detailů neověřená."
4932499703;PACKOUT-horni-drazka--1--1;-149.03500366210938;-204.40000915527344;75.5;-85.07499694824219;-58.79999542236328;82.5;lid;"Digitální měření modelu; fyzická přesnost detailů neověřená."
4932499703;PACKOUT-horni-zamek--1--1;-96.58779907226562;-184.01600646972656;80.05000305175781;-86.35420227050781;-79.18399810791016;82.14999389648438;lid;"Digitální měření modelu; fyzická přesnost detailů neověřená."
4932499703;PACKOUT-horni-drazka--1-1;-149.03500366210938;58.79999542236328;75.5;-85.07499694824219;204.40000915527344;82.5;lid;"Digitální měření modelu; fyzická přesnost detailů neověřená."
4932499703;PACKOUT-horni-zamek--1-1;-96.58779907226562;79.18399810791016;80.05000305175781;-86.35420227050781;184.01600646972656;82.14999389648438;lid;"Digitální měření modelu; fyzická přesnost detailů neověřená."
4932499703;PACKOUT-horni-drazka-0--1;-37.10499954223633;-204.40000915527344;75.5;26.854999542236328;-58.79999542236328;82.5;lid;"Digitální měření modelu; fyzická přesnost detailů neověřená."
4932499703;PACKOUT-horni-zamek-0--1;15.342199325561523;-184.01600646972656;80.05000305175781;25.5757999420166;-79.18399810791016;82.14999389648438;lid;"Digitální měření modelu; fyzická přesnost detailů neověřená."
4932499703;PACKOUT-horni-drazka-0-1;-37.10499954223633;58.79999542236328;75.5;26.854999542236328;204.40000915527344;82.5;lid;"Digitální měření modelu; fyzická přesnost detailů neověřená."
4932499703;PACKOUT-horni-zamek-0-1;15.342199325561523;79.18399810791016;80.05000305175781;25.5757999420166;184.01600646972656;82.14999389648438;lid;"Digitální měření modelu; fyzická přesnost detailů neověřená."
4932499703;PACKOUT-horni-drazka-1--1;74.82499694824219;-204.40000915527344;75.5;138.78500366210938;-58.79999542236328;82.5;lid;"Digitální měření modelu; fyzická přesnost detailů neověřená."
4932499703;PACKOUT-horni-zamek-1--1;127.27220153808594;-184.01600646972656;80.05000305175781;137.50579833984375;-79.18399810791016;82.14999389648438;lid;"Digitální měření modelu; fyzická přesnost detailů neověřená."
4932499703;PACKOUT-horni-drazka-1-1;74.82499694824219;58.79999542236328;75.5;138.78500366210938;204.40000915527344;82.5;lid;"Digitální měření modelu; fyzická přesnost detailů neověřená."
4932499703;PACKOUT-horni-zamek-1-1;127.27220153808594;79.18399810791016;80.05000305175781;137.50579833984375;184.01600646972656;82.14999389648438;lid;"Digitální měření modelu; fyzická přesnost detailů neověřená."
4932499703;PACKOUT-lista--229.6;-179.01625061035156;-236.60000610351562;75.5;168.76625061035156;-222.60000610351562;79.0;lid;"Digitální měření modelu; fyzická přesnost detailů neověřená."
4932499703;PACKOUT-lista-229.6;-179.01625061035156;222.60000610351562;75.5;168.76625061035156;236.60000610351562;79.0;lid;"Digitální měření modelu; fyzická přesnost detailů neověřená."
4932499703;viko-prolis-obvod;-193.00750732421875;-263.20001220703125;75.5;182.75750732421875;263.20001220703125;77.94999694824219;lid;"Digitální měření modelu; fyzická přesnost detailů neověřená."
4932499703;PACKOUT-cervene-uvolneni;54.837501525878906;-18.200000762939453;75.5;78.82250213623047;18.200000762939453;77.94999694824219;lid;"Digitální měření modelu; fyzická přesnost detailů neověřená."
4932499703;viko-nosne-zebro--224;-177.0175018310547;-226.5;76.55999755859375;166.7675018310547;-221.5;82.5;lid;"Digitální měření modelu; fyzická přesnost detailů neověřená."
4932499703;viko-nosne-zebro-224;-177.0175018310547;221.5;76.55999755859375;166.7675018310547;226.5;82.5;lid;"Digitální měření modelu; fyzická přesnost detailů neověřená."
4932499703;pant-vika--145.6;-204.0;-157.60000610351562;59.69999694824219;-198.0;-133.60000610351562;65.69999694824219;lid;"Digitální měření modelu; fyzická přesnost detailů neověřená."
4932499703;pant-vika-kotveni--145.6;-204.5;-159.10000610351562;57.69999694824219;-195.5;-132.10000610351562;66.69999694824219;fixed;"Digitální měření modelu; fyzická přesnost detailů neověřená."
4932499703;pant-vika-145.6;-204.0;133.60000610351562;59.69999694824219;-198.0;157.60000610351562;65.69999694824219;lid;"Digitální měření modelu; fyzická přesnost detailů neověřená."
4932499703;pant-vika-kotveni-145.6;-204.5;132.10000610351562;57.69999694824219;-195.5;159.10000610351562;66.69999694824219;fixed;"Digitální měření modelu; fyzická přesnost detailů neověřená."
4932499703;zapadka-zaklad--179.20000000000002;188.75;-198.8000030517578;31.514999389648438;194.75;-159.60000610351562;66.16500854492188;fixed;"Digitální měření modelu; fyzická přesnost detailů neověřená."
4932499703;zapadka-cervena--179.20000000000002;194.75;-194.48800659179688;31.514999389648438;198.9499969482422;-163.91200256347656;53.69099426269531;fixed;"Digitální měření modelu; fyzická přesnost detailů neověřená."
4932499703;zapadka-zebro--179.20000000000002-0;198.88999938964844;-191.156005859375;43.295997619628906;200.3300018310547;-187.23599243164062;52.99800109863281;fixed;"Digitální měření modelu; fyzická přesnost detailů neověřená."
4932499703;zapadka-zebro--179.20000000000002-1;198.88999938964844;-184.49200439453125;43.295997619628906;200.3300018310547;-180.57200622558594;52.99800109863281;fixed;"Digitální měření modelu; fyzická přesnost detailů neověřená."
4932499703;zapadka-zebro--179.20000000000002-2;198.88999938964844;-177.8280029296875;43.295997619628906;200.3300018310547;-173.9080047607422;52.99800109863281;fixed;"Digitální měření modelu; fyzická přesnost detailů neověřená."
4932499703;zapadka-zebro--179.20000000000002-3;198.88999938964844;-171.16400146484375;43.295997619628906;200.3300018310547;-167.24400329589844;52.99800109863281;fixed;"Digitální měření modelu; fyzická přesnost detailů neověřená."
4932499703;zapadka-kov-levy--179.20000000000002;197.60000610351562;-200.14999389648438;41.217002868652344;200.3000030517578;-197.4499969482422;64.4324951171875;fixed;"Digitální měření modelu; fyzická přesnost detailů neověřená."
4932499703;zapadka-kov-pravy--179.20000000000002;197.60000610351562;-160.9499969482422;41.217002868652344;200.3000030517578;-158.25;64.4324951171875;fixed;"Digitální měření modelu; fyzická přesnost detailů neověřená."
4932499703;zapadka-kov-mustek--179.20000000000002;197.60000610351562;-198.8000030517578;63.08250427246094;200.3000030517578;-159.60000610351562;65.78250122070312;fixed;"Digitální měření modelu; fyzická přesnost detailů neověřená."
4932499703;zapadka-zaklad-179.20000000000002;188.75;159.60000610351562;31.514999389648438;194.75;198.8000030517578;66.16500854492188;fixed;"Digitální měření modelu; fyzická přesnost detailů neověřená."
4932499703;zapadka-cervena-179.20000000000002;194.75;163.91200256347656;31.514999389648438;198.9499969482422;194.48800659179688;53.69099426269531;fixed;"Digitální měření modelu; fyzická přesnost detailů neověřená."
4932499703;zapadka-zebro-179.20000000000002-0;198.88999938964844;167.24400329589844;43.295997619628906;200.3300018310547;171.16400146484375;52.99800109863281;fixed;"Digitální měření modelu; fyzická přesnost detailů neověřená."
4932499703;zapadka-zebro-179.20000000000002-1;198.88999938964844;173.9080047607422;43.295997619628906;200.3300018310547;177.8280029296875;52.99800109863281;fixed;"Digitální měření modelu; fyzická přesnost detailů neověřená."
4932499703;zapadka-zebro-179.20000000000002-2;198.88999938964844;180.57200622558594;43.295997619628906;200.3300018310547;184.49200439453125;52.99800109863281;fixed;"Digitální měření modelu; fyzická přesnost detailů neověřená."
4932499703;zapadka-zebro-179.20000000000002-3;198.88999938964844;187.23599243164062;43.295997619628906;200.3300018310547;191.156005859375;52.99800109863281;fixed;"Digitální měření modelu; fyzická přesnost detailů neověřená."
4932499703;zapadka-kov-levy-179.20000000000002;197.60000610351562;158.25;41.217002868652344;200.3000030517578;160.9499969482422;64.4324951171875;fixed;"Digitální měření modelu; fyzická přesnost detailů neověřená."
4932499703;zapadka-kov-pravy-179.20000000000002;197.60000610351562;197.4499969482422;41.217002868652344;200.3000030517578;200.14999389648438;64.4324951171875;fixed;"Digitální měření modelu; fyzická přesnost detailů neověřená."
4932499703;zapadka-kov-mustek-179.20000000000002;197.60000610351562;159.60000610351562;63.08250427246094;200.3000030517578;198.8000030517578;65.78250122070312;fixed;"Digitální měření modelu; fyzická přesnost detailů neověřená."
4932499703;drzadlo-otevreny-uchop;196.75;-92.4000015258789;28.875;201.75;92.4000015258789;61.875;fixed;"Digitální měření modelu; fyzická přesnost detailů neověřená."
4932499703;drzadlo-kotveni--1;189.25;-93.4000015258789;28.875;199.25;-84.80000305175781;61.875;fixed;"Digitální měření modelu; fyzická přesnost detailů neověřená."
4932499703;drzadlo-kotveni-1;189.25;84.80000305175781;28.875;199.25;93.4000015258789;61.875;fixed;"Digitální měření modelu; fyzická přesnost detailů neověřená."
4932499703;PACKOUT-spodni-patka--1--1;-149.03500366210938;-204.40000915527344;-82.5;-85.07499694824219;-58.79999542236328;-72.42500305175781;fixed;"Digitální měření modelu; fyzická přesnost detailů neověřená."
4932499703;PACKOUT-spodni-zub--1--1;-104.26300048828125;-182.55999755859375;-82.5;-85.07499694824219;-80.63999938964844;-78.47000122070312;fixed;"Digitální měření modelu; fyzická přesnost detailů neověřená."
4932499703;PACKOUT-spodni-patka--1-1;-149.03500366210938;58.79999542236328;-82.5;-85.07499694824219;204.40000915527344;-72.42500305175781;fixed;"Digitální měření modelu; fyzická přesnost detailů neověřená."
4932499703;PACKOUT-spodni-zub--1-1;-104.26300048828125;80.63999938964844;-82.5;-85.07499694824219;182.55999755859375;-78.47000122070312;fixed;"Digitální měření modelu; fyzická přesnost detailů neověřená."
4932499703;PACKOUT-spodni-patka-0--1;-37.10499954223633;-204.40000915527344;-82.5;26.854999542236328;-58.79999542236328;-72.42500305175781;fixed;"Digitální měření modelu; fyzická přesnost detailů neověřená."
4932499703;PACKOUT-spodni-zub-0--1;7.666999816894531;-182.55999755859375;-82.5;26.854999542236328;-80.63999938964844;-78.47000122070312;fixed;"Digitální měření modelu; fyzická přesnost detailů neověřená."
4932499703;PACKOUT-spodni-patka-0-1;-37.10499954223633;58.79999542236328;-82.5;26.854999542236328;204.40000915527344;-72.42500305175781;fixed;"Digitální měření modelu; fyzická přesnost detailů neověřená."
4932499703;PACKOUT-spodni-zub-0-1;7.666999816894531;80.63999938964844;-82.5;26.854999542236328;182.55999755859375;-78.47000122070312;fixed;"Digitální měření modelu; fyzická přesnost detailů neověřená."
4932499703;PACKOUT-spodni-patka-1--1;74.82499694824219;-204.40000915527344;-82.5;138.78500366210938;-58.79999542236328;-72.42500305175781;fixed;"Digitální měření modelu; fyzická přesnost detailů neověřená."
4932499703;PACKOUT-spodni-zub-1--1;119.59700012207031;-182.55999755859375;-82.5;138.78500366210938;-80.63999938964844;-78.47000122070312;fixed;"Digitální měření modelu; fyzická přesnost detailů neověřená."
4932499703;PACKOUT-spodni-patka-1-1;74.82499694824219;58.79999542236328;-82.5;138.78500366210938;204.40000915527344;-72.42500305175781;fixed;"Digitální měření modelu; fyzická přesnost detailů neověřená."
4932499703;PACKOUT-spodni-zub-1-1;119.59700012207031;80.63999938964844;-82.5;138.78500366210938;182.55999755859375;-78.47000122070312;fixed;"Digitální měření modelu; fyzická přesnost detailů neověřená."
4932499703;zamek-packout-cerveny;194.75;-14.5;-58.20000076293945;197.75;14.5;-34.20000076293945;fixed;"Digitální měření modelu; fyzická přesnost detailů neověřená."
4932499703;oznaceni-MILWAUKEE;196.75;-59.67499923706055;-1.74749755859375;197.10000610351562;59.67499923706055;14.237701416015625;fixed;"Digitální měření modelu; fyzická přesnost detailů neověřená."
4932499703;oznaceni-PACKOUT;196.75;-32.26607894897461;-14.224578857421875;197.10000610351562;32.26607894897461;-3.4692230224609375;fixed;"Digitální měření modelu; fyzická přesnost detailů neověřená."
4932499703;profesni-panel-dno;-126.2292709350586;-216.72000122070312;-65.42499542236328;149.1585235595703;216.72000122070312;-62.42499923706055;tray;"Digitální měření modelu; fyzická přesnost detailů neověřená."
4932499703;profesni-panel-cerveny-ram;-126.2292709350586;-216.72000122070312;-62.42499923706055;149.1585235595703;216.72000122070312;-59.42499923706055;tray;"Digitální měření modelu; fyzická přesnost detailů neověřená."
4932499703;profesni-kapsa-0-dno;-90.49520874023438;-176.62680053710938;-59.42499923706055;-29.90989875793457;-118.11239624023438;-57.42499923706055;tray;"Digitální měření modelu; fyzická přesnost detailů neověřená."
4932499703;profesni-kapsa-0-duta-stena;-90.49520874023438;-176.62680053710938;-57.42499923706055;-29.90989875793457;-118.11239624023438;-13.862503051757812;tray;"Digitální měření modelu; fyzická přesnost detailů neověřená."
4932499703;profesni-kapsa-1-dno;-90.49520874023438;-102.94200134277344;-59.42499923706055;-29.90989875793457;-44.4276008605957;-57.42499923706055;tray;"Digitální měření modelu; fyzická přesnost detailů neověřená."
4932499703;profesni-kapsa-1-duta-stena;-90.49520874023438;-102.94200134277344;-57.42499923706055;-29.90989875793457;-44.4276008605957;-13.862503051757812;tray;"Digitální měření modelu; fyzická přesnost detailů neověřená."
4932499703;profesni-kapsa-2-dno;-90.49520874023438;-29.257200241088867;-59.42499923706055;-29.90989875793457;29.257200241088867;-57.42499923706055;tray;"Digitální měření modelu; fyzická přesnost detailů neověřená."
4932499703;profesni-kapsa-2-duta-stena;-90.49520874023438;-29.257200241088867;-57.42499923706055;-29.90989875793457;29.257200241088867;-13.862503051757812;tray;"Digitální měření modelu; fyzická přesnost detailů neověřená."
4932499703;profesni-kapsa-3-dno;-90.49520874023438;44.4276008605957;-59.42499923706055;-29.90989875793457;102.94200134277344;-57.42499923706055;tray;"Digitální měření modelu; fyzická přesnost detailů neověřená."
4932499703;profesni-kapsa-3-duta-stena;-90.49520874023438;44.4276008605957;-57.42499923706055;-29.90989875793457;102.94200134277344;-13.862503051757812;tray;"Digitální měření modelu; fyzická přesnost detailů neověřená."
4932499703;profesni-kapsa-4-dno;-90.49520874023438;118.11239624023438;-59.42499923706055;-29.90989875793457;176.62680053710938;-57.42499923706055;tray;"Digitální měření modelu; fyzická přesnost detailů neověřená."
4932499703;profesni-kapsa-4-duta-stena;-90.49520874023438;118.11239624023438;-57.42499923706055;-29.90989875793457;176.62680053710938;-13.862503051757812;tray;"Digitální měření modelu; fyzická přesnost detailů neověřená."
4932499703;profesni-viko-cerveny-ram;-175.0187530517578;-243.60000610351562;64.69999694824219;164.7687530517578;243.60000610351562;66.69999694824219;lid;"Digitální měření modelu; fyzická přesnost detailů neověřená."
4932499704;patka--1--1;-204.0399932861328;-279.0400085449219;-82.5;-153.03250122070312;-207.1999969482422;-73.42500305175781;fixed;"Digitální měření modelu; fyzická přesnost detailů neověřená."
4932499704;patka--1-1;-204.0399932861328;207.1999969482422;-82.5;-153.03250122070312;279.0400085449219;-73.42500305175781;fixed;"Digitální měření modelu; fyzická přesnost detailů neověřená."
4932499704;patka-1--1;142.78250122070312;-279.0400085449219;-82.5;193.7899932861328;-207.1999969482422;-73.42500305175781;fixed;"Digitální měření modelu; fyzická přesnost detailů neověřená."
4932499704;patka-1-1;142.78250122070312;207.1999969482422;-82.5;193.7899932861328;279.0400085449219;-73.42500305175781;fixed;"Digitální měření modelu; fyzická přesnost detailů neověřená."
4932499704;telo-dno;-205.0;-280.0;-73.42500305175781;194.75;280.0;-65.42499542236328;fixed;"Digitální měření modelu; fyzická přesnost detailů neověřená."
4932499704;telo-duta-stena;-205.0;-280.0;-65.42499542236328;194.75;280.0;62.69999694824219;fixed;"Digitální měření modelu; fyzická přesnost detailů neověřená."
4932499704;roh-ochrana--1--1;-205.0;-280.0;-73.42500305175781;-191.0087432861328;-266.0087585449219;62.69999694824219;fixed;"Digitální měření modelu; fyzická přesnost detailů neověřená."
4932499704;roh-kov--1--1;-205.0;-280.0;-61.17374801635742;-200.52279663085938;-275.5227966308594;50.44874572753906;fixed;"Digitální měření modelu; fyzická přesnost detailů neověřená."
4932499704;roh-kov-kotveni--1--1-0;-204.7201690673828;-279.7201843261719;-73.42500305175781;-196.32542419433594;-271.325439453125;-65.25749969482422;fixed;"Digitální měření modelu; fyzická přesnost detailů neověřená."
4932499704;roh-kov-kotveni--1--1-1;-204.7201690673828;-279.7201843261719;54.532501220703125;-196.32542419433594;-271.325439453125;62.69999694824219;fixed;"Digitální měření modelu; fyzická přesnost detailů neověřená."
4932499704;roh-ochrana-1--1;180.7587432861328;-280.0;-73.42500305175781;194.75;-266.0087585449219;62.69999694824219;fixed;"Digitální měření modelu; fyzická přesnost detailů neověřená."
4932499704;roh-kov-1--1;190.27279663085938;-280.0;-61.17374801635742;194.75;-275.5227966308594;50.44874572753906;fixed;"Digitální měření modelu; fyzická přesnost detailů neověřená."
4932499704;roh-kov-kotveni-1--1-0;186.07542419433594;-279.7201843261719;-73.42500305175781;194.4701690673828;-271.325439453125;-65.25749969482422;fixed;"Digitální měření modelu; fyzická přesnost detailů neověřená."
4932499704;roh-kov-kotveni-1--1-1;186.07542419433594;-279.7201843261719;54.532501220703125;194.4701690673828;-271.325439453125;62.69999694824219;fixed;"Digitální měření modelu; fyzická přesnost detailů neověřená."
4932499704;roh-ochrana--1-1;-205.0;266.0087585449219;-73.42500305175781;-191.0087432861328;280.0;62.69999694824219;fixed;"Digitální měření modelu; fyzická přesnost detailů neověřená."
4932499704;roh-kov--1-1;-205.0;275.5227966308594;-61.17374801635742;-200.52279663085938;280.0;50.44874572753906;fixed;"Digitální měření modelu; fyzická přesnost detailů neověřená."
4932499704;roh-kov-kotveni--1-1-0;-204.7201690673828;271.325439453125;-73.42500305175781;-196.32542419433594;279.7201843261719;-65.25749969482422;fixed;"Digitální měření modelu; fyzická přesnost detailů neověřená."
4932499704;roh-kov-kotveni--1-1-1;-204.7201690673828;271.325439453125;54.532501220703125;-196.32542419433594;279.7201843261719;62.69999694824219;fixed;"Digitální měření modelu; fyzická přesnost detailů neověřená."
4932499704;roh-ochrana-1-1;180.7587432861328;266.0087585449219;-73.42500305175781;194.75;280.0;62.69999694824219;fixed;"Digitální měření modelu; fyzická přesnost detailů neověřená."
4932499704;roh-kov-1-1;190.27279663085938;275.5227966308594;-61.17374801635742;194.75;280.0;50.44874572753906;fixed;"Digitální měření modelu; fyzická přesnost detailů neověřená."
4932499704;roh-kov-kotveni-1-1-0;186.07542419433594;271.325439453125;-73.42500305175781;194.4701690673828;279.7201843261719;-65.25749969482422;fixed;"Digitální měření modelu; fyzická přesnost detailů neověřená."
4932499704;roh-kov-kotveni-1-1-1;186.07542419433594;271.325439453125;54.532501220703125;194.4701690673828;279.7201843261719;62.69999694824219;fixed;"Digitální měření modelu; fyzická přesnost detailů neověřená."
4932499704;bok-zebro--1--0.22;-97.46724700927734;-280.0;-65.25749969482422;-88.6727523803711;-273.2799987792969;38.19750213623047;fixed;"Digitální měření modelu; fyzická přesnost detailů neověřená."
4932499704;bok-zebro--1-0.22;78.4227523803711;-280.0;-65.25749969482422;87.21724700927734;-273.2799987792969;38.19750213623047;fixed;"Digitální měření modelu; fyzická přesnost detailů neověřená."
4932499704;bok-zebro-1--0.22;-97.46724700927734;273.2799987792969;-65.25749969482422;-88.6727523803711;280.0;38.19750213623047;fixed;"Digitální měření modelu; fyzická přesnost detailů neověřená."
4932499704;bok-zebro-1-0.22;78.4227523803711;273.2799987792969;-65.25749969482422;87.21724700927734;280.0;38.19750213623047;fixed;"Digitální měření modelu; fyzická přesnost detailů neověřená."
4932499704;celo-roh-ochrana--1;180.7587432861328;-280.0;-73.42500305175781;205.0;-266.0087585449219;62.69999694824219;fixed;"Digitální měření modelu; fyzická přesnost detailů neověřená."
4932499704;celo-roh-ochrana-1;180.7587432861328;266.0087585449219;-73.42500305175781;205.0;280.0;62.69999694824219;fixed;"Digitální měření modelu; fyzická přesnost detailů neověřená."
4932499704;viko-nosny-okraj;-205.0;-280.0;62.69999694824219;194.75;280.0;75.57000732421875;lid;"Digitální měření modelu; fyzická přesnost detailů neověřená."
4932499704;viko-panel;-201.0;-276.0;72.60000610351562;190.75;276.0;76.55999755859375;lid;"Digitální měření modelu; fyzická přesnost detailů neověřená."
4932499704;PACKOUT-horni-drazka--1--1;-149.03500366210938;-204.40000915527344;75.5;-85.07499694824219;-58.79999542236328;82.5;lid;"Digitální měření modelu; fyzická přesnost detailů neověřená."
4932499704;PACKOUT-horni-zamek--1--1;-96.58779907226562;-184.01600646972656;80.05000305175781;-86.35420227050781;-79.18399810791016;82.14999389648438;lid;"Digitální měření modelu; fyzická přesnost detailů neověřená."
4932499704;PACKOUT-horni-drazka--1-1;-149.03500366210938;58.79999542236328;75.5;-85.07499694824219;204.40000915527344;82.5;lid;"Digitální měření modelu; fyzická přesnost detailů neověřená."
4932499704;PACKOUT-horni-zamek--1-1;-96.58779907226562;79.18399810791016;80.05000305175781;-86.35420227050781;184.01600646972656;82.14999389648438;lid;"Digitální měření modelu; fyzická přesnost detailů neověřená."
4932499704;PACKOUT-horni-drazka-0--1;-37.10499954223633;-204.40000915527344;75.5;26.854999542236328;-58.79999542236328;82.5;lid;"Digitální měření modelu; fyzická přesnost detailů neověřená."
4932499704;PACKOUT-horni-zamek-0--1;15.342199325561523;-184.01600646972656;80.05000305175781;25.5757999420166;-79.18399810791016;82.14999389648438;lid;"Digitální měření modelu; fyzická přesnost detailů neověřená."
4932499704;PACKOUT-horni-drazka-0-1;-37.10499954223633;58.79999542236328;75.5;26.854999542236328;204.40000915527344;82.5;lid;"Digitální měření modelu; fyzická přesnost detailů neověřená."
4932499704;PACKOUT-horni-zamek-0-1;15.342199325561523;79.18399810791016;80.05000305175781;25.5757999420166;184.01600646972656;82.14999389648438;lid;"Digitální měření modelu; fyzická přesnost detailů neověřená."
4932499704;PACKOUT-horni-drazka-1--1;74.82499694824219;-204.40000915527344;75.5;138.78500366210938;-58.79999542236328;82.5;lid;"Digitální měření modelu; fyzická přesnost detailů neověřená."
4932499704;PACKOUT-horni-zamek-1--1;127.27220153808594;-184.01600646972656;80.05000305175781;137.50579833984375;-79.18399810791016;82.14999389648438;lid;"Digitální měření modelu; fyzická přesnost detailů neověřená."
4932499704;PACKOUT-horni-drazka-1-1;74.82499694824219;58.79999542236328;75.5;138.78500366210938;204.40000915527344;82.5;lid;"Digitální měření modelu; fyzická přesnost detailů neověřená."
4932499704;PACKOUT-horni-zamek-1-1;127.27220153808594;79.18399810791016;80.05000305175781;137.50579833984375;184.01600646972656;82.14999389648438;lid;"Digitální měření modelu; fyzická přesnost detailů neověřená."
4932499704;PACKOUT-lista--229.6;-179.01625061035156;-236.60000610351562;75.5;168.76625061035156;-222.60000610351562;79.0;lid;"Digitální měření modelu; fyzická přesnost detailů neověřená."
4932499704;PACKOUT-lista-229.6;-179.01625061035156;222.60000610351562;75.5;168.76625061035156;236.60000610351562;79.0;lid;"Digitální měření modelu; fyzická přesnost detailů neověřená."
4932499704;viko-prolis-obvod;-193.00750732421875;-263.20001220703125;75.5;182.75750732421875;263.20001220703125;77.94999694824219;lid;"Digitální měření modelu; fyzická přesnost detailů neověřená."
4932499704;PACKOUT-cervene-uvolneni;54.837501525878906;-18.200000762939453;75.5;78.82250213623047;18.200000762939453;77.94999694824219;lid;"Digitální měření modelu; fyzická přesnost detailů neověřená."
4932499704;viko-nosne-zebro--224;-177.0175018310547;-226.5;76.55999755859375;166.7675018310547;-221.5;82.5;lid;"Digitální měření modelu; fyzická přesnost detailů neověřená."
4932499704;viko-nosne-zebro-224;-177.0175018310547;221.5;76.55999755859375;166.7675018310547;226.5;82.5;lid;"Digitální měření modelu; fyzická přesnost detailů neověřená."
4932499704;pant-vika--145.6;-204.0;-157.60000610351562;59.69999694824219;-198.0;-133.60000610351562;65.69999694824219;lid;"Digitální měření modelu; fyzická přesnost detailů neověřená."
4932499704;pant-vika-kotveni--145.6;-204.5;-159.10000610351562;57.69999694824219;-195.5;-132.10000610351562;66.69999694824219;fixed;"Digitální měření modelu; fyzická přesnost detailů neověřená."
4932499704;pant-vika-145.6;-204.0;133.60000610351562;59.69999694824219;-198.0;157.60000610351562;65.69999694824219;lid;"Digitální měření modelu; fyzická přesnost detailů neověřená."
4932499704;pant-vika-kotveni-145.6;-204.5;132.10000610351562;57.69999694824219;-195.5;159.10000610351562;66.69999694824219;fixed;"Digitální měření modelu; fyzická přesnost detailů neověřená."
4932499704;zapadka-zaklad--179.20000000000002;188.75;-198.8000030517578;31.514999389648438;194.75;-159.60000610351562;66.16500854492188;fixed;"Digitální měření modelu; fyzická přesnost detailů neověřená."
4932499704;zapadka-cervena--179.20000000000002;194.75;-194.48800659179688;31.514999389648438;198.9499969482422;-163.91200256347656;53.69099426269531;fixed;"Digitální měření modelu; fyzická přesnost detailů neověřená."
4932499704;zapadka-zebro--179.20000000000002-0;198.88999938964844;-191.156005859375;43.295997619628906;200.3300018310547;-187.23599243164062;52.99800109863281;fixed;"Digitální měření modelu; fyzická přesnost detailů neověřená."
4932499704;zapadka-zebro--179.20000000000002-1;198.88999938964844;-184.49200439453125;43.295997619628906;200.3300018310547;-180.57200622558594;52.99800109863281;fixed;"Digitální měření modelu; fyzická přesnost detailů neověřená."
4932499704;zapadka-zebro--179.20000000000002-2;198.88999938964844;-177.8280029296875;43.295997619628906;200.3300018310547;-173.9080047607422;52.99800109863281;fixed;"Digitální měření modelu; fyzická přesnost detailů neověřená."
4932499704;zapadka-zebro--179.20000000000002-3;198.88999938964844;-171.16400146484375;43.295997619628906;200.3300018310547;-167.24400329589844;52.99800109863281;fixed;"Digitální měření modelu; fyzická přesnost detailů neověřená."
4932499704;zapadka-kov-levy--179.20000000000002;197.60000610351562;-200.14999389648438;41.217002868652344;200.3000030517578;-197.4499969482422;64.4324951171875;fixed;"Digitální měření modelu; fyzická přesnost detailů neověřená."
4932499704;zapadka-kov-pravy--179.20000000000002;197.60000610351562;-160.9499969482422;41.217002868652344;200.3000030517578;-158.25;64.4324951171875;fixed;"Digitální měření modelu; fyzická přesnost detailů neověřená."
4932499704;zapadka-kov-mustek--179.20000000000002;197.60000610351562;-198.8000030517578;63.08250427246094;200.3000030517578;-159.60000610351562;65.78250122070312;fixed;"Digitální měření modelu; fyzická přesnost detailů neověřená."
4932499704;zapadka-zaklad-179.20000000000002;188.75;159.60000610351562;31.514999389648438;194.75;198.8000030517578;66.16500854492188;fixed;"Digitální měření modelu; fyzická přesnost detailů neověřená."
4932499704;zapadka-cervena-179.20000000000002;194.75;163.91200256347656;31.514999389648438;198.9499969482422;194.48800659179688;53.69099426269531;fixed;"Digitální měření modelu; fyzická přesnost detailů neověřená."
4932499704;zapadka-zebro-179.20000000000002-0;198.88999938964844;167.24400329589844;43.295997619628906;200.3300018310547;171.16400146484375;52.99800109863281;fixed;"Digitální měření modelu; fyzická přesnost detailů neověřená."
4932499704;zapadka-zebro-179.20000000000002-1;198.88999938964844;173.9080047607422;43.295997619628906;200.3300018310547;177.8280029296875;52.99800109863281;fixed;"Digitální měření modelu; fyzická přesnost detailů neověřená."
4932499704;zapadka-zebro-179.20000000000002-2;198.88999938964844;180.57200622558594;43.295997619628906;200.3300018310547;184.49200439453125;52.99800109863281;fixed;"Digitální měření modelu; fyzická přesnost detailů neověřená."
4932499704;zapadka-zebro-179.20000000000002-3;198.88999938964844;187.23599243164062;43.295997619628906;200.3300018310547;191.156005859375;52.99800109863281;fixed;"Digitální měření modelu; fyzická přesnost detailů neověřená."
4932499704;zapadka-kov-levy-179.20000000000002;197.60000610351562;158.25;41.217002868652344;200.3000030517578;160.9499969482422;64.4324951171875;fixed;"Digitální měření modelu; fyzická přesnost detailů neověřená."
4932499704;zapadka-kov-pravy-179.20000000000002;197.60000610351562;197.4499969482422;41.217002868652344;200.3000030517578;200.14999389648438;64.4324951171875;fixed;"Digitální měření modelu; fyzická přesnost detailů neověřená."
4932499704;zapadka-kov-mustek-179.20000000000002;197.60000610351562;159.60000610351562;63.08250427246094;200.3000030517578;198.8000030517578;65.78250122070312;fixed;"Digitální měření modelu; fyzická přesnost detailů neověřená."
4932499704;drzadlo-otevreny-uchop;196.75;-92.4000015258789;28.875;201.75;92.4000015258789;61.875;fixed;"Digitální měření modelu; fyzická přesnost detailů neověřená."
4932499704;drzadlo-kotveni--1;189.25;-93.4000015258789;28.875;199.25;-84.80000305175781;61.875;fixed;"Digitální měření modelu; fyzická přesnost detailů neověřená."
4932499704;drzadlo-kotveni-1;189.25;84.80000305175781;28.875;199.25;93.4000015258789;61.875;fixed;"Digitální měření modelu; fyzická přesnost detailů neověřená."
4932499704;PACKOUT-spodni-patka--1--1;-149.03500366210938;-204.40000915527344;-82.5;-85.07499694824219;-58.79999542236328;-72.42500305175781;fixed;"Digitální měření modelu; fyzická přesnost detailů neověřená."
4932499704;PACKOUT-spodni-zub--1--1;-104.26300048828125;-182.55999755859375;-82.5;-85.07499694824219;-80.63999938964844;-78.47000122070312;fixed;"Digitální měření modelu; fyzická přesnost detailů neověřená."
4932499704;PACKOUT-spodni-patka--1-1;-149.03500366210938;58.79999542236328;-82.5;-85.07499694824219;204.40000915527344;-72.42500305175781;fixed;"Digitální měření modelu; fyzická přesnost detailů neověřená."
4932499704;PACKOUT-spodni-zub--1-1;-104.26300048828125;80.63999938964844;-82.5;-85.07499694824219;182.55999755859375;-78.47000122070312;fixed;"Digitální měření modelu; fyzická přesnost detailů neověřená."
4932499704;PACKOUT-spodni-patka-0--1;-37.10499954223633;-204.40000915527344;-82.5;26.854999542236328;-58.79999542236328;-72.42500305175781;fixed;"Digitální měření modelu; fyzická přesnost detailů neověřená."
4932499704;PACKOUT-spodni-zub-0--1;7.666999816894531;-182.55999755859375;-82.5;26.854999542236328;-80.63999938964844;-78.47000122070312;fixed;"Digitální měření modelu; fyzická přesnost detailů neověřená."
4932499704;PACKOUT-spodni-patka-0-1;-37.10499954223633;58.79999542236328;-82.5;26.854999542236328;204.40000915527344;-72.42500305175781;fixed;"Digitální měření modelu; fyzická přesnost detailů neověřená."
4932499704;PACKOUT-spodni-zub-0-1;7.666999816894531;80.63999938964844;-82.5;26.854999542236328;182.55999755859375;-78.47000122070312;fixed;"Digitální měření modelu; fyzická přesnost detailů neověřená."
4932499704;PACKOUT-spodni-patka-1--1;74.82499694824219;-204.40000915527344;-82.5;138.78500366210938;-58.79999542236328;-72.42500305175781;fixed;"Digitální měření modelu; fyzická přesnost detailů neověřená."
4932499704;PACKOUT-spodni-zub-1--1;119.59700012207031;-182.55999755859375;-82.5;138.78500366210938;-80.63999938964844;-78.47000122070312;fixed;"Digitální měření modelu; fyzická přesnost detailů neověřená."
4932499704;PACKOUT-spodni-patka-1-1;74.82499694824219;58.79999542236328;-82.5;138.78500366210938;204.40000915527344;-72.42500305175781;fixed;"Digitální měření modelu; fyzická přesnost detailů neověřená."
4932499704;PACKOUT-spodni-zub-1-1;119.59700012207031;80.63999938964844;-82.5;138.78500366210938;182.55999755859375;-78.47000122070312;fixed;"Digitální měření modelu; fyzická přesnost detailů neověřená."
4932499704;zamek-packout-cerveny;194.75;-14.5;-58.20000076293945;197.75;14.5;-34.20000076293945;fixed;"Digitální měření modelu; fyzická přesnost detailů neověřená."
4932499704;oznaceni-MILWAUKEE;196.75;-59.67499923706055;-1.74749755859375;197.10000610351562;59.67499923706055;14.237701416015625;fixed;"Digitální měření modelu; fyzická přesnost detailů neověřená."
4932499704;oznaceni-PACKOUT;196.75;-32.26607894897461;-14.224578857421875;197.10000610351562;32.26607894897461;-3.4692230224609375;fixed;"Digitální měření modelu; fyzická přesnost detailů neověřená."
4932499704;profesni-panel-dno;-126.2292709350586;-216.72000122070312;-65.42499542236328;149.1585235595703;216.72000122070312;-62.42499923706055;tray;"Digitální měření modelu; fyzická přesnost detailů neověřená."
4932499704;profesni-panel-cerveny-ram;-126.2292709350586;-216.72000122070312;-62.42499923706055;149.1585235595703;216.72000122070312;-59.42499923706055;tray;"Digitální měření modelu; fyzická přesnost detailů neověřená."
4932499704;profesni-kapsa-0-dno;-90.49520874023438;-176.62680053710938;-59.42499923706055;-29.90989875793457;-118.11239624023438;-57.42499923706055;tray;"Digitální měření modelu; fyzická přesnost detailů neověřená."
4932499704;profesni-kapsa-0-duta-stena;-90.49520874023438;-176.62680053710938;-57.42499923706055;-29.90989875793457;-118.11239624023438;-13.862503051757812;tray;"Digitální měření modelu; fyzická přesnost detailů neověřená."
4932499704;profesni-kapsa-1-dno;-90.49520874023438;-102.94200134277344;-59.42499923706055;-29.90989875793457;-44.4276008605957;-57.42499923706055;tray;"Digitální měření modelu; fyzická přesnost detailů neověřená."
4932499704;profesni-kapsa-1-duta-stena;-90.49520874023438;-102.94200134277344;-57.42499923706055;-29.90989875793457;-44.4276008605957;-13.862503051757812;tray;"Digitální měření modelu; fyzická přesnost detailů neověřená."
4932499704;profesni-kapsa-2-dno;-90.49520874023438;-29.257200241088867;-59.42499923706055;-29.90989875793457;29.257200241088867;-57.42499923706055;tray;"Digitální měření modelu; fyzická přesnost detailů neověřená."
4932499704;profesni-kapsa-2-duta-stena;-90.49520874023438;-29.257200241088867;-57.42499923706055;-29.90989875793457;29.257200241088867;-13.862503051757812;tray;"Digitální měření modelu; fyzická přesnost detailů neověřená."
4932499704;profesni-kapsa-3-dno;-90.49520874023438;44.4276008605957;-59.42499923706055;-29.90989875793457;102.94200134277344;-57.42499923706055;tray;"Digitální měření modelu; fyzická přesnost detailů neověřená."
4932499704;profesni-kapsa-3-duta-stena;-90.49520874023438;44.4276008605957;-57.42499923706055;-29.90989875793457;102.94200134277344;-13.862503051757812;tray;"Digitální měření modelu; fyzická přesnost detailů neověřená."
4932499704;profesni-kapsa-4-dno;-90.49520874023438;118.11239624023438;-59.42499923706055;-29.90989875793457;176.62680053710938;-57.42499923706055;tray;"Digitální měření modelu; fyzická přesnost detailů neověřená."
4932499704;profesni-kapsa-4-duta-stena;-90.49520874023438;118.11239624023438;-57.42499923706055;-29.90989875793457;176.62680053710938;-13.862503051757812;tray;"Digitální měření modelu; fyzická přesnost detailů neověřená."
4932499704;profesni-viko-cerveny-ram;-175.0187530517578;-243.60000610351562;64.69999694824219;164.7687530517578;243.60000610351562;66.69999694824219;lid;"Digitální měření modelu; fyzická přesnost detailů neověřená."
4932464078;pojezdove-telo-dno;-236.0;-246.5;-233.0;236.0;246.5;-116.0;fixed;"Digitální měření modelu; fyzická přesnost detailů neověřená."
4932464078;pojezdove-telo-duta-stena;-236.0;-246.5;-116.0;236.0;246.5;237.0;fixed;"Digitální měření modelu; fyzická přesnost detailů neověřená."
4932464078;pojezdova-patka--1--1;-234.8000030517578;-245.3000030517578;-265.0;-214.0;-224.5;-233.0;fixed;"Digitální měření modelu; fyzická přesnost detailů neověřená."
4932464078;pojezdova-patka--1-1;-234.8000030517578;224.5;-265.0;-214.0;245.3000030517578;-233.0;fixed;"Digitální měření modelu; fyzická přesnost detailů neověřená."
4932464078;pojezdova-patka-1--1;214.0;-245.3000030517578;-265.0;234.8000030517578;-224.5;-233.0;fixed;"Digitální měření modelu; fyzická přesnost detailů neověřená."
4932464078;pojezdova-patka-1-1;214.0;224.5;-265.0;234.8000030517578;245.3000030517578;-233.0;fixed;"Digitální měření modelu; fyzická přesnost detailů neověřená."
4932464078;roh-ochrana--1--1;-236.0;-246.5;-233.0;-219.47999572753906;-229.97999572753906;237.0;fixed;"Digitální měření modelu; fyzická přesnost detailů neověřená."
4932464078;roh-kov--1--1;-236.0;-246.5;-190.6999969482422;-230.71359252929688;-241.21359252929688;194.70001220703125;fixed;"Digitální měření modelu; fyzická přesnost detailů neověřená."
4932464078;roh-kov-kotveni--1--1-0;-235.6696014404297;-246.1696014404297;-233.0;-225.75759887695312;-236.25759887695312;-204.8000030517578;fixed;"Digitální měření modelu; fyzická přesnost detailů neověřená."
4932464078;roh-kov-kotveni--1--1-1;-235.6696014404297;-246.1696014404297;208.79998779296875;-225.75759887695312;-236.25759887695312;237.0;fixed;"Digitální měření modelu; fyzická přesnost detailů neověřená."
4932464078;roh-ochrana-1--1;219.47999572753906;-246.5;-233.0;236.0;-229.97999572753906;237.0;fixed;"Digitální měření modelu; fyzická přesnost detailů neověřená."
4932464078;roh-kov-1--1;230.71359252929688;-246.5;-190.6999969482422;236.0;-241.21359252929688;194.70001220703125;fixed;"Digitální měření modelu; fyzická přesnost detailů neověřená."
4932464078;roh-kov-kotveni-1--1-0;225.75759887695312;-246.1696014404297;-233.0;235.6696014404297;-236.25759887695312;-204.8000030517578;fixed;"Digitální měření modelu; fyzická přesnost detailů neověřená."
4932464078;roh-kov-kotveni-1--1-1;225.75759887695312;-246.1696014404297;208.79998779296875;235.6696014404297;-236.25759887695312;237.0;fixed;"Digitální měření modelu; fyzická přesnost detailů neověřená."
4932464078;roh-ochrana--1-1;-236.0;229.97999572753906;-233.0;-219.47999572753906;246.5;237.0;fixed;"Digitální měření modelu; fyzická přesnost detailů neověřená."
4932464078;roh-kov--1-1;-236.0;241.21359252929688;-190.6999969482422;-230.71359252929688;246.5;194.70001220703125;fixed;"Digitální měření modelu; fyzická přesnost detailů neověřená."
4932464078;roh-kov-kotveni--1-1-0;-235.6696014404297;236.25759887695312;-233.0;-225.75759887695312;246.1696014404297;-204.8000030517578;fixed;"Digitální měření modelu; fyzická přesnost detailů neověřená."
4932464078;roh-kov-kotveni--1-1-1;-235.6696014404297;236.25759887695312;208.79998779296875;-225.75759887695312;246.1696014404297;237.0;fixed;"Digitální měření modelu; fyzická přesnost detailů neověřená."
4932464078;roh-ochrana-1-1;219.47999572753906;229.97999572753906;-233.0;236.0;246.5;237.0;fixed;"Digitální měření modelu; fyzická přesnost detailů neověřená."
4932464078;roh-kov-1-1;230.71359252929688;241.21359252929688;-190.6999969482422;236.0;246.5;194.70001220703125;fixed;"Digitální měření modelu; fyzická přesnost detailů neověřená."
4932464078;roh-kov-kotveni-1-1-0;225.75759887695312;236.25759887695312;-233.0;235.6696014404297;246.1696014404297;-204.8000030517578;fixed;"Digitální měření modelu; fyzická přesnost detailů neověřená."
4932464078;roh-kov-kotveni-1-1-1;225.75759887695312;236.25759887695312;208.79998779296875;235.6696014404297;246.1696014404297;237.0;fixed;"Digitální měření modelu; fyzická přesnost detailů neověřená."
4932464078;bok-zebro--1--0.22;-109.03199768066406;-246.5;-204.8000030517578;-98.64800262451172;-240.58399963378906;152.39999389648438;fixed;"Digitální měření modelu; fyzická přesnost detailů neověřená."
4932464078;bok-zebro--1-0.22;98.64800262451172;-246.5;-204.8000030517578;109.03199768066406;-240.58399963378906;152.39999389648438;fixed;"Digitální měření modelu; fyzická přesnost detailů neověřená."
4932464078;bok-zebro-1--0.22;-109.03199768066406;240.58399963378906;-204.8000030517578;-98.64800262451172;246.5;152.39999389648438;fixed;"Digitální měření modelu; fyzická přesnost detailů neověřená."
4932464078;bok-zebro-1-0.22;98.64800262451172;240.58399963378906;-204.8000030517578;109.03199768066406;246.5;152.39999389648438;fixed;"Digitální měření modelu; fyzická přesnost detailů neověřená."
4932464078;viko-nosny-okraj;-236.0;-246.5;237.0;236.0;246.5;255.20001220703125;lid;"Digitální měření modelu; fyzická přesnost detailů neověřená."
4932464078;viko-panel;-232.0;-242.5;251.0;232.0;242.5;258.0;lid;"Digitální měření modelu; fyzická přesnost detailů neověřená."
4932464078;PACKOUT-horni-drazka--1--1;-169.9199981689453;-179.9449920654297;258.0;-94.4000015258789;-51.7650032043457;265.0;lid;"Digitální měření modelu; fyzická přesnost detailů neověřená."
4932464078;PACKOUT-horni-zamek--1--1;-107.99359893798828;-161.9998016357422;262.54998779296875;-95.910400390625;-69.710205078125;264.6500244140625;lid;"Digitální měření modelu; fyzická přesnost detailů neověřená."
4932464078;PACKOUT-horni-drazka--1-1;-169.9199981689453;51.7650032043457;258.0;-94.4000015258789;179.9449920654297;265.0;lid;"Digitální měření modelu; fyzická přesnost detailů neověřená."
4932464078;PACKOUT-horni-zamek--1-1;-107.99359893798828;69.710205078125;262.54998779296875;-95.910400390625;161.9998016357422;264.6500244140625;lid;"Digitální měření modelu; fyzická přesnost detailů neověřená."
4932464078;PACKOUT-horni-drazka-0--1;-37.7599983215332;-179.9449920654297;258.0;37.7599983215332;-51.7650032043457;265.0;lid;"Digitální měření modelu; fyzická přesnost detailů neověřená."
4932464078;PACKOUT-horni-zamek-0--1;24.166399002075195;-161.9998016357422;262.54998779296875;36.24959945678711;-69.710205078125;264.6500244140625;lid;"Digitální měření modelu; fyzická přesnost detailů neověřená."
4932464078;PACKOUT-horni-drazka-0-1;-37.7599983215332;51.7650032043457;258.0;37.7599983215332;179.9449920654297;265.0;lid;"Digitální měření modelu; fyzická přesnost detailů neověřená."
4932464078;PACKOUT-horni-zamek-0-1;24.166399002075195;69.710205078125;262.54998779296875;36.24959945678711;161.9998016357422;264.6500244140625;lid;"Digitální měření modelu; fyzická přesnost detailů neověřená."
4932464078;PACKOUT-horni-drazka-1--1;94.4000015258789;-179.9449920654297;258.0;169.9199981689453;-51.7650032043457;265.0;lid;"Digitální měření modelu; fyzická přesnost detailů neověřená."
4932464078;PACKOUT-horni-zamek-1--1;156.32640075683594;-161.9998016357422;262.54998779296875;168.40960693359375;-69.710205078125;264.6500244140625;lid;"Digitální měření modelu; fyzická přesnost detailů neověřená."
4932464078;PACKOUT-horni-drazka-1-1;94.4000015258789;51.7650032043457;258.0;169.9199981689453;179.9449920654297;265.0;lid;"Digitální měření modelu; fyzická přesnost detailů neověřená."
4932464078;PACKOUT-horni-zamek-1-1;156.32640075683594;69.710205078125;262.54998779296875;168.40960693359375;161.9998016357422;264.6500244140625;lid;"Digitální měření modelu; fyzická přesnost detailů neověřená."
4932464078;PACKOUT-lista--202.13;-205.32000732421875;-208.29249572753906;258.0;205.32000732421875;-195.96749877929688;261.5;lid;"Digitální měření modelu; fyzická přesnost detailů neověřená."
4932464078;PACKOUT-lista-202.13;-205.32000732421875;195.96749877929688;258.0;205.32000732421875;208.29249572753906;261.5;lid;"Digitální měření modelu; fyzická přesnost detailů neověřená."
4932464078;viko-prolis-obvod;-221.83999633789062;-231.7100067138672;258.0;221.83999633789062;231.7100067138672;260.45001220703125;lid;"Digitální měření modelu; fyzická přesnost detailů neověřená."
4932464078;PACKOUT-cervene-uvolneni;70.80000305175781;-16.022499084472656;258.0;99.12000274658203;16.022499084472656;260.45001220703125;lid;"Digitální měření modelu; fyzická přesnost detailů neověřená."
4932464078;viko-nosne-zebro--197.20000000000002;-202.9600067138672;-199.6999969482422;256.5999755859375;202.9600067138672;-194.6999969482422;265.0;lid;"Digitální měření modelu; fyzická přesnost detailů neověřená."
4932464078;viko-nosne-zebro-197.20000000000002;-202.9600067138672;194.6999969482422;256.5999755859375;202.9600067138672;199.6999969482422;265.0;lid;"Digitální měření modelu; fyzická přesnost detailů neověřená."
4932464078;pant-vika--128.18;-235.0;-140.17999267578125;234.0;-229.0;-116.18000030517578;240.0;lid;"Digitální měření modelu; fyzická přesnost detailů neověřená."
4932464078;pant-vika-kotveni--128.18;-235.5;-141.67999267578125;232.0;-226.5;-114.68000030517578;241.0;fixed;"Digitální měření modelu; fyzická přesnost detailů neověřená."
4932464078;pant-vika-128.18;-235.0;116.18000030517578;234.0;-229.0;140.17999267578125;240.0;lid;"Digitální měření modelu; fyzická přesnost detailů neověřená."
4932464078;pant-vika-kotveni-128.18;-235.5;114.68000030517578;232.0;-226.5;141.67999267578125;241.0;fixed;"Digitální měření modelu; fyzická přesnost detailů neověřená."
4932464078;zapadka-zaklad--157.76;224.0;-177.39500427246094;175.0;230.0;-138.125;245.0;fixed;"Digitální měření modelu; fyzická přesnost detailů neověřená."
4932464078;zapadka-cervena--157.76;230.0;-173.07530212402344;175.0;234.1999969482422;-142.4447021484375;219.79998779296875;fixed;"Digitální měření modelu; fyzická přesnost detailů neověřená."
4932464078;zapadka-zebro--157.76-0;234.13999938964844;-169.7373504638672;198.79998779296875;235.5800018310547;-165.8103485107422;218.39999389648438;fixed;"Digitální měření modelu; fyzická přesnost detailů neověřená."
4932464078;zapadka-zebro--157.76-1;234.13999938964844;-163.0614471435547;198.79998779296875;235.5800018310547;-159.1344451904297;218.39999389648438;fixed;"Digitální měření modelu; fyzická přesnost detailů neověřená."
4932464078;zapadka-zebro--157.76-2;234.13999938964844;-156.3855438232422;198.79998779296875;235.5800018310547;-152.45855712890625;218.39999389648438;fixed;"Digitální měření modelu; fyzická přesnost detailů neověřená."
4932464078;zapadka-zebro--157.76-3;234.13999938964844;-149.70965576171875;198.79998779296875;235.5800018310547;-145.78265380859375;218.39999389648438;fixed;"Digitální měření modelu; fyzická přesnost detailů neověřená."
4932464078;zapadka-kov-levy--157.76;232.85000610351562;-178.7449951171875;194.60000610351562;235.5500030517578;-176.0449981689453;241.5;fixed;"Digitální měření modelu; fyzická přesnost detailů neověřená."
4932464078;zapadka-kov-pravy--157.76;232.85000610351562;-139.47500610351562;194.60000610351562;235.5500030517578;-136.77499389648438;241.5;fixed;"Digitální měření modelu; fyzická přesnost detailů neověřená."
4932464078;zapadka-kov-mustek--157.76;232.85000610351562;-177.39500427246094;240.14999389648438;235.5500030517578;-138.125;242.85000610351562;fixed;"Digitální měření modelu; fyzická přesnost detailů neověřená."
4932464078;zapadka-zaklad-157.76;224.0;138.125;175.0;230.0;177.39500427246094;245.0;fixed;"Digitální měření modelu; fyzická přesnost detailů neověřená."
4932464078;zapadka-cervena-157.76;230.0;142.4447021484375;175.0;234.1999969482422;173.07530212402344;219.79998779296875;fixed;"Digitální měření modelu; fyzická přesnost detailů neověřená."
4932464078;zapadka-zebro-157.76-0;234.13999938964844;145.78265380859375;198.79998779296875;235.5800018310547;149.70965576171875;218.39999389648438;fixed;"Digitální měření modelu; fyzická přesnost detailů neověřená."
4932464078;zapadka-zebro-157.76-1;234.13999938964844;152.45855712890625;198.79998779296875;235.5800018310547;156.3855438232422;218.39999389648438;fixed;"Digitální měření modelu; fyzická přesnost detailů neověřená."
4932464078;zapadka-zebro-157.76-2;234.13999938964844;159.1344451904297;198.79998779296875;235.5800018310547;163.0614471435547;218.39999389648438;fixed;"Digitální měření modelu; fyzická přesnost detailů neověřená."
4932464078;zapadka-zebro-157.76-3;234.13999938964844;165.8103485107422;198.79998779296875;235.5800018310547;169.7373504638672;218.39999389648438;fixed;"Digitální měření modelu; fyzická přesnost detailů neověřená."
4932464078;zapadka-kov-levy-157.76;232.85000610351562;136.77499389648438;194.60000610351562;235.5500030517578;139.47500610351562;241.5;fixed;"Digitální měření modelu; fyzická přesnost detailů neověřená."
4932464078;zapadka-kov-pravy-157.76;232.85000610351562;176.0449981689453;194.60000610351562;235.5500030517578;178.7449951171875;241.5;fixed;"Digitální měření modelu; fyzická přesnost detailů neověřená."
4932464078;zapadka-kov-mustek-157.76;232.85000610351562;138.125;240.14999389648438;235.5500030517578;177.39500427246094;242.85000610351562;fixed;"Digitální měření modelu; fyzická přesnost detailů neověřená."
4932464078;oznaceni-MILWAUKEE;224.0;-49.38319396972656;39.281402587890625;224.35000610351562;49.38319396972656;52.509735107421875;fixed;"Digitální měření modelu; fyzická přesnost detailů neověřená."
4932464078;oznaceni-PACKOUT;224.0;-26.70133399963379;28.9561767578125;224.35000610351562;26.70133399963379;37.85662841796875;fixed;"Digitální měření modelu; fyzická přesnost detailů neověřená."
4932464078;kolo-pneumatika--263.5;-236.0;-280.5;-265.0;-8.0;-246.5;-37.0;fixed;"Digitální měření modelu; fyzická přesnost detailů neověřená."
4932464078;kolo-naboj--263.5;-199.51998901367188;-280.5;-228.51998901367188;-44.480003356933594;-246.5;-73.48001098632812;fixed;"Digitální měření modelu; fyzická přesnost detailů neověřená."
4932464078;kolo-osa--263.5--1;-133.97000122070312;-280.5;-162.97000122070312;-110.02999877929688;-278.5;-139.02999877929688;fixed;"Digitální měření modelu; fyzická přesnost detailů neověřená."
4932464078;kolo-paprsek--263.5--1-0;-103.76000213623047;-280.5;-156.35800170898438;-47.900001525878906;-269.78399658203125;-145.64199829101562;fixed;"Digitální měření modelu; fyzická přesnost detailů neověřená."
4932464078;kolo-paprsek--263.5--1-1;-110.3756332397461;-280.47064208984375;-144.5897674560547;-58.91973876953125;-269.8133544921875;-103.13414001464844;fixed;"Digitální měření modelu; fyzická přesnost detailů neověřená."
4932464078;kolo-paprsek--263.5--1-2;-121.34793853759766;-280.3829040527344;-135.2722625732422;-94.117431640625;-269.9010925292969;-78.90718078613281;fixed;"Digitální měření modelu; fyzická přesnost detailů neověřená."
4932464078;kolo-paprsek--263.5--1-3;-149.882568359375;-280.3829040527344;-135.2722625732422;-122.65206146240234;-269.9010925292969;-78.90718078613281;fixed;"Digitální měření modelu; fyzická přesnost detailů neověřená."
4932464078;kolo-paprsek--263.5--1-4;-185.08026123046875;-280.47064208984375;-144.5897674560547;-133.62437438964844;-269.8133544921875;-103.13414001464844;fixed;"Digitální měření modelu; fyzická přesnost detailů neověřená."
4932464078;kolo-paprsek--263.5--1-5;-196.10000610351562;-280.5;-156.35800170898438;-140.24000549316406;-269.78399658203125;-145.64199829101562;fixed;"Digitální měření modelu; fyzická přesnost detailů neověřená."
4932464078;kolo-paprsek--263.5--1-6;-185.08026123046875;-280.47064208984375;-198.8658447265625;-133.62437438964844;-269.8133544921875;-157.4102325439453;fixed;"Digitální měření modelu; fyzická přesnost detailů neověřená."
4932464078;kolo-paprsek--263.5--1-7;-149.882568359375;-280.3829040527344;-223.0928192138672;-122.65206146240234;-269.9010925292969;-166.7277374267578;fixed;"Digitální měření modelu; fyzická přesnost detailů neověřená."
4932464078;kolo-paprsek--263.5--1-8;-121.34793853759766;-280.3829040527344;-223.0928192138672;-94.117431640625;-269.9010925292969;-166.7277374267578;fixed;"Digitální měření modelu; fyzická přesnost detailů neověřená."
4932464078;kolo-paprsek--263.5--1-9;-110.3756332397461;-280.47064208984375;-198.8658447265625;-58.91973876953125;-269.8133544921875;-157.4102325439453;fixed;"Digitální měření modelu; fyzická přesnost detailů neověřená."
4932464078;kolo-osa--263.5-1;-133.97000122070312;-248.5;-162.97000122070312;-110.02999877929688;-246.5;-139.02999877929688;fixed;"Digitální měření modelu; fyzická přesnost detailů neověřená."
4932464078;kolo-paprsek--263.5-1-0;-103.76000213623047;-257.21600341796875;-156.35800170898438;-47.900001525878906;-246.5;-145.64199829101562;fixed;"Digitální měření modelu; fyzická přesnost detailů neověřená."
4932464078;kolo-paprsek--263.5-1-1;-110.3756332397461;-257.1866455078125;-144.5897674560547;-58.91973876953125;-246.52935791015625;-103.13414001464844;fixed;"Digitální měření modelu; fyzická přesnost detailů neověřená."
4932464078;kolo-paprsek--263.5-1-2;-121.34793853759766;-257.0989074707031;-135.2722625732422;-94.117431640625;-246.61708068847656;-78.90718078613281;fixed;"Digitální měření modelu; fyzická přesnost detailů neověřená."
4932464078;kolo-paprsek--263.5-1-3;-149.882568359375;-257.0989074707031;-135.2722625732422;-122.65206146240234;-246.61708068847656;-78.90718078613281;fixed;"Digitální měření modelu; fyzická přesnost detailů neověřená."
4932464078;kolo-paprsek--263.5-1-4;-185.08026123046875;-257.1866455078125;-144.5897674560547;-133.62437438964844;-246.52935791015625;-103.13414001464844;fixed;"Digitální měření modelu; fyzická přesnost detailů neověřená."
4932464078;kolo-paprsek--263.5-1-5;-196.10000610351562;-257.21600341796875;-156.35800170898438;-140.24000549316406;-246.5;-145.64199829101562;fixed;"Digitální měření modelu; fyzická přesnost detailů neověřená."
4932464078;kolo-paprsek--263.5-1-6;-185.08026123046875;-257.1866455078125;-198.8658447265625;-133.62437438964844;-246.52935791015625;-157.4102325439453;fixed;"Digitální měření modelu; fyzická přesnost detailů neověřená."
4932464078;kolo-paprsek--263.5-1-7;-149.882568359375;-257.0989074707031;-223.0928192138672;-122.65206146240234;-246.61708068847656;-166.7277374267578;fixed;"Digitální měření modelu; fyzická přesnost detailů neověřená."
4932464078;kolo-paprsek--263.5-1-8;-121.34793853759766;-257.0989074707031;-223.0928192138672;-94.117431640625;-246.61708068847656;-166.7277374267578;fixed;"Digitální měření modelu; fyzická přesnost detailů neověřená."
4932464078;kolo-paprsek--263.5-1-9;-110.3756332397461;-257.1866455078125;-198.8658447265625;-58.91973876953125;-246.52935791015625;-157.4102325439453;fixed;"Digitální měření modelu; fyzická přesnost detailů neověřená."
4932464078;kolo-pneumatika-263.5;-236.0;246.5;-265.0;-8.0;280.5;-37.0;fixed;"Digitální měření modelu; fyzická přesnost detailů neověřená."
4932464078;kolo-naboj-263.5;-199.51998901367188;246.5;-228.51998901367188;-44.480003356933594;280.5;-73.48001098632812;fixed;"Digitální měření modelu; fyzická přesnost detailů neověřená."
4932464078;kolo-osa-263.5--1;-133.97000122070312;246.5;-162.97000122070312;-110.02999877929688;248.5;-139.02999877929688;fixed;"Digitální měření modelu; fyzická přesnost detailů neověřená."
4932464078;kolo-paprsek-263.5--1-0;-103.76000213623047;246.5;-156.35800170898438;-47.900001525878906;257.21600341796875;-145.64199829101562;fixed;"Digitální měření modelu; fyzická přesnost detailů neověřená."
4932464078;kolo-paprsek-263.5--1-1;-110.3756332397461;246.52935791015625;-144.5897674560547;-58.91973876953125;257.1866455078125;-103.13414001464844;fixed;"Digitální měření modelu; fyzická přesnost detailů neověřená."
4932464078;kolo-paprsek-263.5--1-2;-121.34793853759766;246.61708068847656;-135.2722625732422;-94.117431640625;257.0989074707031;-78.90718078613281;fixed;"Digitální měření modelu; fyzická přesnost detailů neověřená."
4932464078;kolo-paprsek-263.5--1-3;-149.882568359375;246.61708068847656;-135.2722625732422;-122.65206146240234;257.0989074707031;-78.90718078613281;fixed;"Digitální měření modelu; fyzická přesnost detailů neověřená."
4932464078;kolo-paprsek-263.5--1-4;-185.08026123046875;246.52935791015625;-144.5897674560547;-133.62437438964844;257.1866455078125;-103.13414001464844;fixed;"Digitální měření modelu; fyzická přesnost detailů neověřená."
4932464078;kolo-paprsek-263.5--1-5;-196.10000610351562;246.5;-156.35800170898438;-140.24000549316406;257.21600341796875;-145.64199829101562;fixed;"Digitální měření modelu; fyzická přesnost detailů neověřená."
4932464078;kolo-paprsek-263.5--1-6;-185.08026123046875;246.52935791015625;-198.8658447265625;-133.62437438964844;257.1866455078125;-157.4102325439453;fixed;"Digitální měření modelu; fyzická přesnost detailů neověřená."
4932464078;kolo-paprsek-263.5--1-7;-149.882568359375;246.61708068847656;-223.0928192138672;-122.65206146240234;257.0989074707031;-166.7277374267578;fixed;"Digitální měření modelu; fyzická přesnost detailů neověřená."
4932464078;kolo-paprsek-263.5--1-8;-121.34793853759766;246.61708068847656;-223.0928192138672;-94.117431640625;257.0989074707031;-166.7277374267578;fixed;"Digitální měření modelu; fyzická přesnost detailů neověřená."
4932464078;kolo-paprsek-263.5--1-9;-110.3756332397461;246.52935791015625;-198.8658447265625;-58.91973876953125;257.1866455078125;-157.4102325439453;fixed;"Digitální měření modelu; fyzická přesnost detailů neověřená."
4932464078;kolo-osa-263.5-1;-133.97000122070312;278.5;-162.97000122070312;-110.02999877929688;280.5;-139.02999877929688;fixed;"Digitální měření modelu; fyzická přesnost detailů neověřená."
4932464078;kolo-paprsek-263.5-1-0;-103.76000213623047;269.78399658203125;-156.35800170898438;-47.900001525878906;280.5;-145.64199829101562;fixed;"Digitální měření modelu; fyzická přesnost detailů neověřená."
4932464078;kolo-paprsek-263.5-1-1;-110.3756332397461;269.8133544921875;-144.5897674560547;-58.91973876953125;280.47064208984375;-103.13414001464844;fixed;"Digitální měření modelu; fyzická přesnost detailů neověřená."
4932464078;kolo-paprsek-263.5-1-2;-121.34793853759766;269.9010925292969;-135.2722625732422;-94.117431640625;280.3829040527344;-78.90718078613281;fixed;"Digitální měření modelu; fyzická přesnost detailů neověřená."
4932464078;kolo-paprsek-263.5-1-3;-149.882568359375;269.9010925292969;-135.2722625732422;-122.65206146240234;280.3829040527344;-78.90718078613281;fixed;"Digitální měření modelu; fyzická přesnost detailů neověřená."
4932464078;kolo-paprsek-263.5-1-4;-185.08026123046875;269.8133544921875;-144.5897674560547;-133.62437438964844;280.47064208984375;-103.13414001464844;fixed;"Digitální měření modelu; fyzická přesnost detailů neověřená."
4932464078;kolo-paprsek-263.5-1-5;-196.10000610351562;269.78399658203125;-156.35800170898438;-140.24000549316406;280.5;-145.64199829101562;fixed;"Digitální měření modelu; fyzická přesnost detailů neověřená."
4932464078;kolo-paprsek-263.5-1-6;-185.08026123046875;269.8133544921875;-198.8658447265625;-133.62437438964844;280.47064208984375;-157.4102325439453;fixed;"Digitální měření modelu; fyzická přesnost detailů neověřená."
4932464078;kolo-paprsek-263.5-1-7;-149.882568359375;269.9010925292969;-223.0928192138672;-122.65206146240234;280.3829040527344;-166.7277374267578;fixed;"Digitální měření modelu; fyzická přesnost detailů neověřená."
4932464078;kolo-paprsek-263.5-1-8;-121.34793853759766;269.9010925292969;-223.0928192138672;-94.117431640625;280.3829040527344;-166.7277374267578;fixed;"Digitální měření modelu; fyzická přesnost detailů neověřená."
4932464078;kolo-paprsek-263.5-1-9;-110.3756332397461;269.8133544921875;-198.8658447265625;-58.91973876953125;280.47064208984375;-157.4102325439453;fixed;"Digitální měření modelu; fyzická přesnost detailů neověřená."
4932464078;vozik-kola-skutecna-osa;-127.0;-263.5;-156.0;-117.0;263.5;-146.0;fixed;"Digitální měření modelu; fyzická přesnost detailů neověřená."
4932464078;bocni-drzadlo--1;-82.5999984741211;-246.5;163.0;82.5999984741211;-241.5;197.0;fixed;"Digitální měření modelu; fyzická přesnost detailů neověřená."
4932464078;bocni-drzadlo-kotveni--1--1;-82.5999984741211;-246.5;163.0;-70.5999984741211;-234.5;197.0;fixed;"Digitální měření modelu; fyzická přesnost detailů neověřená."
4932464078;bocni-drzadlo-kotveni--1-1;70.5999984741211;-246.5;163.0;82.5999984741211;-234.5;197.0;fixed;"Digitální měření modelu; fyzická přesnost detailů neověřená."
4932464078;bocni-drzadlo-1;-82.5999984741211;241.5;163.0;82.5999984741211;246.5;197.0;fixed;"Digitální měření modelu; fyzická přesnost detailů neověřená."
4932464078;bocni-drzadlo-kotveni-1--1;-82.5999984741211;234.5;163.0;-70.5999984741211;246.5;197.0;fixed;"Digitální měření modelu; fyzická přesnost detailů neověřená."
4932464078;bocni-drzadlo-kotveni-1-1;70.5999984741211;234.5;163.0;82.5999984741211;246.5;197.0;fixed;"Digitální měření modelu; fyzická přesnost detailů neověřená."
4932464078;teleskopicke-vedeni--1;-234.0;-128.32000732421875;-159.0;-216.0;-108.31999969482422;212.0;fixed;"Digitální měření modelu; fyzická přesnost detailů neověřená."
4932464078;teleskopicka-tyc--1;-230.0;-124.31999969482422;185.0;-220.0;-112.31999969482422;255.0;trolley-handle;"Digitální měření modelu; fyzická přesnost detailů neověřená."
4932464078;teleskopicke-kotveni--1;-236.0;-131.32000732421875;177.0;-214.0;-105.31999969482422;195.0;fixed;"Digitální měření modelu; fyzická přesnost detailů neověřená."
4932464078;teleskopicke-vedeni-1;-234.0;108.31999969482422;-159.0;-216.0;128.32000732421875;212.0;fixed;"Digitální měření modelu; fyzická přesnost detailů neověřená."
4932464078;teleskopicka-tyc-1;-230.0;112.31999969482422;185.0;-220.0;124.31999969482422;255.0;trolley-handle;"Digitální měření modelu; fyzická přesnost detailů neověřená."
4932464078;teleskopicke-kotveni-1;-236.0;105.31999969482422;177.0;-214.0;131.32000732421875;195.0;fixed;"Digitální měření modelu; fyzická přesnost detailů neověřená."
4932464078;teleskopicke-madlo;-234.0;-128.32000732421875;247.0;-216.0;128.32000732421875;265.0;trolley-handle;"Digitální měření modelu; fyzická přesnost detailů neověřená."
4932464078;teleskopicky-mustek;-233.0;-126.31999969482422;197.0;-217.0;126.31999969482422;210.0;trolley-handle;"Digitální měření modelu; fyzická přesnost detailů neověřená."
4932464078;PACKOUT-spodni-patka--1--1;-169.9199981689453;-179.9449920654297;-265.0;-94.4000015258789;-51.7650032043457;-232.0;fixed;"Digitální měření modelu; fyzická přesnost detailů neověřená."
4932464078;PACKOUT-spodni-zub--1--1;-117.05599975585938;-160.71800231933594;-265.0;-94.4000015258789;-70.99200439453125;-251.8000030517578;fixed;"Digitální měření modelu; fyzická přesnost detailů neověřená."
4932464078;PACKOUT-spodni-patka--1-1;-169.9199981689453;51.7650032043457;-265.0;-94.4000015258789;179.9449920654297;-232.0;fixed;"Digitální měření modelu; fyzická přesnost detailů neověřená."
4932464078;PACKOUT-spodni-zub--1-1;-117.05599975585938;70.99200439453125;-265.0;-94.4000015258789;160.71800231933594;-251.8000030517578;fixed;"Digitální měření modelu; fyzická přesnost detailů neověřená."
4932464078;PACKOUT-spodni-patka-0--1;-37.7599983215332;-179.9449920654297;-265.0;37.7599983215332;-51.7650032043457;-232.0;fixed;"Digitální měření modelu; fyzická přesnost detailů neověřená."
4932464078;PACKOUT-spodni-zub-0--1;15.104000091552734;-160.71800231933594;-265.0;37.7599983215332;-70.99200439453125;-251.8000030517578;fixed;"Digitální měření modelu; fyzická přesnost detailů neověřená."
4932464078;PACKOUT-spodni-patka-0-1;-37.7599983215332;51.7650032043457;-265.0;37.7599983215332;179.9449920654297;-232.0;fixed;"Digitální měření modelu; fyzická přesnost detailů neověřená."
4932464078;PACKOUT-spodni-zub-0-1;15.104000091552734;70.99200439453125;-265.0;37.7599983215332;160.71800231933594;-251.8000030517578;fixed;"Digitální měření modelu; fyzická přesnost detailů neověřená."
4932464078;PACKOUT-spodni-patka-1--1;94.4000015258789;-179.9449920654297;-265.0;169.9199981689453;-51.7650032043457;-232.0;fixed;"Digitální měření modelu; fyzická přesnost detailů neověřená."
4932464078;PACKOUT-spodni-zub-1--1;147.2639923095703;-160.71800231933594;-265.0;169.9199981689453;-70.99200439453125;-251.8000030517578;fixed;"Digitální měření modelu; fyzická přesnost detailů neověřená."
4932464078;PACKOUT-spodni-patka-1-1;94.4000015258789;51.7650032043457;-265.0;169.9199981689453;179.9449920654297;-232.0;fixed;"Digitální měření modelu; fyzická přesnost detailů neověřená."
4932464078;PACKOUT-spodni-zub-1-1;147.2639923095703;70.99200439453125;-265.0;169.9199981689453;160.71800231933594;-251.8000030517578;fixed;"Digitální měření modelu; fyzická přesnost detailů neověřená."
4932464079;patka--1--1;-204.3000030517578;-279.29998779296875;-141.0;-153.40574645996094;-207.57000732421875;-129.0;fixed;"Digitální měření modelu; fyzická přesnost detailů neověřená."
4932464079;patka--1-1;-204.3000030517578;207.57000732421875;-141.0;-153.40574645996094;279.29998779296875;-129.0;fixed;"Digitální měření modelu; fyzická přesnost detailů neověřená."
4932464079;patka-1--1;143.13075256347656;-279.29998779296875;-141.0;194.02500915527344;-207.57000732421875;-129.0;fixed;"Digitální měření modelu; fyzická přesnost detailů neověřená."
4932464079;patka-1-1;143.13075256347656;207.57000732421875;-141.0;194.02500915527344;279.29998779296875;-129.0;fixed;"Digitální měření modelu; fyzická přesnost detailů neověřená."
4932464079;telo-dno;-205.5;-280.5;-129.0;195.22500610351562;280.5;-105.0;fixed;"Digitální měření modelu; fyzická přesnost detailů neověřená."
4932464079;telo-duta-stena;-205.5;-280.5;-105.0;195.22500610351562;280.5;111.0;fixed;"Digitální měření modelu; fyzická přesnost detailů neověřená."
4932464079;roh-ochrana--1--1;-205.5;-280.5;-129.0;-191.47462463378906;-266.4746398925781;111.0;fixed;"Digitální měření modelu; fyzická přesnost detailů neověřená."
4932464079;roh-kov--1--1;-205.5;-280.5;-107.4000015258789;-201.0118865966797;-276.0118713378906;89.39999389648438;fixed;"Digitální měření modelu; fyzická přesnost detailů neověřená."
4932464079;roh-kov-kotveni--1--1-0;-205.21949768066406;-280.219482421875;-129.0;-196.80426025390625;-271.80426025390625;-114.5999984741211;fixed;"Digitální měření modelu; fyzická přesnost detailů neověřená."
4932464079;roh-kov-kotveni--1--1-1;-205.21949768066406;-280.219482421875;96.60000610351562;-196.80426025390625;-271.80426025390625;111.0;fixed;"Digitální měření modelu; fyzická přesnost detailů neověřená."
4932464079;roh-ochrana-1--1;181.1996307373047;-280.5;-129.0;195.22500610351562;-266.4746398925781;111.0;fixed;"Digitální měření modelu; fyzická přesnost detailů neověřená."
4932464079;roh-kov-1--1;190.73687744140625;-280.5;-107.4000015258789;195.22500610351562;-276.0118713378906;89.39999389648438;fixed;"Digitální měření modelu; fyzická přesnost detailů neověřená."
4932464079;roh-kov-kotveni-1--1-0;186.52926635742188;-280.219482421875;-129.0;194.94448852539062;-271.80426025390625;-114.5999984741211;fixed;"Digitální měření modelu; fyzická přesnost detailů neověřená."
4932464079;roh-kov-kotveni-1--1-1;186.52926635742188;-280.219482421875;96.60000610351562;194.94448852539062;-271.80426025390625;111.0;fixed;"Digitální měření modelu; fyzická přesnost detailů neověřená."
4932464079;roh-ochrana--1-1;-205.5;266.4746398925781;-129.0;-191.47462463378906;280.5;111.0;fixed;"Digitální měření modelu; fyzická přesnost detailů neověřená."
4932464079;roh-kov--1-1;-205.5;276.0118713378906;-107.4000015258789;-201.0118865966797;280.5;89.39999389648438;fixed;"Digitální měření modelu; fyzická přesnost detailů neověřená."
4932464079;roh-kov-kotveni--1-1-0;-205.21949768066406;271.80426025390625;-129.0;-196.80426025390625;280.219482421875;-114.5999984741211;fixed;"Digitální měření modelu; fyzická přesnost detailů neověřená."
4932464079;roh-kov-kotveni--1-1-1;-205.21949768066406;271.80426025390625;96.60000610351562;-196.80426025390625;280.219482421875;111.0;fixed;"Digitální měření modelu; fyzická přesnost detailů neověřená."
4932464079;roh-ochrana-1-1;181.1996307373047;266.4746398925781;-129.0;195.22500610351562;280.5;111.0;fixed;"Digitální měření modelu; fyzická přesnost detailů neověřená."
4932464079;roh-kov-1-1;190.73687744140625;276.0118713378906;-107.4000015258789;195.22500610351562;280.5;89.39999389648438;fixed;"Digitální měření modelu; fyzická přesnost detailů neověřená."
4932464079;roh-kov-kotveni-1-1-0;186.52926635742188;271.80426025390625;-129.0;194.94448852539062;280.219482421875;-114.5999984741211;fixed;"Digitální měření modelu; fyzická přesnost detailů neověřená."
4932464079;roh-kov-kotveni-1-1-1;186.52926635742188;271.80426025390625;96.60000610351562;194.94448852539062;280.219482421875;111.0;fixed;"Digitální měření modelu; fyzická přesnost detailů neověřená."
4932464079;bok-zebro--1--0.22;-97.7049789428711;-280.5;-114.5999984741211;-88.88902282714844;-273.76800537109375;67.80000305175781;fixed;"Digitální měření modelu; fyzická přesnost detailů neověřená."
4932464079;bok-zebro--1-0.22;78.61402130126953;-280.5;-114.5999984741211;87.42997741699219;-273.76800537109375;67.80000305175781;fixed;"Digitální měření modelu; fyzická přesnost detailů neověřená."
4932464079;bok-zebro-1--0.22;-97.7049789428711;273.76800537109375;-114.5999984741211;-88.88902282714844;280.5;67.80000305175781;fixed;"Digitální měření modelu; fyzická přesnost detailů neověřená."
4932464079;bok-zebro-1-0.22;78.61402130126953;273.76800537109375;-114.5999984741211;87.42997741699219;280.5;67.80000305175781;fixed;"Digitální měření modelu; fyzická přesnost detailů neověřená."
4932464079;celo-roh-ochrana--1;181.1996307373047;-280.5;-129.0;205.5;-266.4746398925781;111.0;fixed;"Digitální měření modelu; fyzická přesnost detailů neověřená."
4932464079;celo-roh-ochrana-1;181.1996307373047;266.4746398925781;-129.0;205.5;280.5;111.0;fixed;"Digitální měření modelu; fyzická přesnost detailů neověřená."
4932464079;viko-nosny-okraj;-205.5;-280.5;111.0;195.22500610351562;280.5;130.5;lid;"Digitální měření modelu; fyzická přesnost detailů neověřená."
4932464079;viko-panel;-201.5;-276.5;126.0;191.22500610351562;276.5;134.0;lid;"Digitální měření modelu; fyzická přesnost detailů neověřená."
4932464079;PACKOUT-horni-drazka--1--1;-149.39849853515625;-204.76499938964844;134.0;-85.28250122070312;-58.904998779296875;141.0;lid;"Digitální měření modelu; fyzická přesnost detailů neověřená."
4932464079;PACKOUT-horni-zamek--1--1;-96.82337951660156;-184.3446044921875;138.54998779296875;-86.5648193359375;-79.32540130615234;140.64999389648438;lid;"Digitální měření modelu; fyzická přesnost detailů neověřená."
4932464079;PACKOUT-horni-drazka--1-1;-149.39849853515625;58.904998779296875;134.0;-85.28250122070312;204.76499938964844;141.0;lid;"Digitální měření modelu; fyzická přesnost detailů neověřená."
4932464079;PACKOUT-horni-zamek--1-1;-96.82337951660156;79.32540130615234;138.54998779296875;-86.5648193359375;184.3446044921875;140.64999389648438;lid;"Digitální měření modelu; fyzická přesnost detailů neověřená."
4932464079;PACKOUT-horni-drazka-0--1;-37.195499420166016;-204.76499938964844;134.0;26.92049789428711;-58.904998779296875;141.0;lid;"Digitální měření modelu; fyzická přesnost detailů neověřená."
4932464079;PACKOUT-horni-zamek-0--1;15.379620552062988;-184.3446044921875;138.54998779296875;25.638179779052734;-79.32540130615234;140.64999389648438;lid;"Digitální měření modelu; fyzická přesnost detailů neověřená."
4932464079;PACKOUT-horni-drazka-0-1;-37.195499420166016;58.904998779296875;134.0;26.92049789428711;204.76499938964844;141.0;lid;"Digitální měření modelu; fyzická přesnost detailů neověřená."
4932464079;PACKOUT-horni-zamek-0-1;15.379620552062988;79.32540130615234;138.54998779296875;25.638179779052734;184.3446044921875;140.64999389648438;lid;"Digitální měření modelu; fyzická přesnost detailů neověřená."
4932464079;PACKOUT-horni-drazka-1--1;75.00750732421875;-204.76499938964844;134.0;139.12350463867188;-58.904998779296875;141.0;lid;"Digitální měření modelu; fyzická přesnost detailů neověřená."
4932464079;PACKOUT-horni-zamek-1--1;127.58262634277344;-184.3446044921875;138.54998779296875;137.8411865234375;-79.32540130615234;140.64999389648438;lid;"Digitální měření modelu; fyzická přesnost detailů neověřená."
4932464079;PACKOUT-horni-drazka-1-1;75.00750732421875;58.904998779296875;134.0;139.12350463867188;204.76499938964844;141.0;lid;"Digitální měření modelu; fyzická přesnost detailů neověřená."
4932464079;PACKOUT-horni-zamek-1-1;127.58262634277344;79.32540130615234;138.54998779296875;137.8411865234375;184.3446044921875;140.64999389648438;lid;"Digitální měření modelu; fyzická přesnost detailů neověřená."
4932464079;PACKOUT-lista--230.01;-179.45286560058594;-237.0225067138672;134.0;169.17787170410156;-222.99749755859375;137.5;lid;"Digitální měření modelu; fyzická přesnost detailů neověřená."
4932464079;PACKOUT-lista-230.01;-179.45286560058594;222.99749755859375;134.0;169.17787170410156;237.0225067138672;137.5;lid;"Digitální měření modelu; fyzická přesnost detailů neověřená."
4932464079;viko-prolis-obvod;-193.47824096679688;-263.6700134277344;134.0;183.2032470703125;263.6700134277344;136.45001220703125;lid;"Digitální měření modelu; fyzická přesnost detailů neověřená."
4932464079;PACKOUT-cervene-uvolneni;54.971248626708984;-18.232500076293945;134.0;79.01475524902344;18.232500076293945;136.45001220703125;lid;"Digitální měření modelu; fyzická přesnost detailů neověřená."
4932464079;viko-nosne-zebro--224.4;-177.44924926757812;-226.89999389648438;132.0;167.17425537109375;-221.89999389648438;141.0;lid;"Digitální měření modelu; fyzická přesnost detailů neověřená."
4932464079;viko-nosne-zebro-224.4;-177.44924926757812;221.89999389648438;132.0;167.17425537109375;226.89999389648438;141.0;lid;"Digitální měření modelu; fyzická přesnost detailů neověřená."
4932464079;pant-vika--145.86;-204.5;-157.86000061035156;108.0;-198.5;-133.86000061035156;114.0;lid;"Digitální měření modelu; fyzická přesnost detailů neověřená."
4932464079;pant-vika-kotveni--145.86;-205.0;-159.36000061035156;106.0;-196.0;-132.36000061035156;115.0;fixed;"Digitální měření modelu; fyzická přesnost detailů neověřená."
4932464079;pant-vika-145.86;-204.5;133.86000061035156;108.0;-198.5;157.86000061035156;114.0;lid;"Digitální měření modelu; fyzická přesnost detailů neověřená."
4932464079;pant-vika-kotveni-145.86;-205.0;132.36000061035156;106.0;-196.0;159.36000061035156;115.0;fixed;"Digitální měření modelu; fyzická přesnost detailů neověřená."
4932464079;zapadka-zaklad--179.52;189.22500610351562;-199.15499877929688;57.701995849609375;195.22500610351562;-159.88499450683594;116.9219970703125;fixed;"Digitální měření modelu; fyzická přesnost detailů neověřená."
4932464079;zapadka-cervena--179.52;195.22500610351562;-194.83529663085938;57.701995849609375;199.4250030517578;-164.20469665527344;95.60279846191406;fixed;"Digitální měření modelu; fyzická přesnost detailů neověřená."
4932464079;zapadka-zebro--179.52-0;199.36500549316406;-191.49734497070312;77.83680725097656;200.80499267578125;-187.57034301757812;94.41839599609375;fixed;"Digitální měření modelu; fyzická přesnost detailů neověřená."
4932464079;zapadka-zebro--179.52-1;199.36500549316406;-184.8214569091797;77.83680725097656;200.80499267578125;-180.8944549560547;94.41839599609375;fixed;"Digitální měření modelu; fyzická přesnost detailů neověřená."
4932464079;zapadka-zebro--179.52-2;199.36500549316406;-178.1455535888672;77.83680725097656;200.80499267578125;-174.2185516357422;94.41839599609375;fixed;"Digitální měření modelu; fyzická přesnost detailů neověřená."
4932464079;zapadka-zebro--179.52-3;199.36500549316406;-171.4696502685547;77.83680725097656;200.80499267578125;-167.5426483154297;94.41839599609375;fixed;"Digitální měření modelu; fyzická přesnost detailů neověřená."
4932464079;zapadka-kov-levy--179.52;198.0749969482422;-200.5050048828125;74.28359985351562;200.77499389648438;-197.80499267578125;113.96099853515625;fixed;"Digitální měření modelu; fyzická přesnost detailů neověřená."
4932464079;zapadka-kov-pravy--179.52;198.0749969482422;-161.23500061035156;74.28359985351562;200.77499389648438;-158.53500366210938;113.96099853515625;fixed;"Digitální měření modelu; fyzická přesnost detailů neověřená."
4932464079;zapadka-kov-mustek--179.52;198.0749969482422;-199.15499877929688;112.61099243164062;200.77499389648438;-159.88499450683594;115.31100463867188;fixed;"Digitální měření modelu; fyzická přesnost detailů neověřená."
4932464079;zapadka-zaklad-179.52;189.22500610351562;159.88499450683594;57.701995849609375;195.22500610351562;199.15499877929688;116.9219970703125;fixed;"Digitální měření modelu; fyzická přesnost detailů neověřená."
4932464079;zapadka-cervena-179.52;195.22500610351562;164.20469665527344;57.701995849609375;199.4250030517578;194.83529663085938;95.60279846191406;fixed;"Digitální měření modelu; fyzická přesnost detailů neověřená."
4932464079;zapadka-zebro-179.52-0;199.36500549316406;167.5426483154297;77.83680725097656;200.80499267578125;171.4696502685547;94.41839599609375;fixed;"Digitální měření modelu; fyzická přesnost detailů neověřená."
4932464079;zapadka-zebro-179.52-1;199.36500549316406;174.2185516357422;77.83680725097656;200.80499267578125;178.1455535888672;94.41839599609375;fixed;"Digitální měření modelu; fyzická přesnost detailů neověřená."
4932464079;zapadka-zebro-179.52-2;199.36500549316406;180.8944549560547;77.83680725097656;200.80499267578125;184.8214569091797;94.41839599609375;fixed;"Digitální měření modelu; fyzická přesnost detailů neověřená."
4932464079;zapadka-zebro-179.52-3;199.36500549316406;187.57034301757812;77.83680725097656;200.80499267578125;191.49734497070312;94.41839599609375;fixed;"Digitální měření modelu; fyzická přesnost detailů neověřená."
4932464079;zapadka-kov-levy-179.52;198.0749969482422;158.53500366210938;74.28359985351562;200.77499389648438;161.23500061035156;113.96099853515625;fixed;"Digitální měření modelu; fyzická přesnost detailů neověřená."
4932464079;zapadka-kov-pravy-179.52;198.0749969482422;197.80499267578125;74.28359985351562;200.77499389648438;200.5050048828125;113.96099853515625;fixed;"Digitální měření modelu; fyzická přesnost detailů neověřená."
4932464079;zapadka-kov-mustek-179.52;198.0749969482422;159.88499450683594;112.61099243164062;200.77499389648438;199.15499877929688;115.31100463867188;fixed;"Digitální měření modelu; fyzická přesnost detailů neověřená."
4932464079;drzadlo-otevreny-uchop;197.22500610351562;-92.56500244140625;64.88999938964844;202.22500610351562;92.56500244140625;97.88999938964844;fixed;"Digitální měření modelu; fyzická přesnost detailů neověřená."
4932464079;drzadlo-kotveni--1;189.72500610351562;-93.56500244140625;64.88999938964844;199.72500610351562;-84.96499633789062;97.88999938964844;fixed;"Digitální měření modelu; fyzická přesnost detailů neověřená."
4932464079;drzadlo-kotveni-1;189.72500610351562;84.96499633789062;64.88999938964844;199.72500610351562;93.56500244140625;97.88999938964844;fixed;"Digitální měření modelu; fyzická přesnost detailů neověřená."
4932464079;vyklopne-drzadlo-sklopene;-30.825000762939453;-176.71499633789062;136.0;20.549999237060547;176.71499633789062;141.0;handle;"Digitální měření modelu; fyzická přesnost detailů neověřená."
4932464079;drzadlo-horni-cep--1;-30.825000762939453;-176.71499633789062;133.0;20.549999237060547;-164.71499633789062;141.0;lid;"Digitální měření modelu; fyzická přesnost detailů neověřená."
4932464079;drzadlo-horni-cep-1;-30.825000762939453;164.71499633789062;133.0;20.549999237060547;176.71499633789062;141.0;lid;"Digitální měření modelu; fyzická přesnost detailů neověřená."
4932464079;vlozka-dno;-159.2375030517578;-225.0;69.0;-58.73749923706055;225.0;71.0;tray;"Digitální měření modelu; fyzická přesnost detailů neověřená."
4932464079;vlozka-dute-steny;-159.2375030517578;-225.0;71.0;-58.73749923706055;225.0;111.0;tray;"Digitální měření modelu; fyzická přesnost detailů neověřená."
4932464079;vlozka-operna-lista--1;-172.6374969482422;-252.0;66.0;162.3625030517578;-223.0;69.0;fixed;"Digitální měření modelu; fyzická přesnost detailů neověřená."
4932464079;vlozka-operna-lista-1;-172.6374969482422;223.0;66.0;162.3625030517578;252.0;69.0;fixed;"Digitální měření modelu; fyzická přesnost detailů neověřená."
4932464079;PACKOUT-spodni-patka--1--1;-149.39849853515625;-204.76499938964844;-141.0;-85.28250122070312;-58.904998779296875;-128.0;fixed;"Digitální měření modelu; fyzická přesnost detailů neověřená."
4932464079;PACKOUT-spodni-zub--1--1;-104.51729583740234;-182.88600158691406;-141.0;-85.2824935913086;-80.78400421142578;-135.8000030517578;fixed;"Digitální měření modelu; fyzická přesnost detailů neověřená."
4932464079;PACKOUT-spodni-patka--1-1;-149.39849853515625;58.904998779296875;-141.0;-85.28250122070312;204.76499938964844;-128.0;fixed;"Digitální měření modelu; fyzická přesnost detailů neověřená."
4932464079;PACKOUT-spodni-zub--1-1;-104.51729583740234;80.78400421142578;-141.0;-85.2824935913086;182.88600158691406;-135.8000030517578;fixed;"Digitální měření modelu; fyzická přesnost detailů neověřená."
4932464079;PACKOUT-spodni-patka-0--1;-37.19549560546875;-204.76499938964844;-141.0;26.920501708984375;-58.904998779296875;-128.0;fixed;"Digitální měření modelu; fyzická přesnost detailů neověřená."
4932464079;PACKOUT-spodni-zub-0--1;7.685703277587891;-182.88600158691406;-141.0;26.920501708984375;-80.78400421142578;-135.8000030517578;fixed;"Digitální měření modelu; fyzická přesnost detailů neověřená."
4932464079;PACKOUT-spodni-patka-0-1;-37.19549560546875;58.904998779296875;-141.0;26.920501708984375;204.76499938964844;-128.0;fixed;"Digitální měření modelu; fyzická přesnost detailů neověřená."
4932464079;PACKOUT-spodni-zub-0-1;7.685703277587891;80.78400421142578;-141.0;26.920501708984375;182.88600158691406;-135.8000030517578;fixed;"Digitální měření modelu; fyzická přesnost detailů neověřená."
4932464079;PACKOUT-spodni-patka-1--1;75.00750732421875;-204.76499938964844;-141.0;139.12350463867188;-58.904998779296875;-128.0;fixed;"Digitální měření modelu; fyzická přesnost detailů neověřená."
4932464079;PACKOUT-spodni-zub-1--1;119.88870239257812;-182.88600158691406;-141.0;139.12350463867188;-80.78400421142578;-135.8000030517578;fixed;"Digitální měření modelu; fyzická přesnost detailů neověřená."
4932464079;PACKOUT-spodni-patka-1-1;75.00750732421875;58.904998779296875;-141.0;139.12350463867188;204.76499938964844;-128.0;fixed;"Digitální měření modelu; fyzická přesnost detailů neověřená."
4932464079;PACKOUT-spodni-zub-1-1;119.88870239257812;80.78400421142578;-141.0;139.12350463867188;182.88600158691406;-135.8000030517578;fixed;"Digitální měření modelu; fyzická přesnost detailů neověřená."
4932464079;zamek-packout-cerveny;195.22500610351562;-14.5;-113.0;198.22500610351562;14.5;-89.0;fixed;"Digitální měření modelu; fyzická přesnost detailů neověřená."
4932464079;oznaceni-MILWAUKEE;197.22500610351562;-59.78156280517578;2.61431884765625;197.5749969482422;59.78156280517578;18.6280517578125;fixed;"Digitální měření modelu; fyzická přesnost detailů neověřená."
4932464079;oznaceni-PACKOUT;197.22500610351562;-32.32369613647461;-9.885055541992188;197.5749969482422;32.32369613647461;0.8895111083984375;fixed;"Digitální měření modelu; fyzická přesnost detailů neověřená."
4932464080;patka--1--1;-204.3000030517578;-279.29998779296875;-82.5;-153.40574645996094;-207.57000732421875;-73.42500305175781;fixed;"Digitální měření modelu; fyzická přesnost detailů neověřená."
4932464080;patka--1-1;-204.3000030517578;207.57000732421875;-82.5;-153.40574645996094;279.29998779296875;-73.42500305175781;fixed;"Digitální měření modelu; fyzická přesnost detailů neověřená."
4932464080;patka-1--1;143.13075256347656;-279.29998779296875;-82.5;194.02500915527344;-207.57000732421875;-73.42500305175781;fixed;"Digitální měření modelu; fyzická přesnost detailů neověřená."
4932464080;patka-1-1;143.13075256347656;207.57000732421875;-82.5;194.02500915527344;279.29998779296875;-73.42500305175781;fixed;"Digitální měření modelu; fyzická přesnost detailů neověřená."
4932464080;telo-dno;-205.5;-280.5;-73.42500305175781;195.22500610351562;280.5;-51.29999923706055;fixed;"Digitální měření modelu; fyzická přesnost detailů neověřená."
4932464080;telo-duta-stena;-205.5;-280.5;-51.29999923706055;195.22500610351562;280.5;62.69999694824219;fixed;"Digitální měření modelu; fyzická přesnost detailů neověřená."
4932464080;roh-ochrana--1--1;-205.5;-280.5;-73.42500305175781;-191.47462463378906;-266.4746398925781;62.69999694824219;fixed;"Digitální měření modelu; fyzická přesnost detailů neověřená."
4932464080;roh-kov--1--1;-205.5;-280.5;-61.17374801635742;-201.0118865966797;-276.0118713378906;50.448760986328125;fixed;"Digitální měření modelu; fyzická přesnost detailů neověřená."
4932464080;roh-kov-kotveni--1--1-0;-205.21949768066406;-280.219482421875;-73.42500305175781;-196.80426025390625;-271.80426025390625;-65.25749969482422;fixed;"Digitální měření modelu; fyzická přesnost detailů neověřená."
4932464080;roh-kov-kotveni--1--1-1;-205.21949768066406;-280.219482421875;54.532501220703125;-196.80426025390625;-271.80426025390625;62.69999694824219;fixed;"Digitální měření modelu; fyzická přesnost detailů neověřená."
4932464080;roh-ochrana-1--1;181.1996307373047;-280.5;-73.42500305175781;195.22500610351562;-266.4746398925781;62.69999694824219;fixed;"Digitální měření modelu; fyzická přesnost detailů neověřená."
4932464080;roh-kov-1--1;190.73687744140625;-280.5;-61.17374801635742;195.22500610351562;-276.0118713378906;50.448760986328125;fixed;"Digitální měření modelu; fyzická přesnost detailů neověřená."
4932464080;roh-kov-kotveni-1--1-0;186.52926635742188;-280.219482421875;-73.42500305175781;194.94448852539062;-271.80426025390625;-65.25749969482422;fixed;"Digitální měření modelu; fyzická přesnost detailů neověřená."
4932464080;roh-kov-kotveni-1--1-1;186.52926635742188;-280.219482421875;54.532501220703125;194.94448852539062;-271.80426025390625;62.69999694824219;fixed;"Digitální měření modelu; fyzická přesnost detailů neověřená."
4932464080;roh-ochrana--1-1;-205.5;266.4746398925781;-73.42500305175781;-191.47462463378906;280.5;62.69999694824219;fixed;"Digitální měření modelu; fyzická přesnost detailů neověřená."
4932464080;roh-kov--1-1;-205.5;276.0118713378906;-61.17374801635742;-201.0118865966797;280.5;50.448760986328125;fixed;"Digitální měření modelu; fyzická přesnost detailů neověřená."
4932464080;roh-kov-kotveni--1-1-0;-205.21949768066406;271.80426025390625;-73.42500305175781;-196.80426025390625;280.219482421875;-65.25749969482422;fixed;"Digitální měření modelu; fyzická přesnost detailů neověřená."
4932464080;roh-kov-kotveni--1-1-1;-205.21949768066406;271.80426025390625;54.532501220703125;-196.80426025390625;280.219482421875;62.69999694824219;fixed;"Digitální měření modelu; fyzická přesnost detailů neověřená."
4932464080;roh-ochrana-1-1;181.1996307373047;266.4746398925781;-73.42500305175781;195.22500610351562;280.5;62.69999694824219;fixed;"Digitální měření modelu; fyzická přesnost detailů neověřená."
4932464080;roh-kov-1-1;190.73687744140625;276.0118713378906;-61.17374801635742;195.22500610351562;280.5;50.448760986328125;fixed;"Digitální měření modelu; fyzická přesnost detailů neověřená."
4932464080;roh-kov-kotveni-1-1-0;186.52926635742188;271.80426025390625;-73.42500305175781;194.94448852539062;280.219482421875;-65.25749969482422;fixed;"Digitální měření modelu; fyzická přesnost detailů neověřená."
4932464080;roh-kov-kotveni-1-1-1;186.52926635742188;271.80426025390625;54.532501220703125;194.94448852539062;280.219482421875;62.69999694824219;fixed;"Digitální měření modelu; fyzická přesnost detailů neověřená."
4932464080;bok-zebro--1--0.22;-97.7049789428711;-280.5;-65.25749969482422;-88.88902282714844;-273.76800537109375;38.19749450683594;fixed;"Digitální měření modelu; fyzická přesnost detailů neověřená."
4932464080;bok-zebro--1-0.22;78.61402130126953;-280.5;-65.25749969482422;87.42997741699219;-273.76800537109375;38.19749450683594;fixed;"Digitální měření modelu; fyzická přesnost detailů neověřená."
4932464080;bok-zebro-1--0.22;-97.7049789428711;273.76800537109375;-65.25749969482422;-88.88902282714844;280.5;38.19749450683594;fixed;"Digitální měření modelu; fyzická přesnost detailů neověřená."
4932464080;bok-zebro-1-0.22;78.61402130126953;273.76800537109375;-65.25749969482422;87.42997741699219;280.5;38.19749450683594;fixed;"Digitální měření modelu; fyzická přesnost detailů neověřená."
4932464080;celo-roh-ochrana--1;181.1996307373047;-280.5;-73.42500305175781;205.5;-266.4746398925781;62.69999694824219;fixed;"Digitální měření modelu; fyzická přesnost detailů neověřená."
4932464080;celo-roh-ochrana-1;181.1996307373047;266.4746398925781;-73.42500305175781;205.5;280.5;62.69999694824219;fixed;"Digitální měření modelu; fyzická přesnost detailů neověřená."
4932464080;viko-nosny-okraj;-205.5;-280.5;62.69999694824219;195.22500610351562;280.5;75.57000732421875;lid;"Digitální měření modelu; fyzická přesnost detailů neověřená."
4932464080;viko-panel;-201.5;-276.5;72.60000610351562;191.22500610351562;276.5;76.55999755859375;lid;"Digitální měření modelu; fyzická přesnost detailů neověřená."
4932464080;PACKOUT-horni-drazka--1--1;-149.39849853515625;-204.76499938964844;75.5;-85.28250122070312;-58.904998779296875;82.5;lid;"Digitální měření modelu; fyzická přesnost detailů neověřená."
4932464080;PACKOUT-horni-zamek--1--1;-96.82337951660156;-184.3446044921875;80.05000305175781;-86.5648193359375;-79.32540130615234;82.14999389648438;lid;"Digitální měření modelu; fyzická přesnost detailů neověřená."
4932464080;PACKOUT-horni-drazka--1-1;-149.39849853515625;58.904998779296875;75.5;-85.28250122070312;204.76499938964844;82.5;lid;"Digitální měření modelu; fyzická přesnost detailů neověřená."
4932464080;PACKOUT-horni-zamek--1-1;-96.82337951660156;79.32540130615234;80.05000305175781;-86.5648193359375;184.3446044921875;82.14999389648438;lid;"Digitální měření modelu; fyzická přesnost detailů neověřená."
4932464080;PACKOUT-horni-drazka-0--1;-37.195499420166016;-204.76499938964844;75.5;26.92049789428711;-58.904998779296875;82.5;lid;"Digitální měření modelu; fyzická přesnost detailů neověřená."
4932464080;PACKOUT-horni-zamek-0--1;15.379620552062988;-184.3446044921875;80.05000305175781;25.638179779052734;-79.32540130615234;82.14999389648438;lid;"Digitální měření modelu; fyzická přesnost detailů neověřená."
4932464080;PACKOUT-horni-drazka-0-1;-37.195499420166016;58.904998779296875;75.5;26.92049789428711;204.76499938964844;82.5;lid;"Digitální měření modelu; fyzická přesnost detailů neověřená."
4932464080;PACKOUT-horni-zamek-0-1;15.379620552062988;79.32540130615234;80.05000305175781;25.638179779052734;184.3446044921875;82.14999389648438;lid;"Digitální měření modelu; fyzická přesnost detailů neověřená."
4932464080;PACKOUT-horni-drazka-1--1;75.00750732421875;-204.76499938964844;75.5;139.12350463867188;-58.904998779296875;82.5;lid;"Digitální měření modelu; fyzická přesnost detailů neověřená."
4932464080;PACKOUT-horni-zamek-1--1;127.58262634277344;-184.3446044921875;80.05000305175781;137.8411865234375;-79.32540130615234;82.14999389648438;lid;"Digitální měření modelu; fyzická přesnost detailů neověřená."
4932464080;PACKOUT-horni-drazka-1-1;75.00750732421875;58.904998779296875;75.5;139.12350463867188;204.76499938964844;82.5;lid;"Digitální měření modelu; fyzická přesnost detailů neověřená."
4932464080;PACKOUT-horni-zamek-1-1;127.58262634277344;79.32540130615234;80.05000305175781;137.8411865234375;184.3446044921875;82.14999389648438;lid;"Digitální měření modelu; fyzická přesnost detailů neověřená."
4932464080;PACKOUT-lista--230.01;-179.45286560058594;-237.0225067138672;75.5;169.17787170410156;-222.99749755859375;79.0;lid;"Digitální měření modelu; fyzická přesnost detailů neověřená."
4932464080;PACKOUT-lista-230.01;-179.45286560058594;222.99749755859375;75.5;169.17787170410156;237.0225067138672;79.0;lid;"Digitální měření modelu; fyzická přesnost detailů neověřená."
4932464080;viko-prolis-obvod;-193.47824096679688;-263.6700134277344;75.5;183.2032470703125;263.6700134277344;77.94999694824219;lid;"Digitální měření modelu; fyzická přesnost detailů neověřená."
4932464080;PACKOUT-cervene-uvolneni;54.971248626708984;-18.232500076293945;75.5;79.01475524902344;18.232500076293945;77.94999694824219;lid;"Digitální měření modelu; fyzická přesnost detailů neověřená."
4932464080;viko-nosne-zebro--224.4;-177.44924926757812;-226.89999389648438;76.55999755859375;167.17425537109375;-221.89999389648438;82.5;lid;"Digitální měření modelu; fyzická přesnost detailů neověřená."
4932464080;viko-nosne-zebro-224.4;-177.44924926757812;221.89999389648438;76.55999755859375;167.17425537109375;226.89999389648438;82.5;lid;"Digitální měření modelu; fyzická přesnost detailů neověřená."
4932464080;pant-vika--145.86;-204.5;-157.86000061035156;59.69999694824219;-198.5;-133.86000061035156;65.69999694824219;lid;"Digitální měření modelu; fyzická přesnost detailů neověřená."
4932464080;pant-vika-kotveni--145.86;-205.0;-159.36000061035156;57.69999694824219;-196.0;-132.36000061035156;66.69999694824219;fixed;"Digitální měření modelu; fyzická přesnost detailů neověřená."
4932464080;pant-vika-145.86;-204.5;133.86000061035156;59.69999694824219;-198.5;157.86000061035156;65.69999694824219;lid;"Digitální měření modelu; fyzická přesnost detailů neověřená."
4932464080;pant-vika-kotveni-145.86;-205.0;132.36000061035156;57.69999694824219;-196.0;159.36000061035156;66.69999694824219;fixed;"Digitální měření modelu; fyzická přesnost detailů neověřená."
4932464080;zapadka-zaklad--179.52;189.22500610351562;-199.15499877929688;31.514999389648438;195.22500610351562;-159.88499450683594;66.16500854492188;fixed;"Digitální měření modelu; fyzická přesnost detailů neověřená."
4932464080;zapadka-cervena--179.52;195.22500610351562;-194.83529663085938;31.514999389648438;199.4250030517578;-164.20469665527344;53.69099426269531;fixed;"Digitální měření modelu; fyzická přesnost detailů neověřená."
4932464080;zapadka-zebro--179.52-0;199.36500549316406;-191.49734497070312;43.295997619628906;200.80499267578125;-187.57034301757812;52.99800109863281;fixed;"Digitální měření modelu; fyzická přesnost detailů neověřená."
4932464080;zapadka-zebro--179.52-1;199.36500549316406;-184.8214569091797;43.295997619628906;200.80499267578125;-180.8944549560547;52.99800109863281;fixed;"Digitální měření modelu; fyzická přesnost detailů neověřená."
4932464080;zapadka-zebro--179.52-2;199.36500549316406;-178.1455535888672;43.295997619628906;200.80499267578125;-174.2185516357422;52.99800109863281;fixed;"Digitální měření modelu; fyzická přesnost detailů neověřená."
4932464080;zapadka-zebro--179.52-3;199.36500549316406;-171.4696502685547;43.295997619628906;200.80499267578125;-167.5426483154297;52.99800109863281;fixed;"Digitální měření modelu; fyzická přesnost detailů neověřená."
4932464080;zapadka-kov-levy--179.52;198.0749969482422;-200.5050048828125;41.217002868652344;200.77499389648438;-197.80499267578125;64.4324951171875;fixed;"Digitální měření modelu; fyzická přesnost detailů neověřená."
4932464080;zapadka-kov-pravy--179.52;198.0749969482422;-161.23500061035156;41.217002868652344;200.77499389648438;-158.53500366210938;64.4324951171875;fixed;"Digitální měření modelu; fyzická přesnost detailů neověřená."
4932464080;zapadka-kov-mustek--179.52;198.0749969482422;-199.15499877929688;63.08250427246094;200.77499389648438;-159.88499450683594;65.78250122070312;fixed;"Digitální měření modelu; fyzická přesnost detailů neověřená."
4932464080;zapadka-zaklad-179.52;189.22500610351562;159.88499450683594;31.514999389648438;195.22500610351562;199.15499877929688;66.16500854492188;fixed;"Digitální měření modelu; fyzická přesnost detailů neověřená."
4932464080;zapadka-cervena-179.52;195.22500610351562;164.20469665527344;31.514999389648438;199.4250030517578;194.83529663085938;53.69099426269531;fixed;"Digitální měření modelu; fyzická přesnost detailů neověřená."
4932464080;zapadka-zebro-179.52-0;199.36500549316406;167.5426483154297;43.295997619628906;200.80499267578125;171.4696502685547;52.99800109863281;fixed;"Digitální měření modelu; fyzická přesnost detailů neověřená."
4932464080;zapadka-zebro-179.52-1;199.36500549316406;174.2185516357422;43.295997619628906;200.80499267578125;178.1455535888672;52.99800109863281;fixed;"Digitální měření modelu; fyzická přesnost detailů neověřená."
4932464080;zapadka-zebro-179.52-2;199.36500549316406;180.8944549560547;43.295997619628906;200.80499267578125;184.8214569091797;52.99800109863281;fixed;"Digitální měření modelu; fyzická přesnost detailů neověřená."
4932464080;zapadka-zebro-179.52-3;199.36500549316406;187.57034301757812;43.295997619628906;200.80499267578125;191.49734497070312;52.99800109863281;fixed;"Digitální měření modelu; fyzická přesnost detailů neověřená."
4932464080;zapadka-kov-levy-179.52;198.0749969482422;158.53500366210938;41.217002868652344;200.77499389648438;161.23500061035156;64.4324951171875;fixed;"Digitální měření modelu; fyzická přesnost detailů neověřená."
4932464080;zapadka-kov-pravy-179.52;198.0749969482422;197.80499267578125;41.217002868652344;200.77499389648438;200.5050048828125;64.4324951171875;fixed;"Digitální měření modelu; fyzická přesnost detailů neověřená."
4932464080;zapadka-kov-mustek-179.52;198.0749969482422;159.88499450683594;63.08250427246094;200.77499389648438;199.15499877929688;65.78250122070312;fixed;"Digitální měření modelu; fyzická přesnost detailů neověřená."
4932464080;drzadlo-otevreny-uchop;197.22500610351562;-92.56500244140625;28.875;202.22500610351562;92.56500244140625;61.875;fixed;"Digitální měření modelu; fyzická přesnost detailů neověřená."
4932464080;drzadlo-kotveni--1;189.72500610351562;-93.56500244140625;28.875;199.72500610351562;-84.96499633789062;61.875;fixed;"Digitální měření modelu; fyzická přesnost detailů neověřená."
4932464080;drzadlo-kotveni-1;189.72500610351562;84.96499633789062;28.875;199.72500610351562;93.56500244140625;61.875;fixed;"Digitální měření modelu; fyzická přesnost detailů neověřená."
4932464080;vlozka-dno;-159.2375030517578;-225.0;34.19999694824219;-58.73749923706055;225.0;36.19999694824219;tray;"Digitální měření modelu; fyzická přesnost detailů neověřená."
4932464080;vlozka-dute-steny;-159.2375030517578;-225.0;36.19999694824219;-58.73749923706055;225.0;62.69999694824219;tray;"Digitální měření modelu; fyzická přesnost detailů neověřená."
4932464080;vlozka-operna-lista--1;-172.6374969482422;-252.0;31.199996948242188;162.3625030517578;-223.0;34.19999694824219;fixed;"Digitální měření modelu; fyzická přesnost detailů neověřená."
4932464080;vlozka-operna-lista-1;-172.6374969482422;223.0;31.199996948242188;162.3625030517578;252.0;34.19999694824219;fixed;"Digitální měření modelu; fyzická přesnost detailů neověřená."
4932464080;PACKOUT-spodni-patka--1--1;-149.39849853515625;-204.76499938964844;-82.5;-85.28250122070312;-58.904998779296875;-72.42500305175781;fixed;"Digitální měření modelu; fyzická přesnost detailů neověřená."
4932464080;PACKOUT-spodni-zub--1--1;-104.51729583740234;-182.88600158691406;-82.5;-85.2824935913086;-80.78400421142578;-78.47000122070312;fixed;"Digitální měření modelu; fyzická přesnost detailů neověřená."
4932464080;PACKOUT-spodni-patka--1-1;-149.39849853515625;58.904998779296875;-82.5;-85.28250122070312;204.76499938964844;-72.42500305175781;fixed;"Digitální měření modelu; fyzická přesnost detailů neověřená."
4932464080;PACKOUT-spodni-zub--1-1;-104.51729583740234;80.78400421142578;-82.5;-85.2824935913086;182.88600158691406;-78.47000122070312;fixed;"Digitální měření modelu; fyzická přesnost detailů neověřená."
4932464080;PACKOUT-spodni-patka-0--1;-37.19549560546875;-204.76499938964844;-82.5;26.920501708984375;-58.904998779296875;-72.42500305175781;fixed;"Digitální měření modelu; fyzická přesnost detailů neověřená."
4932464080;PACKOUT-spodni-zub-0--1;7.685703277587891;-182.88600158691406;-82.5;26.920501708984375;-80.78400421142578;-78.47000122070312;fixed;"Digitální měření modelu; fyzická přesnost detailů neověřená."
4932464080;PACKOUT-spodni-patka-0-1;-37.19549560546875;58.904998779296875;-82.5;26.920501708984375;204.76499938964844;-72.42500305175781;fixed;"Digitální měření modelu; fyzická přesnost detailů neověřená."
4932464080;PACKOUT-spodni-zub-0-1;7.685703277587891;80.78400421142578;-82.5;26.920501708984375;182.88600158691406;-78.47000122070312;fixed;"Digitální měření modelu; fyzická přesnost detailů neověřená."
4932464080;PACKOUT-spodni-patka-1--1;75.00750732421875;-204.76499938964844;-82.5;139.12350463867188;-58.904998779296875;-72.42500305175781;fixed;"Digitální měření modelu; fyzická přesnost detailů neověřená."
4932464080;PACKOUT-spodni-zub-1--1;119.88870239257812;-182.88600158691406;-82.5;139.12350463867188;-80.78400421142578;-78.47000122070312;fixed;"Digitální měření modelu; fyzická přesnost detailů neověřená."
4932464080;PACKOUT-spodni-patka-1-1;75.00750732421875;58.904998779296875;-82.5;139.12350463867188;204.76499938964844;-72.42500305175781;fixed;"Digitální měření modelu; fyzická přesnost detailů neověřená."
4932464080;PACKOUT-spodni-zub-1-1;119.88870239257812;80.78400421142578;-82.5;139.12350463867188;182.88600158691406;-78.47000122070312;fixed;"Digitální měření modelu; fyzická přesnost detailů neověřená."
4932464080;zamek-packout-cerveny;195.22500610351562;-14.5;-58.20000076293945;198.22500610351562;14.5;-34.20000076293945;fixed;"Digitální měření modelu; fyzická přesnost detailů neověřená."
4932464080;oznaceni-MILWAUKEE;197.22500610351562;-59.78156280517578;5.3143157958984375;197.5749969482422;59.78156280517578;21.32805633544922;fixed;"Digitální měření modelu; fyzická přesnost detailů neověřená."
4932464080;oznaceni-PACKOUT;197.22500610351562;-32.32369613647461;-7.185050964355469;197.5749969482422;32.32369613647461;3.5895156860351562;fixed;"Digitální měření modelu; fyzická přesnost detailů neověřená."
4932472129;patka--1--1;-206.0399932861328;-281.0400085449219;-181.5;-153.17999267578125;-208.67999267578125;-169.5;fixed;"Digitální měření modelu; fyzická přesnost detailů neověřená."
4932472129;patka--1-1;-206.0399932861328;208.67999267578125;-181.5;-153.17999267578125;281.0400085449219;-169.5;fixed;"Digitální měření modelu; fyzická přesnost detailů neověřená."
4932472129;patka-1--1;153.17999267578125;-281.0400085449219;-181.5;206.0399932861328;-208.67999267578125;-169.5;fixed;"Digitální měření modelu; fyzická přesnost detailů neověřená."
4932472129;patka-1-1;153.17999267578125;208.67999267578125;-181.5;206.0399932861328;281.0400085449219;-169.5;fixed;"Digitální měření modelu; fyzická přesnost detailů neověřená."
4932472129;skrin-zadni-stena;-207.0;-282.0;-169.5;-166.0;282.0;166.5;fixed;"Digitální měření modelu; fyzická přesnost detailů neověřená."
4932472129;skrin-bocnice--1;-207.0;-282.0;-169.5;207.0;-212.0;166.5;fixed;"Digitální měření modelu; fyzická přesnost detailů neověřená."
4932472129;skrin-bocnice-1;-207.0;212.0;-169.5;207.0;282.0;166.5;fixed;"Digitální měření modelu; fyzická přesnost detailů neověřená."
4932472129;skrin-dno;-207.0;-282.0;-169.5;207.0;282.0;-161.5;fixed;"Digitální měření modelu; fyzická přesnost detailů neověřená."
4932472129;skrin-strop;-207.0;-282.0;154.5;207.0;282.0;166.5;fixed;"Digitální měření modelu; fyzická přesnost detailů neověřená."
4932472129;roh-ochrana--1--1;-207.0;-282.0;-169.5;-192.50999450683594;-267.510009765625;166.5;fixed;"Digitální měření modelu; fyzická přesnost detailů neověřená."
4932472129;roh-kov--1--1;-207.0;-282.0;-139.25999450683594;-202.3632049560547;-277.3631896972656;136.25997924804688;fixed;"Digitální měření modelu; fyzická přesnost detailů neověřená."
4932472129;roh-kov-kotveni--1--1-0;-206.710205078125;-281.710205078125;-169.5;-198.01620483398438;-273.0162048339844;-149.33999633789062;fixed;"Digitální měření modelu; fyzická přesnost detailů neověřená."
4932472129;roh-kov-kotveni--1--1-1;-206.710205078125;-281.710205078125;146.33999633789062;-198.01620483398438;-273.0162048339844;166.5;fixed;"Digitální měření modelu; fyzická přesnost detailů neověřená."
4932472129;roh-ochrana-1--1;192.50999450683594;-282.0;-169.5;207.0;-267.510009765625;166.5;fixed;"Digitální měření modelu; fyzická přesnost detailů neověřená."
4932472129;roh-kov-1--1;202.3632049560547;-282.0;-139.25999450683594;207.0;-277.3631896972656;136.25997924804688;fixed;"Digitální měření modelu; fyzická přesnost detailů neověřená."
4932472129;roh-kov-kotveni-1--1-0;198.01620483398438;-281.710205078125;-169.5;206.710205078125;-273.0162048339844;-149.33999633789062;fixed;"Digitální měření modelu; fyzická přesnost detailů neověřená."
4932472129;roh-kov-kotveni-1--1-1;198.01620483398438;-281.710205078125;146.33999633789062;206.710205078125;-273.0162048339844;166.5;fixed;"Digitální měření modelu; fyzická přesnost detailů neověřená."
4932472129;roh-ochrana--1-1;-207.0;267.510009765625;-169.5;-192.50999450683594;282.0;166.5;fixed;"Digitální měření modelu; fyzická přesnost detailů neověřená."
4932472129;roh-kov--1-1;-207.0;277.3631896972656;-139.25999450683594;-202.3632049560547;282.0;136.25997924804688;fixed;"Digitální měření modelu; fyzická přesnost detailů neověřená."
4932472129;roh-kov-kotveni--1-1-0;-206.710205078125;273.0162048339844;-169.5;-198.01620483398438;281.710205078125;-149.33999633789062;fixed;"Digitální měření modelu; fyzická přesnost detailů neověřená."
4932472129;roh-kov-kotveni--1-1-1;-206.710205078125;273.0162048339844;146.33999633789062;-198.01620483398438;281.710205078125;166.5;fixed;"Digitální měření modelu; fyzická přesnost detailů neověřená."
4932472129;roh-ochrana-1-1;192.50999450683594;267.510009765625;-169.5;207.0;282.0;166.5;fixed;"Digitální měření modelu; fyzická přesnost detailů neověřená."
4932472129;roh-kov-1-1;202.3632049560547;277.3631896972656;-139.25999450683594;207.0;282.0;136.25997924804688;fixed;"Digitální měření modelu; fyzická přesnost detailů neověřená."
4932472129;roh-kov-kotveni-1-1-0;198.01620483398438;273.0162048339844;-169.5;206.710205078125;281.710205078125;-149.33999633789062;fixed;"Digitální měření modelu; fyzická přesnost detailů neověřená."
4932472129;roh-kov-kotveni-1-1-1;198.01620483398438;273.0162048339844;146.33999633789062;206.710205078125;281.710205078125;166.5;fixed;"Digitální měření modelu; fyzická přesnost detailů neověřená."
4932472129;bok-zebro--1--0.22;-95.63400268554688;-282.0;-149.33999633789062;-86.5260009765625;-275.23199462890625;106.01998901367188;fixed;"Digitální měření modelu; fyzická přesnost detailů neověřená."
4932472129;bok-zebro--1-0.22;86.5260009765625;-282.0;-149.33999633789062;95.63400268554688;-275.23199462890625;106.01998901367188;fixed;"Digitální měření modelu; fyzická přesnost detailů neověřená."
4932472129;bok-zebro-1--0.22;-95.63400268554688;275.23199462890625;-149.33999633789062;-86.5260009765625;282.0;106.01998901367188;fixed;"Digitální měření modelu; fyzická přesnost detailů neověřená."
4932472129;bok-zebro-1-0.22;86.5260009765625;275.23199462890625;-149.33999633789062;95.63400268554688;282.0;106.01998901367188;fixed;"Digitální měření modelu; fyzická přesnost detailů neověřená."
4932472129;skrin-horni-panel;-207.0;-282.0;166.5;207.0;282.0;174.5;fixed;"Digitální měření modelu; fyzická přesnost detailů neověřená."
4932472129;PACKOUT-horni-drazka--1--1;-149.0399932861328;-205.86000061035156;174.5;-82.80000305175781;-59.220001220703125;181.5;fixed;"Digitální měření modelu; fyzická přesnost detailů neověřená."
4932472129;PACKOUT-horni-zamek--1--1;-94.72319793701172;-185.3303985595703;179.04998779296875;-84.12480163574219;-79.74959564208984;181.14999389648438;fixed;"Digitální měření modelu; fyzická přesnost detailů neověřená."
4932472129;PACKOUT-horni-drazka--1-1;-149.0399932861328;59.220001220703125;174.5;-82.80000305175781;205.86000061035156;181.5;fixed;"Digitální měření modelu; fyzická přesnost detailů neověřená."
4932472129;PACKOUT-horni-zamek--1-1;-94.72319793701172;79.74959564208984;179.04998779296875;-84.12480163574219;185.3303985595703;181.14999389648438;fixed;"Digitální měření modelu; fyzická přesnost detailů neověřená."
4932472129;PACKOUT-horni-drazka-0--1;-33.119998931884766;-205.86000061035156;174.5;33.119998931884766;-59.220001220703125;181.5;fixed;"Digitální měření modelu; fyzická přesnost detailů neověřená."
4932472129;PACKOUT-horni-zamek-0--1;21.196800231933594;-185.3303985595703;179.04998779296875;31.79520034790039;-79.74959564208984;181.14999389648438;fixed;"Digitální měření modelu; fyzická přesnost detailů neověřená."
4932472129;PACKOUT-horni-drazka-0-1;-33.119998931884766;59.220001220703125;174.5;33.119998931884766;205.86000061035156;181.5;fixed;"Digitální měření modelu; fyzická přesnost detailů neověřená."
4932472129;PACKOUT-horni-zamek-0-1;21.196800231933594;79.74959564208984;179.04998779296875;31.79520034790039;185.3303985595703;181.14999389648438;fixed;"Digitální měření modelu; fyzická přesnost detailů neověřená."
4932472129;PACKOUT-horni-drazka-1--1;82.80000305175781;-205.86000061035156;174.5;149.0399932861328;-59.220001220703125;181.5;fixed;"Digitální měření modelu; fyzická přesnost detailů neověřená."
4932472129;PACKOUT-horni-zamek-1--1;137.11680603027344;-185.3303985595703;179.04998779296875;147.71519470214844;-79.74959564208984;181.14999389648438;fixed;"Digitální měření modelu; fyzická přesnost detailů neověřená."
4932472129;PACKOUT-horni-drazka-1-1;82.80000305175781;59.220001220703125;174.5;149.0399932861328;205.86000061035156;181.5;fixed;"Digitální měření modelu; fyzická přesnost detailů neověřená."
4932472129;PACKOUT-horni-zamek-1-1;137.11680603027344;79.74959564208984;179.04998779296875;147.71519470214844;185.3303985595703;181.14999389648438;fixed;"Digitální měření modelu; fyzická přesnost detailů neověřená."
4932472129;PACKOUT-lista--231.23999999999998;-180.08999633789062;-238.2899932861328;174.5;180.08999633789062;-224.19000244140625;178.0;fixed;"Digitální měření modelu; fyzická přesnost detailů neověřená."
4932472129;PACKOUT-lista-231.23999999999998;-180.08999633789062;224.19000244140625;174.5;180.08999633789062;238.2899932861328;178.0;fixed;"Digitální měření modelu; fyzická přesnost detailů neověřená."
4932472129;viko-prolis-obvod;-194.5800018310547;-265.0799865722656;174.5;194.5800018310547;265.0799865722656;176.95001220703125;fixed;"Digitální měření modelu; fyzická přesnost detailů neověřená."
4932472129;PACKOUT-cervene-uvolneni;62.099998474121094;-18.329999923706055;174.5;86.94000244140625;18.329999923706055;176.95001220703125;fixed;"Digitální měření modelu; fyzická přesnost detailů neověřená."
4932472129;PACKOUT-spodni-patka--1--1;-149.0399932861328;-205.86000061035156;-181.5;-82.80000305175781;-59.220001220703125;-168.5;fixed;"Digitální měření modelu; fyzická přesnost detailů neověřená."
4932472129;PACKOUT-spodni-zub--1--1;-102.6719970703125;-183.86399841308594;-181.5;-82.80000305175781;-81.21599578857422;-176.3000030517578;fixed;"Digitální měření modelu; fyzická přesnost detailů neověřená."
4932472129;PACKOUT-spodni-patka--1-1;-149.0399932861328;59.220001220703125;-181.5;-82.80000305175781;205.86000061035156;-168.5;fixed;"Digitální měření modelu; fyzická přesnost detailů neověřená."
4932472129;PACKOUT-spodni-zub--1-1;-102.6719970703125;81.21599578857422;-181.5;-82.80000305175781;183.86399841308594;-176.3000030517578;fixed;"Digitální měření modelu; fyzická přesnost detailů neověřená."
4932472129;PACKOUT-spodni-patka-0--1;-33.119998931884766;-205.86000061035156;-181.5;33.119998931884766;-59.220001220703125;-168.5;fixed;"Digitální měření modelu; fyzická přesnost detailů neověřená."
4932472129;PACKOUT-spodni-zub-0--1;13.248000144958496;-183.86399841308594;-181.5;33.119998931884766;-81.21599578857422;-176.3000030517578;fixed;"Digitální měření modelu; fyzická přesnost detailů neověřená."
4932472129;PACKOUT-spodni-patka-0-1;-33.119998931884766;59.220001220703125;-181.5;33.119998931884766;205.86000061035156;-168.5;fixed;"Digitální měření modelu; fyzická přesnost detailů neověřená."
4932472129;PACKOUT-spodni-zub-0-1;13.248000144958496;81.21599578857422;-181.5;33.119998931884766;183.86399841308594;-176.3000030517578;fixed;"Digitální měření modelu; fyzická přesnost detailů neověřená."
4932472129;PACKOUT-spodni-patka-1--1;82.80000305175781;-205.86000061035156;-181.5;149.0399932861328;-59.220001220703125;-168.5;fixed;"Digitální měření modelu; fyzická přesnost detailů neověřená."
4932472129;PACKOUT-spodni-zub-1--1;129.16799926757812;-183.86399841308594;-181.5;149.0399932861328;-81.21599578857422;-176.3000030517578;fixed;"Digitální měření modelu; fyzická přesnost detailů neověřená."
4932472129;PACKOUT-spodni-patka-1-1;82.80000305175781;59.220001220703125;-181.5;149.0399932861328;205.86000061035156;-168.5;fixed;"Digitální měření modelu; fyzická přesnost detailů neověřená."
4932472129;PACKOUT-spodni-zub-1-1;129.16799926757812;81.21599578857422;-181.5;149.0399932861328;183.86399841308594;-176.3000030517578;fixed;"Digitální měření modelu; fyzická přesnost detailů neověřená."
4932472129;zasuvka-1-dno;-134.0;-211.0;-141.8333282470703;192.0;211.0;-138.8333282470703;drawer-1;"Digitální měření modelu; fyzická přesnost detailů neověřená."
4932472129;zasuvka-1-dute-steny;-134.0;-211.0;-138.8333282470703;192.0;211.0;-11.833328247070312;drawer-1;"Digitální měření modelu; fyzická přesnost detailů neověřená."
4932472129;zasuvka-1-celo;190.0;-239.6999969482422;-142.8333282470703;198.0;239.6999969482422;-10.833328247070312;drawer-1;"Digitální měření modelu; fyzická přesnost detailů neověřená."
4932472129;zasuvka-1-cerveny-uchop;196.5;-90.23999786376953;-45.633331298828125;201.5;90.23999786376953;-33.633331298828125;drawer-1;"Digitální měření modelu; fyzická přesnost detailů neověřená."
4932472129;zasuvka-1-cervena-prepazka--69;-130.0;-70.0;-138.8333282470703;188.0;-68.0;-47.39332580566406;drawer-1;"Digitální měření modelu; fyzická přesnost detailů neověřená."
4932472129;zasuvka-1-cervena-prepazka-69;-130.0;68.0;-138.8333282470703;188.0;70.0;-47.39332580566406;drawer-1;"Digitální měření modelu; fyzická přesnost detailů neověřená."
4932472129;zasuvka-1-vysuv--208.68;-144.89999389648438;-211.17999267578125;-79.33333587646484;189.0;-206.17999267578125;-74.33333587646484;drawer-1;"Digitální měření modelu; fyzická přesnost detailů neověřená."
4932472129;zasuvka-1-vysuv-208.68;-144.89999389648438;206.17999267578125;-79.33333587646484;189.0;211.17999267578125;-74.33333587646484;drawer-1;"Digitální měření modelu; fyzická přesnost detailů neověřená."
4932472129;zasuvka-0-dno;-134.0;-211.0;6.8333282470703125;192.0;211.0;9.833328247070312;drawer-0;"Digitální měření modelu; fyzická přesnost detailů neověřená."
4932472129;zasuvka-0-dute-steny;-134.0;-211.0;9.833328247070312;192.0;211.0;136.83334350585938;drawer-0;"Digitální měření modelu; fyzická přesnost detailů neověřená."
4932472129;zasuvka-0-celo;190.0;-239.6999969482422;5.8333282470703125;198.0;239.6999969482422;137.83334350585938;drawer-0;"Digitální měření modelu; fyzická přesnost detailů neověřená."
4932472129;zasuvka-0-cerveny-uchop;196.5;-90.23999786376953;103.0333251953125;201.5;90.23999786376953;115.0333251953125;drawer-0;"Digitální měření modelu; fyzická přesnost detailů neověřená."
4932472129;zasuvka-0-cervena-prepazka--69;-130.0;-70.0;9.833328247070312;188.0;-68.0;101.27334594726562;drawer-0;"Digitální měření modelu; fyzická přesnost detailů neověřená."
4932472129;zasuvka-0-cervena-prepazka-69;-130.0;68.0;9.833328247070312;188.0;70.0;101.27334594726562;drawer-0;"Digitální měření modelu; fyzická přesnost detailů neověřená."
4932472129;zasuvka-0-vysuv--208.68;-144.89999389648438;-211.17999267578125;69.33332824707031;189.0;-206.17999267578125;74.33332824707031;drawer-0;"Digitální měření modelu; fyzická přesnost detailů neověřená."
4932472129;zasuvka-0-vysuv-208.68;-144.89999389648438;206.17999267578125;69.33332824707031;189.0;211.17999267578125;74.33332824707031;drawer-0;"Digitální měření modelu; fyzická přesnost detailů neověřená."
4932472129;zajistovaci-lista--73.32000000000001;199.5;-75.81999969482422;-164.5;204.5;-70.81999969482422;160.5;lock;"Digitální měření modelu; fyzická přesnost detailů neověřená."
4932472129;zajistovaci-lista-dolni-cep--73.32000000000001;195.5;-79.31999969482422;-167.5;204.5;-67.31999969482422;-157.5;fixed;"Digitální měření modelu; fyzická přesnost detailů neověřená."
4932472129;zajistovaci-lista-horni-kotveni--73.32000000000001;195.0;-79.81999969482422;155.5;205.0;-66.81999969482422;165.5;fixed;"Digitální měření modelu; fyzická přesnost detailů neověřená."
4932472129;zajistovaci-lista-73.32000000000001;199.5;70.81999969482422;-164.5;204.5;75.81999969482422;160.5;lock;"Digitální měření modelu; fyzická přesnost detailů neověřená."
4932472129;zajistovaci-lista-dolni-cep-73.32000000000001;195.5;67.31999969482422;-167.5;204.5;79.31999969482422;-157.5;fixed;"Digitální měření modelu; fyzická přesnost detailů neověřená."
4932472129;zajistovaci-lista-horni-kotveni-73.32000000000001;195.0;66.81999969482422;155.5;205.0;79.81999969482422;165.5;fixed;"Digitální měření modelu; fyzická přesnost detailů neověřená."
4932472129;zajistovaci-lista-mustek;199.5;-73.31999969482422;158.0;204.5;73.31999969482422;163.0;lock;"Digitální měření modelu; fyzická přesnost detailů neověřená."
4932472129;oznaceni-MILWAUKEE;196.0;-36.06074905395508;108.6673583984375;196.35000610351562;36.06074905395508;118.32696533203125;drawer-0;"Digitální měření modelu; fyzická přesnost detailů neověřená."
4932472129;oznaceni-PACKOUT;196.0;-19.4979305267334;101.12762451171875;196.35000610351562;19.4979305267334;107.626953125;drawer-0;"Digitální měření modelu; fyzická přesnost detailů neověřená."
4932472130;patka--1--1;-206.0399932861328;-281.0400085449219;-181.5;-153.17999267578125;-208.67999267578125;-169.5;fixed;"Digitální měření modelu; fyzická přesnost detailů neověřená."
4932472130;patka--1-1;-206.0399932861328;208.67999267578125;-181.5;-153.17999267578125;281.0400085449219;-169.5;fixed;"Digitální měření modelu; fyzická přesnost detailů neověřená."
4932472130;patka-1--1;153.17999267578125;-281.0400085449219;-181.5;206.0399932861328;-208.67999267578125;-169.5;fixed;"Digitální měření modelu; fyzická přesnost detailů neověřená."
4932472130;patka-1-1;153.17999267578125;208.67999267578125;-181.5;206.0399932861328;281.0400085449219;-169.5;fixed;"Digitální měření modelu; fyzická přesnost detailů neověřená."
4932472130;skrin-zadni-stena;-207.0;-282.0;-169.5;-166.0;282.0;166.5;fixed;"Digitální měření modelu; fyzická přesnost detailů neověřená."
4932472130;skrin-bocnice--1;-207.0;-282.0;-169.5;207.0;-212.0;166.5;fixed;"Digitální měření modelu; fyzická přesnost detailů neověřená."
4932472130;skrin-bocnice-1;-207.0;212.0;-169.5;207.0;282.0;166.5;fixed;"Digitální měření modelu; fyzická přesnost detailů neověřená."
4932472130;skrin-dno;-207.0;-282.0;-169.5;207.0;282.0;-161.5;fixed;"Digitální měření modelu; fyzická přesnost detailů neověřená."
4932472130;skrin-strop;-207.0;-282.0;154.5;207.0;282.0;166.5;fixed;"Digitální měření modelu; fyzická přesnost detailů neověřená."
4932472130;roh-ochrana--1--1;-207.0;-282.0;-169.5;-192.50999450683594;-267.510009765625;166.5;fixed;"Digitální měření modelu; fyzická přesnost detailů neověřená."
4932472130;roh-kov--1--1;-207.0;-282.0;-139.25999450683594;-202.3632049560547;-277.3631896972656;136.25997924804688;fixed;"Digitální měření modelu; fyzická přesnost detailů neověřená."
4932472130;roh-kov-kotveni--1--1-0;-206.710205078125;-281.710205078125;-169.5;-198.01620483398438;-273.0162048339844;-149.33999633789062;fixed;"Digitální měření modelu; fyzická přesnost detailů neověřená."
4932472130;roh-kov-kotveni--1--1-1;-206.710205078125;-281.710205078125;146.33999633789062;-198.01620483398438;-273.0162048339844;166.5;fixed;"Digitální měření modelu; fyzická přesnost detailů neověřená."
4932472130;roh-ochrana-1--1;192.50999450683594;-282.0;-169.5;207.0;-267.510009765625;166.5;fixed;"Digitální měření modelu; fyzická přesnost detailů neověřená."
4932472130;roh-kov-1--1;202.3632049560547;-282.0;-139.25999450683594;207.0;-277.3631896972656;136.25997924804688;fixed;"Digitální měření modelu; fyzická přesnost detailů neověřená."
4932472130;roh-kov-kotveni-1--1-0;198.01620483398438;-281.710205078125;-169.5;206.710205078125;-273.0162048339844;-149.33999633789062;fixed;"Digitální měření modelu; fyzická přesnost detailů neověřená."
4932472130;roh-kov-kotveni-1--1-1;198.01620483398438;-281.710205078125;146.33999633789062;206.710205078125;-273.0162048339844;166.5;fixed;"Digitální měření modelu; fyzická přesnost detailů neověřená."
4932472130;roh-ochrana--1-1;-207.0;267.510009765625;-169.5;-192.50999450683594;282.0;166.5;fixed;"Digitální měření modelu; fyzická přesnost detailů neověřená."
4932472130;roh-kov--1-1;-207.0;277.3631896972656;-139.25999450683594;-202.3632049560547;282.0;136.25997924804688;fixed;"Digitální měření modelu; fyzická přesnost detailů neověřená."
4932472130;roh-kov-kotveni--1-1-0;-206.710205078125;273.0162048339844;-169.5;-198.01620483398438;281.710205078125;-149.33999633789062;fixed;"Digitální měření modelu; fyzická přesnost detailů neověřená."
4932472130;roh-kov-kotveni--1-1-1;-206.710205078125;273.0162048339844;146.33999633789062;-198.01620483398438;281.710205078125;166.5;fixed;"Digitální měření modelu; fyzická přesnost detailů neověřená."
4932472130;roh-ochrana-1-1;192.50999450683594;267.510009765625;-169.5;207.0;282.0;166.5;fixed;"Digitální měření modelu; fyzická přesnost detailů neověřená."
4932472130;roh-kov-1-1;202.3632049560547;277.3631896972656;-139.25999450683594;207.0;282.0;136.25997924804688;fixed;"Digitální měření modelu; fyzická přesnost detailů neověřená."
4932472130;roh-kov-kotveni-1-1-0;198.01620483398438;273.0162048339844;-169.5;206.710205078125;281.710205078125;-149.33999633789062;fixed;"Digitální měření modelu; fyzická přesnost detailů neověřená."
4932472130;roh-kov-kotveni-1-1-1;198.01620483398438;273.0162048339844;146.33999633789062;206.710205078125;281.710205078125;166.5;fixed;"Digitální měření modelu; fyzická přesnost detailů neověřená."
4932472130;bok-zebro--1--0.22;-95.63400268554688;-282.0;-149.33999633789062;-86.5260009765625;-275.23199462890625;106.01998901367188;fixed;"Digitální měření modelu; fyzická přesnost detailů neověřená."
4932472130;bok-zebro--1-0.22;86.5260009765625;-282.0;-149.33999633789062;95.63400268554688;-275.23199462890625;106.01998901367188;fixed;"Digitální měření modelu; fyzická přesnost detailů neověřená."
4932472130;bok-zebro-1--0.22;-95.63400268554688;275.23199462890625;-149.33999633789062;-86.5260009765625;282.0;106.01998901367188;fixed;"Digitální měření modelu; fyzická přesnost detailů neověřená."
4932472130;bok-zebro-1-0.22;86.5260009765625;275.23199462890625;-149.33999633789062;95.63400268554688;282.0;106.01998901367188;fixed;"Digitální měření modelu; fyzická přesnost detailů neověřená."
4932472130;skrin-horni-panel;-207.0;-282.0;166.5;207.0;282.0;174.5;fixed;"Digitální měření modelu; fyzická přesnost detailů neověřená."
4932472130;PACKOUT-horni-drazka--1--1;-149.0399932861328;-205.86000061035156;174.5;-82.80000305175781;-59.220001220703125;181.5;fixed;"Digitální měření modelu; fyzická přesnost detailů neověřená."
4932472130;PACKOUT-horni-zamek--1--1;-94.72319793701172;-185.3303985595703;179.04998779296875;-84.12480163574219;-79.74959564208984;181.14999389648438;fixed;"Digitální měření modelu; fyzická přesnost detailů neověřená."
4932472130;PACKOUT-horni-drazka--1-1;-149.0399932861328;59.220001220703125;174.5;-82.80000305175781;205.86000061035156;181.5;fixed;"Digitální měření modelu; fyzická přesnost detailů neověřená."
4932472130;PACKOUT-horni-zamek--1-1;-94.72319793701172;79.74959564208984;179.04998779296875;-84.12480163574219;185.3303985595703;181.14999389648438;fixed;"Digitální měření modelu; fyzická přesnost detailů neověřená."
4932472130;PACKOUT-horni-drazka-0--1;-33.119998931884766;-205.86000061035156;174.5;33.119998931884766;-59.220001220703125;181.5;fixed;"Digitální měření modelu; fyzická přesnost detailů neověřená."
4932472130;PACKOUT-horni-zamek-0--1;21.196800231933594;-185.3303985595703;179.04998779296875;31.79520034790039;-79.74959564208984;181.14999389648438;fixed;"Digitální měření modelu; fyzická přesnost detailů neověřená."
4932472130;PACKOUT-horni-drazka-0-1;-33.119998931884766;59.220001220703125;174.5;33.119998931884766;205.86000061035156;181.5;fixed;"Digitální měření modelu; fyzická přesnost detailů neověřená."
4932472130;PACKOUT-horni-zamek-0-1;21.196800231933594;79.74959564208984;179.04998779296875;31.79520034790039;185.3303985595703;181.14999389648438;fixed;"Digitální měření modelu; fyzická přesnost detailů neověřená."
4932472130;PACKOUT-horni-drazka-1--1;82.80000305175781;-205.86000061035156;174.5;149.0399932861328;-59.220001220703125;181.5;fixed;"Digitální měření modelu; fyzická přesnost detailů neověřená."
4932472130;PACKOUT-horni-zamek-1--1;137.11680603027344;-185.3303985595703;179.04998779296875;147.71519470214844;-79.74959564208984;181.14999389648438;fixed;"Digitální měření modelu; fyzická přesnost detailů neověřená."
4932472130;PACKOUT-horni-drazka-1-1;82.80000305175781;59.220001220703125;174.5;149.0399932861328;205.86000061035156;181.5;fixed;"Digitální měření modelu; fyzická přesnost detailů neověřená."
4932472130;PACKOUT-horni-zamek-1-1;137.11680603027344;79.74959564208984;179.04998779296875;147.71519470214844;185.3303985595703;181.14999389648438;fixed;"Digitální měření modelu; fyzická přesnost detailů neověřená."
4932472130;PACKOUT-lista--231.23999999999998;-180.08999633789062;-238.2899932861328;174.5;180.08999633789062;-224.19000244140625;178.0;fixed;"Digitální měření modelu; fyzická přesnost detailů neověřená."
4932472130;PACKOUT-lista-231.23999999999998;-180.08999633789062;224.19000244140625;174.5;180.08999633789062;238.2899932861328;178.0;fixed;"Digitální měření modelu; fyzická přesnost detailů neověřená."
4932472130;viko-prolis-obvod;-194.5800018310547;-265.0799865722656;174.5;194.5800018310547;265.0799865722656;176.95001220703125;fixed;"Digitální měření modelu; fyzická přesnost detailů neověřená."
4932472130;PACKOUT-cervene-uvolneni;62.099998474121094;-18.329999923706055;174.5;86.94000244140625;18.329999923706055;176.95001220703125;fixed;"Digitální měření modelu; fyzická přesnost detailů neověřená."
4932472130;PACKOUT-spodni-patka--1--1;-149.0399932861328;-205.86000061035156;-181.5;-82.80000305175781;-59.220001220703125;-168.5;fixed;"Digitální měření modelu; fyzická přesnost detailů neověřená."
4932472130;PACKOUT-spodni-zub--1--1;-102.6719970703125;-183.86399841308594;-181.5;-82.80000305175781;-81.21599578857422;-176.3000030517578;fixed;"Digitální měření modelu; fyzická přesnost detailů neověřená."
4932472130;PACKOUT-spodni-patka--1-1;-149.0399932861328;59.220001220703125;-181.5;-82.80000305175781;205.86000061035156;-168.5;fixed;"Digitální měření modelu; fyzická přesnost detailů neověřená."
4932472130;PACKOUT-spodni-zub--1-1;-102.6719970703125;81.21599578857422;-181.5;-82.80000305175781;183.86399841308594;-176.3000030517578;fixed;"Digitální měření modelu; fyzická přesnost detailů neověřená."
4932472130;PACKOUT-spodni-patka-0--1;-33.119998931884766;-205.86000061035156;-181.5;33.119998931884766;-59.220001220703125;-168.5;fixed;"Digitální měření modelu; fyzická přesnost detailů neověřená."
4932472130;PACKOUT-spodni-zub-0--1;13.248000144958496;-183.86399841308594;-181.5;33.119998931884766;-81.21599578857422;-176.3000030517578;fixed;"Digitální měření modelu; fyzická přesnost detailů neověřená."
4932472130;PACKOUT-spodni-patka-0-1;-33.119998931884766;59.220001220703125;-181.5;33.119998931884766;205.86000061035156;-168.5;fixed;"Digitální měření modelu; fyzická přesnost detailů neověřená."
4932472130;PACKOUT-spodni-zub-0-1;13.248000144958496;81.21599578857422;-181.5;33.119998931884766;183.86399841308594;-176.3000030517578;fixed;"Digitální měření modelu; fyzická přesnost detailů neověřená."
4932472130;PACKOUT-spodni-patka-1--1;82.80000305175781;-205.86000061035156;-181.5;149.0399932861328;-59.220001220703125;-168.5;fixed;"Digitální měření modelu; fyzická přesnost detailů neověřená."
4932472130;PACKOUT-spodni-zub-1--1;129.16799926757812;-183.86399841308594;-181.5;149.0399932861328;-81.21599578857422;-176.3000030517578;fixed;"Digitální měření modelu; fyzická přesnost detailů neověřená."
4932472130;PACKOUT-spodni-patka-1-1;82.80000305175781;59.220001220703125;-181.5;149.0399932861328;205.86000061035156;-168.5;fixed;"Digitální měření modelu; fyzická přesnost detailů neověřená."
4932472130;PACKOUT-spodni-zub-1-1;129.16799926757812;81.21599578857422;-181.5;149.0399932861328;183.86399841308594;-176.3000030517578;fixed;"Digitální měření modelu; fyzická přesnost detailů neověřená."
4932472130;zasuvka-2-dno;-134.0;-211.0;-140.75;192.0;211.0;-137.75;drawer-2;"Digitální měření modelu; fyzická přesnost detailů neověřená."
4932472130;zasuvka-2-dute-steny;-134.0;-211.0;-137.75;192.0;211.0;-61.75;drawer-2;"Digitální měření modelu; fyzická přesnost detailů neověřená."
4932472130;zasuvka-2-celo;190.0;-239.6999969482422;-141.75;198.0;239.6999969482422;-60.75;drawer-2;"Digitální měření modelu; fyzická přesnost detailů neověřená."
4932472130;zasuvka-2-cerveny-uchop;196.5;-90.23999786376953;-82.29000091552734;201.5;90.23999786376953;-70.29000091552734;drawer-2;"Digitální měření modelu; fyzická přesnost detailů neověřená."
4932472130;zasuvka-2-cervena-prepazka--69;-130.0;-70.0;-137.75;188.0;-68.0;-83.02999877929688;drawer-2;"Digitální měření modelu; fyzická přesnost detailů neověřená."
4932472130;zasuvka-2-cervena-prepazka-69;-130.0;68.0;-137.75;188.0;70.0;-83.02999877929688;drawer-2;"Digitální měření modelu; fyzická přesnost detailů neověřená."
4932472130;zasuvka-2-vysuv--208.68;-144.89999389648438;-211.17999267578125;-103.75;189.0;-206.17999267578125;-98.75;drawer-2;"Digitální měření modelu; fyzická přesnost detailů neověřená."
4932472130;zasuvka-2-vysuv-208.68;-144.89999389648438;206.17999267578125;-103.75;189.0;211.17999267578125;-98.75;drawer-2;"Digitální měření modelu; fyzická přesnost detailů neověřená."
4932472130;zasuvka-1-dno;-134.0;-211.0;-42.0;192.0;211.0;-39.0;drawer-1;"Digitální měření modelu; fyzická přesnost detailů neověřená."
4932472130;zasuvka-1-dute-steny;-134.0;-211.0;-39.0;192.0;211.0;37.0;drawer-1;"Digitální měření modelu; fyzická přesnost detailů neověřená."
4932472130;zasuvka-1-celo;190.0;-239.6999969482422;-43.0;198.0;239.6999969482422;38.0;drawer-1;"Digitální měření modelu; fyzická přesnost detailů neověřená."
4932472130;zasuvka-1-cerveny-uchop;196.5;-90.23999786376953;16.460006713867188;201.5;90.23999786376953;28.460006713867188;drawer-1;"Digitální měření modelu; fyzická přesnost detailů neověřená."
4932472130;zasuvka-1-cervena-prepazka--69;-130.0;-70.0;-39.0;188.0;-68.0;15.720001220703125;drawer-1;"Digitální měření modelu; fyzická přesnost detailů neověřená."
4932472130;zasuvka-1-cervena-prepazka-69;-130.0;68.0;-39.0;188.0;70.0;15.720001220703125;drawer-1;"Digitální měření modelu; fyzická přesnost detailů neověřená."
4932472130;zasuvka-1-vysuv--208.68;-144.89999389648438;-211.17999267578125;-5.0;189.0;-206.17999267578125;2.3841863594498136e-08;drawer-1;"Digitální měření modelu; fyzická přesnost detailů neověřená."
4932472130;zasuvka-1-vysuv-208.68;-144.89999389648438;206.17999267578125;-5.0;189.0;211.17999267578125;2.3841863594498136e-08;drawer-1;"Digitální měření modelu; fyzická přesnost detailů neověřená."
4932472130;zasuvka-0-dno;-134.0;-211.0;56.75;192.0;211.0;59.75;drawer-0;"Digitální měření modelu; fyzická přesnost detailů neověřená."
4932472130;zasuvka-0-dute-steny;-134.0;-211.0;59.75;192.0;211.0;135.75;drawer-0;"Digitální měření modelu; fyzická přesnost detailů neověřená."
4932472130;zasuvka-0-celo;190.0;-239.6999969482422;55.75;198.0;239.6999969482422;136.75;drawer-0;"Digitální měření modelu; fyzická přesnost detailů neověřená."
4932472130;zasuvka-0-cerveny-uchop;196.5;-90.23999786376953;115.20999145507812;201.5;90.23999786376953;127.20999145507812;drawer-0;"Digitální měření modelu; fyzická přesnost detailů neověřená."
4932472130;zasuvka-0-cervena-prepazka--69;-130.0;-70.0;59.75;188.0;-68.0;114.47000122070312;drawer-0;"Digitální měření modelu; fyzická přesnost detailů neověřená."
4932472130;zasuvka-0-cervena-prepazka-69;-130.0;68.0;59.75;188.0;70.0;114.47000122070312;drawer-0;"Digitální měření modelu; fyzická přesnost detailů neověřená."
4932472130;zasuvka-0-vysuv--208.68;-144.89999389648438;-211.17999267578125;93.75;189.0;-206.17999267578125;98.75;drawer-0;"Digitální měření modelu; fyzická přesnost detailů neověřená."
4932472130;zasuvka-0-vysuv-208.68;-144.89999389648438;206.17999267578125;93.75;189.0;211.17999267578125;98.75;drawer-0;"Digitální měření modelu; fyzická přesnost detailů neověřená."
4932472130;zajistovaci-lista--73.32000000000001;199.5;-75.81999969482422;-164.5;204.5;-70.81999969482422;160.5;lock;"Digitální měření modelu; fyzická přesnost detailů neověřená."
4932472130;zajistovaci-lista-dolni-cep--73.32000000000001;195.5;-79.31999969482422;-167.5;204.5;-67.31999969482422;-157.5;fixed;"Digitální měření modelu; fyzická přesnost detailů neověřená."
4932472130;zajistovaci-lista-horni-kotveni--73.32000000000001;195.0;-79.81999969482422;155.5;205.0;-66.81999969482422;165.5;fixed;"Digitální měření modelu; fyzická přesnost detailů neověřená."
4932472130;zajistovaci-lista-73.32000000000001;199.5;70.81999969482422;-164.5;204.5;75.81999969482422;160.5;lock;"Digitální měření modelu; fyzická přesnost detailů neověřená."
4932472130;zajistovaci-lista-dolni-cep-73.32000000000001;195.5;67.31999969482422;-167.5;204.5;79.31999969482422;-157.5;fixed;"Digitální měření modelu; fyzická přesnost detailů neověřená."
4932472130;zajistovaci-lista-horni-kotveni-73.32000000000001;195.0;66.81999969482422;155.5;205.0;79.81999969482422;165.5;fixed;"Digitální měření modelu; fyzická přesnost detailů neověřená."
4932472130;zajistovaci-lista-mustek;199.5;-73.31999969482422;158.0;204.5;73.31999969482422;163.0;lock;"Digitální měření modelu; fyzická přesnost detailů neověřená."
4932472130;oznaceni-MILWAUKEE;196.0;-36.06074905395508;108.6673583984375;196.35000610351562;36.06074905395508;118.32696533203125;drawer-0;"Digitální měření modelu; fyzická přesnost detailů neověřená."
4932472130;oznaceni-PACKOUT;196.0;-19.4979305267334;101.12762451171875;196.35000610351562;19.4979305267334;107.626953125;drawer-0;"Digitální měření modelu; fyzická přesnost detailů neověřená."
4932493189;patka--1--1;-206.0399932861328;-281.0400085449219;-181.5;-153.17999267578125;-208.67999267578125;-169.5;fixed;"Digitální měření modelu; fyzická přesnost detailů neověřená."
4932493189;patka--1-1;-206.0399932861328;208.67999267578125;-181.5;-153.17999267578125;281.0400085449219;-169.5;fixed;"Digitální měření modelu; fyzická přesnost detailů neověřená."
4932493189;patka-1--1;153.17999267578125;-281.0400085449219;-181.5;206.0399932861328;-208.67999267578125;-169.5;fixed;"Digitální měření modelu; fyzická přesnost detailů neověřená."
4932493189;patka-1-1;153.17999267578125;208.67999267578125;-181.5;206.0399932861328;281.0400085449219;-169.5;fixed;"Digitální měření modelu; fyzická přesnost detailů neověřená."
4932493189;skrin-zadni-stena;-207.0;-282.0;-169.5;-168.0;282.0;166.5;fixed;"Digitální měření modelu; fyzická přesnost detailů neověřená."
4932493189;skrin-bocnice--1;-207.0;-282.0;-169.5;207.0;-213.0;166.5;fixed;"Digitální měření modelu; fyzická přesnost detailů neověřená."
4932493189;skrin-bocnice-1;-207.0;213.0;-169.5;207.0;282.0;166.5;fixed;"Digitální měření modelu; fyzická přesnost detailů neověřená."
4932493189;skrin-dno;-207.0;-282.0;-169.5;207.0;282.0;-161.5;fixed;"Digitální měření modelu; fyzická přesnost detailů neověřená."
4932493189;skrin-strop;-207.0;-282.0;154.5;207.0;282.0;166.5;fixed;"Digitální měření modelu; fyzická přesnost detailů neověřená."
4932493189;roh-ochrana--1--1;-207.0;-282.0;-169.5;-192.50999450683594;-267.510009765625;166.5;fixed;"Digitální měření modelu; fyzická přesnost detailů neověřená."
4932493189;roh-kov--1--1;-207.0;-282.0;-139.25999450683594;-202.3632049560547;-277.3631896972656;136.25997924804688;fixed;"Digitální měření modelu; fyzická přesnost detailů neověřená."
4932493189;roh-kov-kotveni--1--1-0;-206.710205078125;-281.710205078125;-169.5;-198.01620483398438;-273.0162048339844;-149.33999633789062;fixed;"Digitální měření modelu; fyzická přesnost detailů neověřená."
4932493189;roh-kov-kotveni--1--1-1;-206.710205078125;-281.710205078125;146.33999633789062;-198.01620483398438;-273.0162048339844;166.5;fixed;"Digitální měření modelu; fyzická přesnost detailů neověřená."
4932493189;roh-ochrana-1--1;192.50999450683594;-282.0;-169.5;207.0;-267.510009765625;166.5;fixed;"Digitální měření modelu; fyzická přesnost detailů neověřená."
4932493189;roh-kov-1--1;202.3632049560547;-282.0;-139.25999450683594;207.0;-277.3631896972656;136.25997924804688;fixed;"Digitální měření modelu; fyzická přesnost detailů neověřená."
4932493189;roh-kov-kotveni-1--1-0;198.01620483398438;-281.710205078125;-169.5;206.710205078125;-273.0162048339844;-149.33999633789062;fixed;"Digitální měření modelu; fyzická přesnost detailů neověřená."
4932493189;roh-kov-kotveni-1--1-1;198.01620483398438;-281.710205078125;146.33999633789062;206.710205078125;-273.0162048339844;166.5;fixed;"Digitální měření modelu; fyzická přesnost detailů neověřená."
4932493189;roh-ochrana--1-1;-207.0;267.510009765625;-169.5;-192.50999450683594;282.0;166.5;fixed;"Digitální měření modelu; fyzická přesnost detailů neověřená."
4932493189;roh-kov--1-1;-207.0;277.3631896972656;-139.25999450683594;-202.3632049560547;282.0;136.25997924804688;fixed;"Digitální měření modelu; fyzická přesnost detailů neověřená."
4932493189;roh-kov-kotveni--1-1-0;-206.710205078125;273.0162048339844;-169.5;-198.01620483398438;281.710205078125;-149.33999633789062;fixed;"Digitální měření modelu; fyzická přesnost detailů neověřená."
4932493189;roh-kov-kotveni--1-1-1;-206.710205078125;273.0162048339844;146.33999633789062;-198.01620483398438;281.710205078125;166.5;fixed;"Digitální měření modelu; fyzická přesnost detailů neověřená."
4932493189;roh-ochrana-1-1;192.50999450683594;267.510009765625;-169.5;207.0;282.0;166.5;fixed;"Digitální měření modelu; fyzická přesnost detailů neověřená."
4932493189;roh-kov-1-1;202.3632049560547;277.3631896972656;-139.25999450683594;207.0;282.0;136.25997924804688;fixed;"Digitální měření modelu; fyzická přesnost detailů neověřená."
4932493189;roh-kov-kotveni-1-1-0;198.01620483398438;273.0162048339844;-169.5;206.710205078125;281.710205078125;-149.33999633789062;fixed;"Digitální měření modelu; fyzická přesnost detailů neověřená."
4932493189;roh-kov-kotveni-1-1-1;198.01620483398438;273.0162048339844;146.33999633789062;206.710205078125;281.710205078125;166.5;fixed;"Digitální měření modelu; fyzická přesnost detailů neověřená."
4932493189;bok-zebro--1--0.22;-95.63400268554688;-282.0;-149.33999633789062;-86.5260009765625;-275.23199462890625;106.01998901367188;fixed;"Digitální měření modelu; fyzická přesnost detailů neověřená."
4932493189;bok-zebro--1-0.22;86.5260009765625;-282.0;-149.33999633789062;95.63400268554688;-275.23199462890625;106.01998901367188;fixed;"Digitální měření modelu; fyzická přesnost detailů neověřená."
4932493189;bok-zebro-1--0.22;-95.63400268554688;275.23199462890625;-149.33999633789062;-86.5260009765625;282.0;106.01998901367188;fixed;"Digitální měření modelu; fyzická přesnost detailů neověřená."
4932493189;bok-zebro-1-0.22;86.5260009765625;275.23199462890625;-149.33999633789062;95.63400268554688;282.0;106.01998901367188;fixed;"Digitální měření modelu; fyzická přesnost detailů neověřená."
4932493189;skrin-horni-panel;-207.0;-282.0;166.5;207.0;282.0;174.5;fixed;"Digitální měření modelu; fyzická přesnost detailů neověřená."
4932493189;PACKOUT-horni-drazka--1--1;-149.0399932861328;-205.86000061035156;174.5;-82.80000305175781;-59.220001220703125;181.5;fixed;"Digitální měření modelu; fyzická přesnost detailů neověřená."
4932493189;PACKOUT-horni-zamek--1--1;-94.72319793701172;-185.3303985595703;179.04998779296875;-84.12480163574219;-79.74959564208984;181.14999389648438;fixed;"Digitální měření modelu; fyzická přesnost detailů neověřená."
4932493189;PACKOUT-horni-drazka--1-1;-149.0399932861328;59.220001220703125;174.5;-82.80000305175781;205.86000061035156;181.5;fixed;"Digitální měření modelu; fyzická přesnost detailů neověřená."
4932493189;PACKOUT-horni-zamek--1-1;-94.72319793701172;79.74959564208984;179.04998779296875;-84.12480163574219;185.3303985595703;181.14999389648438;fixed;"Digitální měření modelu; fyzická přesnost detailů neověřená."
4932493189;PACKOUT-horni-drazka-0--1;-33.119998931884766;-205.86000061035156;174.5;33.119998931884766;-59.220001220703125;181.5;fixed;"Digitální měření modelu; fyzická přesnost detailů neověřená."
4932493189;PACKOUT-horni-zamek-0--1;21.196800231933594;-185.3303985595703;179.04998779296875;31.79520034790039;-79.74959564208984;181.14999389648438;fixed;"Digitální měření modelu; fyzická přesnost detailů neověřená."
4932493189;PACKOUT-horni-drazka-0-1;-33.119998931884766;59.220001220703125;174.5;33.119998931884766;205.86000061035156;181.5;fixed;"Digitální měření modelu; fyzická přesnost detailů neověřená."
4932493189;PACKOUT-horni-zamek-0-1;21.196800231933594;79.74959564208984;179.04998779296875;31.79520034790039;185.3303985595703;181.14999389648438;fixed;"Digitální měření modelu; fyzická přesnost detailů neověřená."
4932493189;PACKOUT-horni-drazka-1--1;82.80000305175781;-205.86000061035156;174.5;149.0399932861328;-59.220001220703125;181.5;fixed;"Digitální měření modelu; fyzická přesnost detailů neověřená."
4932493189;PACKOUT-horni-zamek-1--1;137.11680603027344;-185.3303985595703;179.04998779296875;147.71519470214844;-79.74959564208984;181.14999389648438;fixed;"Digitální měření modelu; fyzická přesnost detailů neověřená."
4932493189;PACKOUT-horni-drazka-1-1;82.80000305175781;59.220001220703125;174.5;149.0399932861328;205.86000061035156;181.5;fixed;"Digitální měření modelu; fyzická přesnost detailů neověřená."
4932493189;PACKOUT-horni-zamek-1-1;137.11680603027344;79.74959564208984;179.04998779296875;147.71519470214844;185.3303985595703;181.14999389648438;fixed;"Digitální měření modelu; fyzická přesnost detailů neověřená."
4932493189;PACKOUT-lista--231.23999999999998;-180.08999633789062;-238.2899932861328;174.5;180.08999633789062;-224.19000244140625;178.0;fixed;"Digitální měření modelu; fyzická přesnost detailů neověřená."
4932493189;PACKOUT-lista-231.23999999999998;-180.08999633789062;224.19000244140625;174.5;180.08999633789062;238.2899932861328;178.0;fixed;"Digitální měření modelu; fyzická přesnost detailů neověřená."
4932493189;viko-prolis-obvod;-194.5800018310547;-265.0799865722656;174.5;194.5800018310547;265.0799865722656;176.95001220703125;fixed;"Digitální měření modelu; fyzická přesnost detailů neověřená."
4932493189;PACKOUT-cervene-uvolneni;62.099998474121094;-18.329999923706055;174.5;86.94000244140625;18.329999923706055;176.95001220703125;fixed;"Digitální měření modelu; fyzická přesnost detailů neověřená."
4932493189;PACKOUT-spodni-patka--1--1;-149.0399932861328;-205.86000061035156;-181.5;-82.80000305175781;-59.220001220703125;-168.5;fixed;"Digitální měření modelu; fyzická přesnost detailů neověřená."
4932493189;PACKOUT-spodni-zub--1--1;-102.6719970703125;-183.86399841308594;-181.5;-82.80000305175781;-81.21599578857422;-176.3000030517578;fixed;"Digitální měření modelu; fyzická přesnost detailů neověřená."
4932493189;PACKOUT-spodni-patka--1-1;-149.0399932861328;59.220001220703125;-181.5;-82.80000305175781;205.86000061035156;-168.5;fixed;"Digitální měření modelu; fyzická přesnost detailů neověřená."
4932493189;PACKOUT-spodni-zub--1-1;-102.6719970703125;81.21599578857422;-181.5;-82.80000305175781;183.86399841308594;-176.3000030517578;fixed;"Digitální měření modelu; fyzická přesnost detailů neověřená."
4932493189;PACKOUT-spodni-patka-0--1;-33.119998931884766;-205.86000061035156;-181.5;33.119998931884766;-59.220001220703125;-168.5;fixed;"Digitální měření modelu; fyzická přesnost detailů neověřená."
4932493189;PACKOUT-spodni-zub-0--1;13.248000144958496;-183.86399841308594;-181.5;33.119998931884766;-81.21599578857422;-176.3000030517578;fixed;"Digitální měření modelu; fyzická přesnost detailů neověřená."
4932493189;PACKOUT-spodni-patka-0-1;-33.119998931884766;59.220001220703125;-181.5;33.119998931884766;205.86000061035156;-168.5;fixed;"Digitální měření modelu; fyzická přesnost detailů neověřená."
4932493189;PACKOUT-spodni-zub-0-1;13.248000144958496;81.21599578857422;-181.5;33.119998931884766;183.86399841308594;-176.3000030517578;fixed;"Digitální měření modelu; fyzická přesnost detailů neověřená."
4932493189;PACKOUT-spodni-patka-1--1;82.80000305175781;-205.86000061035156;-181.5;149.0399932861328;-59.220001220703125;-168.5;fixed;"Digitální měření modelu; fyzická přesnost detailů neověřená."
4932493189;PACKOUT-spodni-zub-1--1;129.16799926757812;-183.86399841308594;-181.5;149.0399932861328;-81.21599578857422;-176.3000030517578;fixed;"Digitální měření modelu; fyzická přesnost detailů neověřená."
4932493189;PACKOUT-spodni-patka-1-1;82.80000305175781;59.220001220703125;-181.5;149.0399932861328;205.86000061035156;-168.5;fixed;"Digitální měření modelu; fyzická přesnost detailů neověřená."
4932493189;PACKOUT-spodni-zub-1-1;129.16799926757812;81.21599578857422;-181.5;149.0399932861328;183.86399841308594;-176.3000030517578;fixed;"Digitální měření modelu; fyzická přesnost detailů neověřená."
4932493189;zasuvka-3-dno;-138.0;-212.0;-148.5;192.0;212.0;-145.5;drawer-3;"Digitální měření modelu; fyzická přesnost detailů neověřená."
4932493189;zasuvka-3-dute-steny;-138.0;-212.0;-145.5;192.0;212.0;-84.5;drawer-3;"Digitální měření modelu; fyzická přesnost detailů neověřená."
4932493189;zasuvka-3-celo;190.0;-239.6999969482422;-149.5;198.0;239.6999969482422;-83.5;drawer-3;"Digitální měření modelu; fyzická přesnost detailů neověřená."
4932493189;zasuvka-3-cerveny-uchop;196.5;-90.23999786376953;-101.13999938964844;201.5;90.23999786376953;-91.37999725341797;drawer-3;"Digitální měření modelu; fyzická přesnost detailů neověřená."
4932493189;zasuvka-3-cervena-prepazka--69.33333333333333;-134.0;-70.33333587646484;-145.5;188.0;-68.33333587646484;-101.58000183105469;drawer-3;"Digitální měření modelu; fyzická přesnost detailů neověřená."
4932493189;zasuvka-3-cervena-prepazka-69.33333333333333;-134.0;68.33333587646484;-145.5;188.0;70.33333587646484;-101.58000183105469;drawer-3;"Digitální měření modelu; fyzická přesnost detailů neověřená."
4932493189;zasuvka-3-vysuv--208.68;-144.89999389648438;-211.17999267578125;-119.0;189.0;-206.17999267578125;-114.0;drawer-3;"Digitální měření modelu; fyzická přesnost detailů neověřená."
4932493189;zasuvka-3-vysuv-208.68;-144.89999389648438;206.17999267578125;-119.0;189.0;211.17999267578125;-114.0;drawer-3;"Digitální měření modelu; fyzická přesnost detailů neověřená."
4932493189;zasuvka-2-dno;-138.0;-212.0;-72.5;192.0;212.0;-69.5;drawer-2;"Digitální měření modelu; fyzická přesnost detailů neověřená."
4932493189;zasuvka-2-dute-steny;-138.0;-212.0;-69.5;192.0;212.0;-8.5;drawer-2;"Digitální měření modelu; fyzická přesnost detailů neověřená."
4932493189;zasuvka-2-celo;190.0;-239.6999969482422;-73.5;198.0;239.6999969482422;-7.5;drawer-2;"Digitální měření modelu; fyzická přesnost detailů neověřená."
4932493189;zasuvka-2-cerveny-uchop;196.5;-90.23999786376953;-25.139999389648438;201.5;90.23999786376953;-15.3800048828125;drawer-2;"Digitální měření modelu; fyzická přesnost detailů neověřená."
4932493189;zasuvka-2-cervena-prepazka--69.33333333333333;-134.0;-70.33333587646484;-69.5;188.0;-68.33333587646484;-25.580001831054688;drawer-2;"Digitální měření modelu; fyzická přesnost detailů neověřená."
4932493189;zasuvka-2-cervena-prepazka-69.33333333333333;-134.0;68.33333587646484;-69.5;188.0;70.33333587646484;-25.580001831054688;drawer-2;"Digitální měření modelu; fyzická přesnost detailů neověřená."
4932493189;zasuvka-2-vysuv--208.68;-144.89999389648438;-211.17999267578125;-43.0;189.0;-206.17999267578125;-38.0;drawer-2;"Digitální měření modelu; fyzická přesnost detailů neověřená."
4932493189;zasuvka-2-vysuv-208.68;-144.89999389648438;206.17999267578125;-43.0;189.0;211.17999267578125;-38.0;drawer-2;"Digitální měření modelu; fyzická přesnost detailů neověřená."
4932493189;zasuvka-1-dno;-138.0;-212.0;3.5;192.0;212.0;6.5;drawer-1;"Digitální měření modelu; fyzická přesnost detailů neověřená."
4932493189;zasuvka-1-dute-steny;-138.0;-212.0;6.5;192.0;212.0;67.5;drawer-1;"Digitální měření modelu; fyzická přesnost detailů neověřená."
4932493189;zasuvka-1-celo;190.0;-239.6999969482422;2.5;198.0;239.6999969482422;68.5;drawer-1;"Digitální měření modelu; fyzická přesnost detailů neověřená."
4932493189;zasuvka-1-cerveny-uchop;196.5;-90.23999786376953;50.86000061035156;201.5;90.23999786376953;60.6199951171875;drawer-1;"Digitální měření modelu; fyzická přesnost detailů neověřená."
4932493189;zasuvka-1-cervena-prepazka--69.33333333333333;-134.0;-70.33333587646484;6.5;188.0;-68.33333587646484;50.41999816894531;drawer-1;"Digitální měření modelu; fyzická přesnost detailů neověřená."
4932493189;zasuvka-1-cervena-prepazka-69.33333333333333;-134.0;68.33333587646484;6.5;188.0;70.33333587646484;50.41999816894531;drawer-1;"Digitální měření modelu; fyzická přesnost detailů neověřená."
4932493189;zasuvka-1-vysuv--208.68;-144.89999389648438;-211.17999267578125;33.0;189.0;-206.17999267578125;38.0;drawer-1;"Digitální měření modelu; fyzická přesnost detailů neověřená."
4932493189;zasuvka-1-vysuv-208.68;-144.89999389648438;206.17999267578125;33.0;189.0;211.17999267578125;38.0;drawer-1;"Digitální měření modelu; fyzická přesnost detailů neověřená."
4932493189;zasuvka-0-dno;-138.0;-212.0;79.5;192.0;212.0;82.5;drawer-0;"Digitální měření modelu; fyzická přesnost detailů neověřená."
4932493189;zasuvka-0-dute-steny;-138.0;-212.0;82.5;192.0;212.0;143.5;drawer-0;"Digitální měření modelu; fyzická přesnost detailů neověřená."
4932493189;zasuvka-0-celo;190.0;-239.6999969482422;78.5;198.0;239.6999969482422;144.5;drawer-0;"Digitální měření modelu; fyzická přesnost detailů neověřená."
4932493189;zasuvka-0-cerveny-uchop;196.5;-90.23999786376953;126.8599853515625;201.5;90.23999786376953;136.6199951171875;drawer-0;"Digitální měření modelu; fyzická přesnost detailů neověřená."
4932493189;zasuvka-0-cervena-prepazka--69.33333333333333;-134.0;-70.33333587646484;82.5;188.0;-68.33333587646484;126.41998291015625;drawer-0;"Digitální měření modelu; fyzická přesnost detailů neověřená."
4932493189;zasuvka-0-cervena-prepazka-69.33333333333333;-134.0;68.33333587646484;82.5;188.0;70.33333587646484;126.41998291015625;drawer-0;"Digitální měření modelu; fyzická přesnost detailů neověřená."
4932493189;zasuvka-0-vysuv--208.68;-144.89999389648438;-211.17999267578125;109.0;189.0;-206.17999267578125;114.0;drawer-0;"Digitální měření modelu; fyzická přesnost detailů neověřená."
4932493189;zasuvka-0-vysuv-208.68;-144.89999389648438;206.17999267578125;109.0;189.0;211.17999267578125;114.0;drawer-0;"Digitální měření modelu; fyzická přesnost detailů neověřená."
4932493189;zajistovaci-lista--73.32000000000001;199.5;-75.81999969482422;-164.5;204.5;-70.81999969482422;160.5;lock;"Digitální měření modelu; fyzická přesnost detailů neověřená."
4932493189;zajistovaci-lista-dolni-cep--73.32000000000001;195.5;-79.31999969482422;-167.5;204.5;-67.31999969482422;-157.5;fixed;"Digitální měření modelu; fyzická přesnost detailů neověřená."
4932493189;zajistovaci-lista-horni-kotveni--73.32000000000001;195.0;-79.81999969482422;155.5;205.0;-66.81999969482422;165.5;fixed;"Digitální měření modelu; fyzická přesnost detailů neověřená."
4932493189;zajistovaci-lista-73.32000000000001;199.5;70.81999969482422;-164.5;204.5;75.81999969482422;160.5;lock;"Digitální měření modelu; fyzická přesnost detailů neověřená."
4932493189;zajistovaci-lista-dolni-cep-73.32000000000001;195.5;67.31999969482422;-167.5;204.5;79.31999969482422;-157.5;fixed;"Digitální měření modelu; fyzická přesnost detailů neověřená."
4932493189;zajistovaci-lista-horni-kotveni-73.32000000000001;195.0;66.81999969482422;155.5;205.0;79.81999969482422;165.5;fixed;"Digitální měření modelu; fyzická přesnost detailů neověřená."
4932493189;zajistovaci-lista-mustek;199.5;-73.31999969482422;158.0;204.5;73.31999969482422;163.0;lock;"Digitální měření modelu; fyzická přesnost detailů neověřená."
4932493189;oznaceni-MILWAUKEE;196.0;-36.06074905395508;108.6673583984375;196.35000610351562;36.06074905395508;118.32696533203125;drawer-0;"Digitální měření modelu; fyzická přesnost detailů neověřená."
4932493189;oznaceni-PACKOUT;196.0;-19.4979305267334;101.12762451171875;196.35000610351562;19.4979305267334;107.626953125;drawer-0;"Digitální měření modelu; fyzická přesnost detailů neověřená."
4932493190;patka--1--1;-206.0399932861328;-281.0400085449219;-181.5;-153.17999267578125;-208.67999267578125;-169.5;fixed;"Digitální měření modelu; fyzická přesnost detailů neověřená."
4932493190;patka--1-1;-206.0399932861328;208.67999267578125;-181.5;-153.17999267578125;281.0400085449219;-169.5;fixed;"Digitální měření modelu; fyzická přesnost detailů neověřená."
4932493190;patka-1--1;153.17999267578125;-281.0400085449219;-181.5;206.0399932861328;-208.67999267578125;-169.5;fixed;"Digitální měření modelu; fyzická přesnost detailů neověřená."
4932493190;patka-1-1;153.17999267578125;208.67999267578125;-181.5;206.0399932861328;281.0400085449219;-169.5;fixed;"Digitální měření modelu; fyzická přesnost detailů neověřená."
4932493190;skrin-zadni-stena;-207.0;-282.0;-169.5;-168.0;282.0;166.5;fixed;"Digitální měření modelu; fyzická přesnost detailů neověřená."
4932493190;skrin-bocnice--1;-207.0;-282.0;-169.5;207.0;-213.0;166.5;fixed;"Digitální měření modelu; fyzická přesnost detailů neověřená."
4932493190;skrin-bocnice-1;-207.0;213.0;-169.5;207.0;282.0;166.5;fixed;"Digitální měření modelu; fyzická přesnost detailů neověřená."
4932493190;skrin-dno;-207.0;-282.0;-169.5;207.0;282.0;-161.5;fixed;"Digitální měření modelu; fyzická přesnost detailů neověřená."
4932493190;skrin-strop;-207.0;-282.0;154.5;207.0;282.0;166.5;fixed;"Digitální měření modelu; fyzická přesnost detailů neověřená."
4932493190;roh-ochrana--1--1;-207.0;-282.0;-169.5;-192.50999450683594;-267.510009765625;166.5;fixed;"Digitální měření modelu; fyzická přesnost detailů neověřená."
4932493190;roh-kov--1--1;-207.0;-282.0;-139.25999450683594;-202.3632049560547;-277.3631896972656;136.25997924804688;fixed;"Digitální měření modelu; fyzická přesnost detailů neověřená."
4932493190;roh-kov-kotveni--1--1-0;-206.710205078125;-281.710205078125;-169.5;-198.01620483398438;-273.0162048339844;-149.33999633789062;fixed;"Digitální měření modelu; fyzická přesnost detailů neověřená."
4932493190;roh-kov-kotveni--1--1-1;-206.710205078125;-281.710205078125;146.33999633789062;-198.01620483398438;-273.0162048339844;166.5;fixed;"Digitální měření modelu; fyzická přesnost detailů neověřená."
4932493190;roh-ochrana-1--1;192.50999450683594;-282.0;-169.5;207.0;-267.510009765625;166.5;fixed;"Digitální měření modelu; fyzická přesnost detailů neověřená."
4932493190;roh-kov-1--1;202.3632049560547;-282.0;-139.25999450683594;207.0;-277.3631896972656;136.25997924804688;fixed;"Digitální měření modelu; fyzická přesnost detailů neověřená."
4932493190;roh-kov-kotveni-1--1-0;198.01620483398438;-281.710205078125;-169.5;206.710205078125;-273.0162048339844;-149.33999633789062;fixed;"Digitální měření modelu; fyzická přesnost detailů neověřená."
4932493190;roh-kov-kotveni-1--1-1;198.01620483398438;-281.710205078125;146.33999633789062;206.710205078125;-273.0162048339844;166.5;fixed;"Digitální měření modelu; fyzická přesnost detailů neověřená."
4932493190;roh-ochrana--1-1;-207.0;267.510009765625;-169.5;-192.50999450683594;282.0;166.5;fixed;"Digitální měření modelu; fyzická přesnost detailů neověřená."
4932493190;roh-kov--1-1;-207.0;277.3631896972656;-139.25999450683594;-202.3632049560547;282.0;136.25997924804688;fixed;"Digitální měření modelu; fyzická přesnost detailů neověřená."
4932493190;roh-kov-kotveni--1-1-0;-206.710205078125;273.0162048339844;-169.5;-198.01620483398438;281.710205078125;-149.33999633789062;fixed;"Digitální měření modelu; fyzická přesnost detailů neověřená."
4932493190;roh-kov-kotveni--1-1-1;-206.710205078125;273.0162048339844;146.33999633789062;-198.01620483398438;281.710205078125;166.5;fixed;"Digitální měření modelu; fyzická přesnost detailů neověřená."
4932493190;roh-ochrana-1-1;192.50999450683594;267.510009765625;-169.5;207.0;282.0;166.5;fixed;"Digitální měření modelu; fyzická přesnost detailů neověřená."
4932493190;roh-kov-1-1;202.3632049560547;277.3631896972656;-139.25999450683594;207.0;282.0;136.25997924804688;fixed;"Digitální měření modelu; fyzická přesnost detailů neověřená."
4932493190;roh-kov-kotveni-1-1-0;198.01620483398438;273.0162048339844;-169.5;206.710205078125;281.710205078125;-149.33999633789062;fixed;"Digitální měření modelu; fyzická přesnost detailů neověřená."
4932493190;roh-kov-kotveni-1-1-1;198.01620483398438;273.0162048339844;146.33999633789062;206.710205078125;281.710205078125;166.5;fixed;"Digitální měření modelu; fyzická přesnost detailů neověřená."
4932493190;bok-zebro--1--0.22;-95.63400268554688;-282.0;-149.33999633789062;-86.5260009765625;-275.23199462890625;106.01998901367188;fixed;"Digitální měření modelu; fyzická přesnost detailů neověřená."
4932493190;bok-zebro--1-0.22;86.5260009765625;-282.0;-149.33999633789062;95.63400268554688;-275.23199462890625;106.01998901367188;fixed;"Digitální měření modelu; fyzická přesnost detailů neověřená."
4932493190;bok-zebro-1--0.22;-95.63400268554688;275.23199462890625;-149.33999633789062;-86.5260009765625;282.0;106.01998901367188;fixed;"Digitální měření modelu; fyzická přesnost detailů neověřená."
4932493190;bok-zebro-1-0.22;86.5260009765625;275.23199462890625;-149.33999633789062;95.63400268554688;282.0;106.01998901367188;fixed;"Digitální měření modelu; fyzická přesnost detailů neověřená."
4932493190;skrin-horni-panel;-207.0;-282.0;166.5;207.0;282.0;174.5;fixed;"Digitální měření modelu; fyzická přesnost detailů neověřená."
4932493190;PACKOUT-horni-drazka--1--1;-149.0399932861328;-205.86000061035156;174.5;-82.80000305175781;-59.220001220703125;181.5;fixed;"Digitální měření modelu; fyzická přesnost detailů neověřená."
4932493190;PACKOUT-horni-zamek--1--1;-94.72319793701172;-185.3303985595703;179.04998779296875;-84.12480163574219;-79.74959564208984;181.14999389648438;fixed;"Digitální měření modelu; fyzická přesnost detailů neověřená."
4932493190;PACKOUT-horni-drazka--1-1;-149.0399932861328;59.220001220703125;174.5;-82.80000305175781;205.86000061035156;181.5;fixed;"Digitální měření modelu; fyzická přesnost detailů neověřená."
4932493190;PACKOUT-horni-zamek--1-1;-94.72319793701172;79.74959564208984;179.04998779296875;-84.12480163574219;185.3303985595703;181.14999389648438;fixed;"Digitální měření modelu; fyzická přesnost detailů neověřená."
4932493190;PACKOUT-horni-drazka-0--1;-33.119998931884766;-205.86000061035156;174.5;33.119998931884766;-59.220001220703125;181.5;fixed;"Digitální měření modelu; fyzická přesnost detailů neověřená."
4932493190;PACKOUT-horni-zamek-0--1;21.196800231933594;-185.3303985595703;179.04998779296875;31.79520034790039;-79.74959564208984;181.14999389648438;fixed;"Digitální měření modelu; fyzická přesnost detailů neověřená."
4932493190;PACKOUT-horni-drazka-0-1;-33.119998931884766;59.220001220703125;174.5;33.119998931884766;205.86000061035156;181.5;fixed;"Digitální měření modelu; fyzická přesnost detailů neověřená."
4932493190;PACKOUT-horni-zamek-0-1;21.196800231933594;79.74959564208984;179.04998779296875;31.79520034790039;185.3303985595703;181.14999389648438;fixed;"Digitální měření modelu; fyzická přesnost detailů neověřená."
4932493190;PACKOUT-horni-drazka-1--1;82.80000305175781;-205.86000061035156;174.5;149.0399932861328;-59.220001220703125;181.5;fixed;"Digitální měření modelu; fyzická přesnost detailů neověřená."
4932493190;PACKOUT-horni-zamek-1--1;137.11680603027344;-185.3303985595703;179.04998779296875;147.71519470214844;-79.74959564208984;181.14999389648438;fixed;"Digitální měření modelu; fyzická přesnost detailů neověřená."
4932493190;PACKOUT-horni-drazka-1-1;82.80000305175781;59.220001220703125;174.5;149.0399932861328;205.86000061035156;181.5;fixed;"Digitální měření modelu; fyzická přesnost detailů neověřená."
4932493190;PACKOUT-horni-zamek-1-1;137.11680603027344;79.74959564208984;179.04998779296875;147.71519470214844;185.3303985595703;181.14999389648438;fixed;"Digitální měření modelu; fyzická přesnost detailů neověřená."
4932493190;PACKOUT-lista--231.23999999999998;-180.08999633789062;-238.2899932861328;174.5;180.08999633789062;-224.19000244140625;178.0;fixed;"Digitální měření modelu; fyzická přesnost detailů neověřená."
4932493190;PACKOUT-lista-231.23999999999998;-180.08999633789062;224.19000244140625;174.5;180.08999633789062;238.2899932861328;178.0;fixed;"Digitální měření modelu; fyzická přesnost detailů neověřená."
4932493190;viko-prolis-obvod;-194.5800018310547;-265.0799865722656;174.5;194.5800018310547;265.0799865722656;176.95001220703125;fixed;"Digitální měření modelu; fyzická přesnost detailů neověřená."
4932493190;PACKOUT-cervene-uvolneni;62.099998474121094;-18.329999923706055;174.5;86.94000244140625;18.329999923706055;176.95001220703125;fixed;"Digitální měření modelu; fyzická přesnost detailů neověřená."
4932493190;PACKOUT-spodni-patka--1--1;-149.0399932861328;-205.86000061035156;-181.5;-82.80000305175781;-59.220001220703125;-168.5;fixed;"Digitální měření modelu; fyzická přesnost detailů neověřená."
4932493190;PACKOUT-spodni-zub--1--1;-102.6719970703125;-183.86399841308594;-181.5;-82.80000305175781;-81.21599578857422;-176.3000030517578;fixed;"Digitální měření modelu; fyzická přesnost detailů neověřená."
4932493190;PACKOUT-spodni-patka--1-1;-149.0399932861328;59.220001220703125;-181.5;-82.80000305175781;205.86000061035156;-168.5;fixed;"Digitální měření modelu; fyzická přesnost detailů neověřená."
4932493190;PACKOUT-spodni-zub--1-1;-102.6719970703125;81.21599578857422;-181.5;-82.80000305175781;183.86399841308594;-176.3000030517578;fixed;"Digitální měření modelu; fyzická přesnost detailů neověřená."
4932493190;PACKOUT-spodni-patka-0--1;-33.119998931884766;-205.86000061035156;-181.5;33.119998931884766;-59.220001220703125;-168.5;fixed;"Digitální měření modelu; fyzická přesnost detailů neověřená."
4932493190;PACKOUT-spodni-zub-0--1;13.248000144958496;-183.86399841308594;-181.5;33.119998931884766;-81.21599578857422;-176.3000030517578;fixed;"Digitální měření modelu; fyzická přesnost detailů neověřená."
4932493190;PACKOUT-spodni-patka-0-1;-33.119998931884766;59.220001220703125;-181.5;33.119998931884766;205.86000061035156;-168.5;fixed;"Digitální měření modelu; fyzická přesnost detailů neověřená."
4932493190;PACKOUT-spodni-zub-0-1;13.248000144958496;81.21599578857422;-181.5;33.119998931884766;183.86399841308594;-176.3000030517578;fixed;"Digitální měření modelu; fyzická přesnost detailů neověřená."
4932493190;PACKOUT-spodni-patka-1--1;82.80000305175781;-205.86000061035156;-181.5;149.0399932861328;-59.220001220703125;-168.5;fixed;"Digitální měření modelu; fyzická přesnost detailů neověřená."
4932493190;PACKOUT-spodni-zub-1--1;129.16799926757812;-183.86399841308594;-181.5;149.0399932861328;-81.21599578857422;-176.3000030517578;fixed;"Digitální měření modelu; fyzická přesnost detailů neověřená."
4932493190;PACKOUT-spodni-patka-1-1;82.80000305175781;59.220001220703125;-181.5;149.0399932861328;205.86000061035156;-168.5;fixed;"Digitální měření modelu; fyzická přesnost detailů neověřená."
4932493190;PACKOUT-spodni-zub-1-1;129.16799926757812;81.21599578857422;-181.5;149.0399932861328;183.86399841308594;-176.3000030517578;fixed;"Digitální měření modelu; fyzická přesnost detailů neověřená."
4932493190;zasuvka-2-dno;-138.0;-212.0;-146.75;192.0;212.0;-143.75;drawer-2;"Digitální měření modelu; fyzická přesnost detailů neověřená."
4932493190;zasuvka-2-dute-steny;-138.0;-212.0;-143.75;192.0;212.0;-13.75;drawer-2;"Digitální měření modelu; fyzická přesnost detailů neověřená."
4932493190;zasuvka-2-celo;190.0;-239.6999969482422;-147.75;198.0;239.6999969482422;-12.75;drawer-2;"Digitální měření modelu; fyzická přesnost detailů neověřená."
4932493190;zasuvka-2-cerveny-uchop;196.5;-90.23999786376953;-48.33000183105469;201.5;90.23999786376953;-36.33000183105469;drawer-2;"Digitální měření modelu; fyzická přesnost detailů neověřená."
4932493190;zasuvka-2-cervena-prepazka--69.33333333333333;-134.0;-70.33333587646484;-143.75;188.0;-68.33333587646484;-50.149993896484375;drawer-2;"Digitální měření modelu; fyzická přesnost detailů neověřená."
4932493190;zasuvka-2-cervena-prepazka-69.33333333333333;-134.0;68.33333587646484;-143.75;188.0;70.33333587646484;-50.149993896484375;drawer-2;"Digitální měření modelu; fyzická přesnost detailů neověřená."
4932493190;zasuvka-2-vysuv--208.68;-144.89999389648438;-211.17999267578125;-82.75;189.0;-206.17999267578125;-77.75;drawer-2;"Digitální měření modelu; fyzická přesnost detailů neověřená."
4932493190;zasuvka-2-vysuv-208.68;-144.89999389648438;206.17999267578125;-82.75;189.0;211.17999267578125;-77.75;drawer-2;"Digitální měření modelu; fyzická přesnost detailů neověřená."
4932493190;zasuvka-1-dno;-138.0;-212.0;2.3841863594498136e-08;192.0;212.0;3.0;drawer-1;"Digitální měření modelu; fyzická přesnost detailů neověřená."
4932493190;zasuvka-1-dute-steny;-138.0;-212.0;3.0;192.0;212.0;64.0;drawer-1;"Digitální měření modelu; fyzická přesnost detailů neověřená."
4932493190;zasuvka-1-celo;190.0;-239.6999969482422;-1.0;198.0;239.6999969482422;65.0;drawer-1;"Digitální měření modelu; fyzická přesnost detailů neověřená."
4932493190;zasuvka-1-cerveny-uchop;196.5;-90.23999786376953;47.36000061035156;201.5;90.23999786376953;57.1199951171875;drawer-1;"Digitální měření modelu; fyzická přesnost detailů neověřená."
4932493190;zasuvka-1-cervena-prepazka--69.33333333333333;-134.0;-70.33333587646484;3.0;188.0;-68.33333587646484;46.91999816894531;drawer-1;"Digitální měření modelu; fyzická přesnost detailů neověřená."
4932493190;zasuvka-1-cervena-prepazka-69.33333333333333;-134.0;68.33333587646484;3.0;188.0;70.33333587646484;46.91999816894531;drawer-1;"Digitální měření modelu; fyzická přesnost detailů neověřená."
4932493190;zasuvka-1-vysuv--208.68;-144.89999389648438;-211.17999267578125;29.5;189.0;-206.17999267578125;34.5;drawer-1;"Digitální měření modelu; fyzická přesnost detailů neověřená."
4932493190;zasuvka-1-vysuv-208.68;-144.89999389648438;206.17999267578125;29.5;189.0;211.17999267578125;34.5;drawer-1;"Digitální měření modelu; fyzická přesnost detailů neověřená."
4932493190;zasuvka-0-dno;-138.0;-212.0;77.75;192.0;212.0;80.75;drawer-0;"Digitální měření modelu; fyzická přesnost detailů neověřená."
4932493190;zasuvka-0-dute-steny;-138.0;-212.0;80.75;192.0;212.0;141.75;drawer-0;"Digitální měření modelu; fyzická přesnost detailů neověřená."
4932493190;zasuvka-0-celo;190.0;-239.6999969482422;76.75;198.0;239.6999969482422;142.75;drawer-0;"Digitální měření modelu; fyzická přesnost detailů neověřená."
4932493190;zasuvka-0-cerveny-uchop;196.5;-90.23999786376953;125.1099853515625;201.5;90.23999786376953;134.8699951171875;drawer-0;"Digitální měření modelu; fyzická přesnost detailů neověřená."
4932493190;zasuvka-0-cervena-prepazka--69.33333333333333;-134.0;-70.33333587646484;80.75;188.0;-68.33333587646484;124.66998291015625;drawer-0;"Digitální měření modelu; fyzická přesnost detailů neověřená."
4932493190;zasuvka-0-cervena-prepazka-69.33333333333333;-134.0;68.33333587646484;80.75;188.0;70.33333587646484;124.66998291015625;drawer-0;"Digitální měření modelu; fyzická přesnost detailů neověřená."
4932493190;zasuvka-0-vysuv--208.68;-144.89999389648438;-211.17999267578125;107.25;189.0;-206.17999267578125;112.25;drawer-0;"Digitální měření modelu; fyzická přesnost detailů neověřená."
4932493190;zasuvka-0-vysuv-208.68;-144.89999389648438;206.17999267578125;107.25;189.0;211.17999267578125;112.25;drawer-0;"Digitální měření modelu; fyzická přesnost detailů neověřená."
4932493190;zajistovaci-lista--73.32000000000001;199.5;-75.81999969482422;-164.5;204.5;-70.81999969482422;160.5;lock;"Digitální měření modelu; fyzická přesnost detailů neověřená."
4932493190;zajistovaci-lista-dolni-cep--73.32000000000001;195.5;-79.31999969482422;-167.5;204.5;-67.31999969482422;-157.5;fixed;"Digitální měření modelu; fyzická přesnost detailů neověřená."
4932493190;zajistovaci-lista-horni-kotveni--73.32000000000001;195.0;-79.81999969482422;155.5;205.0;-66.81999969482422;165.5;fixed;"Digitální měření modelu; fyzická přesnost detailů neověřená."
4932493190;zajistovaci-lista-73.32000000000001;199.5;70.81999969482422;-164.5;204.5;75.81999969482422;160.5;lock;"Digitální měření modelu; fyzická přesnost detailů neověřená."
4932493190;zajistovaci-lista-dolni-cep-73.32000000000001;195.5;67.31999969482422;-167.5;204.5;79.31999969482422;-157.5;fixed;"Digitální měření modelu; fyzická přesnost detailů neověřená."
4932493190;zajistovaci-lista-horni-kotveni-73.32000000000001;195.0;66.81999969482422;155.5;205.0;79.81999969482422;165.5;fixed;"Digitální měření modelu; fyzická přesnost detailů neověřená."
4932493190;zajistovaci-lista-mustek;199.5;-73.31999969482422;158.0;204.5;73.31999969482422;163.0;lock;"Digitální měření modelu; fyzická přesnost detailů neověřená."
4932493190;oznaceni-MILWAUKEE;196.0;-36.06074905395508;108.6673583984375;196.35000610351562;36.06074905395508;118.32696533203125;drawer-0;"Digitální měření modelu; fyzická přesnost detailů neověřená."
4932493190;oznaceni-PACKOUT;196.0;-19.4979305267334;101.12762451171875;196.35000610351562;19.4979305267334;107.626953125;drawer-0;"Digitální měření modelu; fyzická přesnost detailů neověřená."
4932498651;skrin-zadni-stena;-240.0;-257.0;-250.0;-172.0;257.0;260.0;fixed;"Digitální měření modelu; fyzická přesnost detailů neověřená."
4932498651;skrin-bocnice--1;-240.0;-257.0;-250.0;240.0;-220.0;260.0;fixed;"Digitální měření modelu; fyzická přesnost detailů neověřená."
4932498651;skrin-bocnice-1;-240.0;220.0;-250.0;240.0;257.0;260.0;fixed;"Digitální měření modelu; fyzická přesnost detailů neověřená."
4932498651;skrin-dno;-240.0;-257.0;-250.0;240.0;257.0;-242.0;fixed;"Digitální měření modelu; fyzická přesnost detailů neověřená."
4932498651;skrin-strop;-240.0;-257.0;248.0;240.0;257.0;260.0;fixed;"Digitální měření modelu; fyzická přesnost detailů neověřená."
4932498651;roh-ochrana--1--1;-240.0;-257.0;-250.0;-223.1999969482422;-240.1999969482422;260.0;fixed;"Digitální měření modelu; fyzická přesnost detailů neověřená."
4932498651;roh-kov--1--1;-240.0;-257.0;-204.09999084472656;-234.62399291992188;-251.62399291992188;214.10000610351562;fixed;"Digitální měření modelu; fyzická přesnost detailů neověřená."
4932498651;roh-kov-kotveni--1--1-0;-239.66400146484375;-256.66400146484375;-250.0;-229.58399963378906;-246.58399963378906;-219.39999389648438;fixed;"Digitální měření modelu; fyzická přesnost detailů neověřená."
4932498651;roh-kov-kotveni--1--1-1;-239.66400146484375;-256.66400146484375;229.39999389648438;-229.58399963378906;-246.58399963378906;260.0;fixed;"Digitální měření modelu; fyzická přesnost detailů neověřená."
4932498651;roh-ochrana-1--1;223.1999969482422;-257.0;-250.0;240.0;-240.1999969482422;260.0;fixed;"Digitální měření modelu; fyzická přesnost detailů neověřená."
4932498651;roh-kov-1--1;234.62399291992188;-257.0;-204.09999084472656;240.0;-251.62399291992188;214.10000610351562;fixed;"Digitální měření modelu; fyzická přesnost detailů neověřená."
4932498651;roh-kov-kotveni-1--1-0;229.58399963378906;-256.66400146484375;-250.0;239.66400146484375;-246.58399963378906;-219.39999389648438;fixed;"Digitální měření modelu; fyzická přesnost detailů neověřená."
4932498651;roh-kov-kotveni-1--1-1;229.58399963378906;-256.66400146484375;229.39999389648438;239.66400146484375;-246.58399963378906;260.0;fixed;"Digitální měření modelu; fyzická přesnost detailů neověřená."
4932498651;roh-ochrana--1-1;-240.0;240.1999969482422;-250.0;-223.1999969482422;257.0;260.0;fixed;"Digitální měření modelu; fyzická přesnost detailů neověřená."
4932498651;roh-kov--1-1;-240.0;251.62399291992188;-204.09999084472656;-234.62399291992188;257.0;214.10000610351562;fixed;"Digitální měření modelu; fyzická přesnost detailů neověřená."
4932498651;roh-kov-kotveni--1-1-0;-239.66400146484375;246.58399963378906;-250.0;-229.58399963378906;256.66400146484375;-219.39999389648438;fixed;"Digitální měření modelu; fyzická přesnost detailů neověřená."
4932498651;roh-kov-kotveni--1-1-1;-239.66400146484375;246.58399963378906;229.39999389648438;-229.58399963378906;256.66400146484375;260.0;fixed;"Digitální měření modelu; fyzická přesnost detailů neověřená."
4932498651;roh-ochrana-1-1;223.1999969482422;240.1999969482422;-250.0;240.0;257.0;260.0;fixed;"Digitální měření modelu; fyzická přesnost detailů neověřená."
4932498651;roh-kov-1-1;234.62399291992188;251.62399291992188;-204.09999084472656;240.0;257.0;214.10000610351562;fixed;"Digitální měření modelu; fyzická přesnost detailů neověřená."
4932498651;roh-kov-kotveni-1-1-0;229.58399963378906;246.58399963378906;-250.0;239.66400146484375;256.66400146484375;-219.39999389648438;fixed;"Digitální měření modelu; fyzická přesnost detailů neověřená."
4932498651;roh-kov-kotveni-1-1-1;229.58399963378906;246.58399963378906;229.39999389648438;239.66400146484375;256.66400146484375;260.0;fixed;"Digitální měření modelu; fyzická přesnost detailů neověřená."
4932498651;bok-zebro--1--0.22;-110.87999725341797;-257.0;-219.39999389648438;-100.31999969482422;-250.83200073242188;168.20001220703125;fixed;"Digitální měření modelu; fyzická přesnost detailů neověřená."
4932498651;bok-zebro--1-0.22;100.31999969482422;-257.0;-219.39999389648438;110.87999725341797;-250.83200073242188;168.20001220703125;fixed;"Digitální měření modelu; fyzická přesnost detailů neověřená."
4932498651;bok-zebro-1--0.22;-110.87999725341797;250.83200073242188;-219.39999389648438;-100.31999969482422;257.0;168.20001220703125;fixed;"Digitální měření modelu; fyzická přesnost detailů neověřená."
4932498651;bok-zebro-1-0.22;100.31999969482422;250.83200073242188;-219.39999389648438;110.87999725341797;257.0;168.20001220703125;fixed;"Digitální měření modelu; fyzická přesnost detailů neověřená."
4932498651;skrin-horni-panel;-240.0;-257.0;260.0;240.0;257.0;268.0;fixed;"Digitální měření modelu; fyzická přesnost detailů neověřená."
4932498651;PACKOUT-horni-drazka--1--1;-172.8000030517578;-187.61000061035156;268.0;-96.0;-53.970001220703125;275.0;fixed;"Digitální měření modelu; fyzická přesnost detailů neověřená."
4932498651;PACKOUT-horni-zamek--1--1;-109.8239974975586;-168.90040588378906;272.54998779296875;-97.53600311279297;-72.67959594726562;274.6500244140625;fixed;"Digitální měření modelu; fyzická přesnost detailů neověřená."
4932498651;PACKOUT-horni-drazka--1-1;-172.8000030517578;53.970001220703125;268.0;-96.0;187.61000061035156;275.0;fixed;"Digitální měření modelu; fyzická přesnost detailů neověřená."
4932498651;PACKOUT-horni-zamek--1-1;-109.8239974975586;72.67959594726562;272.54998779296875;-97.53600311279297;168.90040588378906;274.6500244140625;fixed;"Digitální měření modelu; fyzická přesnost detailů neověřená."
4932498651;PACKOUT-horni-drazka-0--1;-38.400001525878906;-187.61000061035156;268.0;38.400001525878906;-53.970001220703125;275.0;fixed;"Digitální měření modelu; fyzická přesnost detailů neověřená."
4932498651;PACKOUT-horni-zamek-0--1;24.576000213623047;-168.90040588378906;272.54998779296875;36.86399841308594;-72.67959594726562;274.6500244140625;fixed;"Digitální měření modelu; fyzická přesnost detailů neověřená."
4932498651;PACKOUT-horni-drazka-0-1;-38.400001525878906;53.970001220703125;268.0;38.400001525878906;187.61000061035156;275.0;fixed;"Digitální měření modelu; fyzická přesnost detailů neověřená."
4932498651;PACKOUT-horni-zamek-0-1;24.576000213623047;72.67959594726562;272.54998779296875;36.86399841308594;168.90040588378906;274.6500244140625;fixed;"Digitální měření modelu; fyzická přesnost detailů neověřená."
4932498651;PACKOUT-horni-drazka-1--1;96.0;-187.61000061035156;268.0;172.8000030517578;-53.970001220703125;275.0;fixed;"Digitální měření modelu; fyzická přesnost detailů neověřená."
4932498651;PACKOUT-horni-zamek-1--1;158.9759979248047;-168.90040588378906;272.54998779296875;171.26400756835938;-72.67959594726562;274.6500244140625;fixed;"Digitální měření modelu; fyzická přesnost detailů neověřená."
4932498651;PACKOUT-horni-drazka-1-1;96.0;53.970001220703125;268.0;172.8000030517578;187.61000061035156;275.0;fixed;"Digitální měření modelu; fyzická přesnost detailů neověřená."
4932498651;PACKOUT-horni-zamek-1-1;158.9759979248047;72.67959594726562;272.54998779296875;171.26400756835938;168.90040588378906;274.6500244140625;fixed;"Digitální měření modelu; fyzická přesnost detailů neověřená."
4932498651;PACKOUT-lista--210.73999999999998;-208.8000030517578;-217.1649932861328;268.0;208.8000030517578;-204.31500244140625;271.5;fixed;"Digitální měření modelu; fyzická přesnost detailů neověřená."
4932498651;PACKOUT-lista-210.73999999999998;-208.8000030517578;204.31500244140625;268.0;208.8000030517578;217.1649932861328;271.5;fixed;"Digitální měření modelu; fyzická přesnost detailů neověřená."
4932498651;viko-prolis-obvod;-225.60000610351562;-241.5800018310547;268.0;225.60000610351562;241.5800018310547;270.45001220703125;fixed;"Digitální měření modelu; fyzická přesnost detailů neověřená."
4932498651;PACKOUT-cervene-uvolneni;72.0;-16.704999923706055;268.0;100.80000305175781;16.704999923706055;270.45001220703125;fixed;"Digitální měření modelu; fyzická přesnost detailů neověřená."
4932498651;PACKOUT-spodni-patka--1--1;-172.8000030517578;-187.61000061035156;-275.0;-96.0;-53.970001220703125;-249.0;fixed;"Digitální měření modelu; fyzická přesnost detailů neověřená."
4932498651;PACKOUT-spodni-zub--1--1;-119.04000091552734;-167.56399536132812;-275.0;-96.0;-74.01599884033203;-264.6000061035156;fixed;"Digitální měření modelu; fyzická přesnost detailů neověřená."
4932498651;PACKOUT-spodni-patka--1-1;-172.8000030517578;53.970001220703125;-275.0;-96.0;187.61000061035156;-249.0;fixed;"Digitální měření modelu; fyzická přesnost detailů neověřená."
4932498651;PACKOUT-spodni-zub--1-1;-119.04000091552734;74.01599884033203;-275.0;-96.0;167.56399536132812;-264.6000061035156;fixed;"Digitální měření modelu; fyzická přesnost detailů neověřená."
4932498651;PACKOUT-spodni-patka-0--1;-38.400001525878906;-187.61000061035156;-275.0;38.400001525878906;-53.970001220703125;-249.0;fixed;"Digitální měření modelu; fyzická přesnost detailů neověřená."
4932498651;PACKOUT-spodni-zub-0--1;15.359999656677246;-167.56399536132812;-275.0;38.400001525878906;-74.01599884033203;-264.6000061035156;fixed;"Digitální měření modelu; fyzická přesnost detailů neověřená."
4932498651;PACKOUT-spodni-patka-0-1;-38.400001525878906;53.970001220703125;-275.0;38.400001525878906;187.61000061035156;-249.0;fixed;"Digitální měření modelu; fyzická přesnost detailů neověřená."
4932498651;PACKOUT-spodni-zub-0-1;15.359999656677246;74.01599884033203;-275.0;38.400001525878906;167.56399536132812;-264.6000061035156;fixed;"Digitální měření modelu; fyzická přesnost detailů neověřená."
4932498651;PACKOUT-spodni-patka-1--1;96.0;-187.61000061035156;-275.0;172.8000030517578;-53.970001220703125;-249.0;fixed;"Digitální měření modelu; fyzická přesnost detailů neověřená."
4932498651;PACKOUT-spodni-zub-1--1;149.75999450683594;-167.56399536132812;-275.0;172.8000030517578;-74.01599884033203;-264.6000061035156;fixed;"Digitální měření modelu; fyzická přesnost detailů neověřená."
4932498651;PACKOUT-spodni-patka-1-1;96.0;53.970001220703125;-275.0;172.8000030517578;187.61000061035156;-249.0;fixed;"Digitální měření modelu; fyzická přesnost detailů neověřená."
4932498651;PACKOUT-spodni-zub-1-1;149.75999450683594;74.01599884033203;-275.0;172.8000030517578;167.56399536132812;-264.6000061035156;fixed;"Digitální měření modelu; fyzická přesnost detailů neověřená."
4932498651;zasuvka-0-dno;-113.0;-219.0;-197.5;225.0;219.0;-194.5;drawer-0;"Digitální měření modelu; fyzická přesnost detailů neověřená."
4932498651;zasuvka-0-dute-steny;-113.0;-219.0;-194.5;225.0;219.0;205.5;drawer-0;"Digitální měření modelu; fyzická přesnost detailů neověřená."
4932498651;zasuvka-0-celo;223.0;-218.4499969482422;-198.5;231.0;218.4499969482422;206.5;drawer-0;"Digitální měření modelu; fyzická přesnost detailů neověřená."
4932498651;zasuvka-0-cerveny-uchop;229.5;-82.23999786376953;100.72000122070312;234.5;82.23999786376953;112.72000122070312;drawer-0;"Digitální měření modelu; fyzická přesnost detailů neověřená."
4932498651;zasuvka-0-cervena-prepazka--71.66666666666667;-109.0;-72.66666412353516;-194.5;221.0;-70.66666412353516;93.5;drawer-0;"Digitální měření modelu; fyzická přesnost detailů neověřená."
4932498651;zasuvka-0-cervena-prepazka-71.66666666666667;-109.0;70.66666412353516;-194.5;221.0;72.66666412353516;93.5;drawer-0;"Digitální měření modelu; fyzická přesnost detailů neověřená."
4932498651;zasuvka-0-vysuv--190.18;-168.0;-192.67999267578125;1.5;222.0;-187.67999267578125;6.5;drawer-0;"Digitální měření modelu; fyzická přesnost detailů neověřená."
4932498651;zasuvka-0-vysuv-190.18;-168.0;187.67999267578125;1.5;222.0;192.67999267578125;6.5;drawer-0;"Digitální měření modelu; fyzická přesnost detailů neověřená."
4932498651;rolling-zasuvka-horni-uzaver;236.0;-15.0;130.0;239.0;15.0;156.0;drawer-0;"Digitální měření modelu; fyzická přesnost detailů neověřená."
4932498651;kolo-pneumatika--281;-240.0;-305.0;-275.0;-12.0;-257.0;-47.0;fixed;"Digitální měření modelu; fyzická přesnost detailů neověřená."
4932498651;kolo-naboj--281;-203.51998901367188;-305.0;-238.51998901367188;-48.480003356933594;-257.0;-83.48001098632812;fixed;"Digitální měření modelu; fyzická přesnost detailů neověřená."
4932498651;kolo-osa--281--1;-137.97000122070312;-305.0;-172.97000122070312;-114.02999877929688;-303.0;-149.02999877929688;fixed;"Digitální měření modelu; fyzická přesnost detailů neověřená."
4932498651;kolo-paprsek--281--1-0;-107.76000213623047;-305.0;-166.35800170898438;-51.900001525878906;-294.28399658203125;-155.64199829101562;fixed;"Digitální měření modelu; fyzická přesnost detailů neověřená."
4932498651;kolo-paprsek--281--1-1;-114.3756332397461;-304.97064208984375;-154.5897674560547;-62.91973876953125;-294.3133544921875;-113.13414001464844;fixed;"Digitální měření modelu; fyzická přesnost detailů neověřená."
4932498651;kolo-paprsek--281--1-2;-125.34793853759766;-304.8829040527344;-145.2722625732422;-98.117431640625;-294.4010925292969;-88.90718078613281;fixed;"Digitální měření modelu; fyzická přesnost detailů neověřená."
4932498651;kolo-paprsek--281--1-3;-153.882568359375;-304.8829040527344;-145.2722625732422;-126.65206146240234;-294.4010925292969;-88.90718078613281;fixed;"Digitální měření modelu; fyzická přesnost detailů neověřená."
4932498651;kolo-paprsek--281--1-4;-189.08026123046875;-304.97064208984375;-154.5897674560547;-137.62437438964844;-294.3133544921875;-113.13414001464844;fixed;"Digitální měření modelu; fyzická přesnost detailů neověřená."
4932498651;kolo-paprsek--281--1-5;-200.10000610351562;-305.0;-166.35800170898438;-144.24000549316406;-294.28399658203125;-155.64199829101562;fixed;"Digitální měření modelu; fyzická přesnost detailů neověřená."
4932498651;kolo-paprsek--281--1-6;-189.08026123046875;-304.97064208984375;-208.8658447265625;-137.62437438964844;-294.3133544921875;-167.4102325439453;fixed;"Digitální měření modelu; fyzická přesnost detailů neověřená."
4932498651;kolo-paprsek--281--1-7;-153.882568359375;-304.8829040527344;-233.0928192138672;-126.65206146240234;-294.4010925292969;-176.7277374267578;fixed;"Digitální měření modelu; fyzická přesnost detailů neověřená."
4932498651;kolo-paprsek--281--1-8;-125.34793853759766;-304.8829040527344;-233.0928192138672;-98.117431640625;-294.4010925292969;-176.7277374267578;fixed;"Digitální měření modelu; fyzická přesnost detailů neověřená."
4932498651;kolo-paprsek--281--1-9;-114.3756332397461;-304.97064208984375;-208.8658447265625;-62.91973876953125;-294.3133544921875;-167.4102325439453;fixed;"Digitální měření modelu; fyzická přesnost detailů neověřená."
4932498651;kolo-osa--281-1;-137.97000122070312;-259.0;-172.97000122070312;-114.02999877929688;-257.0;-149.02999877929688;fixed;"Digitální měření modelu; fyzická přesnost detailů neověřená."
4932498651;kolo-paprsek--281-1-0;-107.76000213623047;-267.71600341796875;-166.35800170898438;-51.900001525878906;-257.0;-155.64199829101562;fixed;"Digitální měření modelu; fyzická přesnost detailů neověřená."
4932498651;kolo-paprsek--281-1-1;-114.3756332397461;-267.6866455078125;-154.5897674560547;-62.91973876953125;-257.02935791015625;-113.13414001464844;fixed;"Digitální měření modelu; fyzická přesnost detailů neověřená."
4932498651;kolo-paprsek--281-1-2;-125.34793853759766;-267.5989074707031;-145.2722625732422;-98.117431640625;-257.1170959472656;-88.90718078613281;fixed;"Digitální měření modelu; fyzická přesnost detailů neověřená."
4932498651;kolo-paprsek--281-1-3;-153.882568359375;-267.5989074707031;-145.2722625732422;-126.65206146240234;-257.1170959472656;-88.90718078613281;fixed;"Digitální měření modelu; fyzická přesnost detailů neověřená."
4932498651;kolo-paprsek--281-1-4;-189.08026123046875;-267.6866455078125;-154.5897674560547;-137.62437438964844;-257.02935791015625;-113.13414001464844;fixed;"Digitální měření modelu; fyzická přesnost detailů neověřená."
4932498651;kolo-paprsek--281-1-5;-200.10000610351562;-267.71600341796875;-166.35800170898438;-144.24000549316406;-257.0;-155.64199829101562;fixed;"Digitální měření modelu; fyzická přesnost detailů neověřená."
4932498651;kolo-paprsek--281-1-6;-189.08026123046875;-267.6866455078125;-208.8658447265625;-137.62437438964844;-257.02935791015625;-167.4102325439453;fixed;"Digitální měření modelu; fyzická přesnost detailů neověřená."
4932498651;kolo-paprsek--281-1-7;-153.882568359375;-267.5989074707031;-233.0928192138672;-126.65206146240234;-257.1170959472656;-176.7277374267578;fixed;"Digitální měření modelu; fyzická přesnost detailů neověřená."
4932498651;kolo-paprsek--281-1-8;-125.34793853759766;-267.5989074707031;-233.0928192138672;-98.117431640625;-257.1170959472656;-176.7277374267578;fixed;"Digitální měření modelu; fyzická přesnost detailů neověřená."
4932498651;kolo-paprsek--281-1-9;-114.3756332397461;-267.6866455078125;-208.8658447265625;-62.91973876953125;-257.02935791015625;-167.4102325439453;fixed;"Digitální měření modelu; fyzická přesnost detailů neověřená."
4932498651;kolo-pneumatika-281;-240.0;257.0;-275.0;-12.0;305.0;-47.0;fixed;"Digitální měření modelu; fyzická přesnost detailů neověřená."
4932498651;kolo-naboj-281;-203.51998901367188;257.0;-238.51998901367188;-48.480003356933594;305.0;-83.48001098632812;fixed;"Digitální měření modelu; fyzická přesnost detailů neověřená."
4932498651;kolo-osa-281--1;-137.97000122070312;257.0;-172.97000122070312;-114.02999877929688;259.0;-149.02999877929688;fixed;"Digitální měření modelu; fyzická přesnost detailů neověřená."
4932498651;kolo-paprsek-281--1-0;-107.76000213623047;257.0;-166.35800170898438;-51.900001525878906;267.71600341796875;-155.64199829101562;fixed;"Digitální měření modelu; fyzická přesnost detailů neověřená."
4932498651;kolo-paprsek-281--1-1;-114.3756332397461;257.02935791015625;-154.5897674560547;-62.91973876953125;267.6866455078125;-113.13414001464844;fixed;"Digitální měření modelu; fyzická přesnost detailů neověřená."
4932498651;kolo-paprsek-281--1-2;-125.34793853759766;257.1170959472656;-145.2722625732422;-98.117431640625;267.5989074707031;-88.90718078613281;fixed;"Digitální měření modelu; fyzická přesnost detailů neověřená."
4932498651;kolo-paprsek-281--1-3;-153.882568359375;257.1170959472656;-145.2722625732422;-126.65206146240234;267.5989074707031;-88.90718078613281;fixed;"Digitální měření modelu; fyzická přesnost detailů neověřená."
4932498651;kolo-paprsek-281--1-4;-189.08026123046875;257.02935791015625;-154.5897674560547;-137.62437438964844;267.6866455078125;-113.13414001464844;fixed;"Digitální měření modelu; fyzická přesnost detailů neověřená."
4932498651;kolo-paprsek-281--1-5;-200.10000610351562;257.0;-166.35800170898438;-144.24000549316406;267.71600341796875;-155.64199829101562;fixed;"Digitální měření modelu; fyzická přesnost detailů neověřená."
4932498651;kolo-paprsek-281--1-6;-189.08026123046875;257.02935791015625;-208.8658447265625;-137.62437438964844;267.6866455078125;-167.4102325439453;fixed;"Digitální měření modelu; fyzická přesnost detailů neověřená."
4932498651;kolo-paprsek-281--1-7;-153.882568359375;257.1170959472656;-233.0928192138672;-126.65206146240234;267.5989074707031;-176.7277374267578;fixed;"Digitální měření modelu; fyzická přesnost detailů neověřená."
4932498651;kolo-paprsek-281--1-8;-125.34793853759766;257.1170959472656;-233.0928192138672;-98.117431640625;267.5989074707031;-176.7277374267578;fixed;"Digitální měření modelu; fyzická přesnost detailů neověřená."
4932498651;kolo-paprsek-281--1-9;-114.3756332397461;257.02935791015625;-208.8658447265625;-62.91973876953125;267.6866455078125;-167.4102325439453;fixed;"Digitální měření modelu; fyzická přesnost detailů neověřená."
4932498651;kolo-osa-281-1;-137.97000122070312;303.0;-172.97000122070312;-114.02999877929688;305.0;-149.02999877929688;fixed;"Digitální měření modelu; fyzická přesnost detailů neověřená."
4932498651;kolo-paprsek-281-1-0;-107.76000213623047;294.28399658203125;-166.35800170898438;-51.900001525878906;305.0;-155.64199829101562;fixed;"Digitální měření modelu; fyzická přesnost detailů neověřená."
4932498651;kolo-paprsek-281-1-1;-114.3756332397461;294.3133544921875;-154.5897674560547;-62.91973876953125;304.97064208984375;-113.13414001464844;fixed;"Digitální měření modelu; fyzická přesnost detailů neověřená."
4932498651;kolo-paprsek-281-1-2;-125.34793853759766;294.4010925292969;-145.2722625732422;-98.117431640625;304.8829040527344;-88.90718078613281;fixed;"Digitální měření modelu; fyzická přesnost detailů neověřená."
4932498651;kolo-paprsek-281-1-3;-153.882568359375;294.4010925292969;-145.2722625732422;-126.65206146240234;304.8829040527344;-88.90718078613281;fixed;"Digitální měření modelu; fyzická přesnost detailů neověřená."
4932498651;kolo-paprsek-281-1-4;-189.08026123046875;294.3133544921875;-154.5897674560547;-137.62437438964844;304.97064208984375;-113.13414001464844;fixed;"Digitální měření modelu; fyzická přesnost detailů neověřená."
4932498651;kolo-paprsek-281-1-5;-200.10000610351562;294.28399658203125;-166.35800170898438;-144.24000549316406;305.0;-155.64199829101562;fixed;"Digitální měření modelu; fyzická přesnost detailů neověřená."
4932498651;kolo-paprsek-281-1-6;-189.08026123046875;294.3133544921875;-208.8658447265625;-137.62437438964844;304.97064208984375;-167.4102325439453;fixed;"Digitální měření modelu; fyzická přesnost detailů neověřená."
4932498651;kolo-paprsek-281-1-7;-153.882568359375;294.4010925292969;-233.0928192138672;-126.65206146240234;304.8829040527344;-176.7277374267578;fixed;"Digitální měření modelu; fyzická přesnost detailů neověřená."
4932498651;kolo-paprsek-281-1-8;-125.34793853759766;294.4010925292969;-233.0928192138672;-98.117431640625;304.8829040527344;-176.7277374267578;fixed;"Digitální měření modelu; fyzická přesnost detailů neověřená."
4932498651;kolo-paprsek-281-1-9;-114.3756332397461;294.3133544921875;-208.8658447265625;-62.91973876953125;304.97064208984375;-167.4102325439453;fixed;"Digitální měření modelu; fyzická přesnost detailů neověřená."
4932498651;rolling-kola-skutecna-osa;-131.0;-281.0;-166.0;-121.0;281.0;-156.0;fixed;"Digitální měření modelu; fyzická přesnost detailů neověřená."
4932498651;bocni-drzadlo--1;-84.0;-257.0;131.5;84.0;-252.0;165.5;fixed;"Digitální měření modelu; fyzická přesnost detailů neověřená."
4932498651;bocni-drzadlo-kotveni--1--1;-84.0;-257.0;131.5;-72.0;-245.0;165.5;fixed;"Digitální měření modelu; fyzická přesnost detailů neověřená."
4932498651;bocni-drzadlo-kotveni--1-1;72.0;-257.0;131.5;84.0;-245.0;165.5;fixed;"Digitální měření modelu; fyzická přesnost detailů neověřená."
4932498651;bocni-drzadlo-1;-84.0;252.0;131.5;84.0;257.0;165.5;fixed;"Digitální měření modelu; fyzická přesnost detailů neověřená."
4932498651;bocni-drzadlo-kotveni-1--1;-84.0;245.0;131.5;-72.0;257.0;165.5;fixed;"Digitální měření modelu; fyzická přesnost detailů neověřená."
4932498651;bocni-drzadlo-kotveni-1-1;72.0;245.0;131.5;84.0;257.0;165.5;fixed;"Digitální měření modelu; fyzická přesnost detailů neověřená."
4932498651;teleskopicke-vedeni--1;-238.0;-133.36000061035156;-165.0;-220.0;-113.36000061035156;220.0;fixed;"Digitální měření modelu; fyzická přesnost detailů neověřená."
4932498651;teleskopicka-tyc--1;-234.0;-129.36000061035156;195.0;-224.0;-117.36000061035156;265.0;trolley-handle;"Digitální měření modelu; fyzická přesnost detailů neověřená."
4932498651;teleskopicke-kotveni--1;-240.0;-136.36000061035156;187.0;-218.0;-110.36000061035156;205.0;fixed;"Digitální měření modelu; fyzická přesnost detailů neověřená."
4932498651;teleskopicke-vedeni-1;-238.0;113.36000061035156;-165.0;-220.0;133.36000061035156;220.0;fixed;"Digitální měření modelu; fyzická přesnost detailů neověřená."
4932498651;teleskopicka-tyc-1;-234.0;117.36000061035156;195.0;-224.0;129.36000061035156;265.0;trolley-handle;"Digitální měření modelu; fyzická přesnost detailů neověřená."
4932498651;teleskopicke-kotveni-1;-240.0;110.36000061035156;187.0;-218.0;136.36000061035156;205.0;fixed;"Digitální měření modelu; fyzická přesnost detailů neověřená."
4932498651;teleskopicke-madlo;-238.0;-133.36000061035156;257.0;-220.0;133.36000061035156;275.0;trolley-handle;"Digitální měření modelu; fyzická přesnost detailů neověřená."
4932498651;teleskopicky-mustek;-237.0;-131.36000061035156;207.0;-221.0;131.36000061035156;220.0;trolley-handle;"Digitální měření modelu; fyzická přesnost detailů neověřená."
4932478161;pojezdove-telo-dno;-262.5;-475.5;-165.5;262.5;475.5;-129.5;fixed;"Digitální měření modelu; fyzická přesnost detailů neověřená."
4932478161;pojezdove-telo-duta-stena;-262.5;-475.5;-129.5;262.5;475.5;175.5;fixed;"Digitální měření modelu; fyzická přesnost detailů neověřená."
4932478161;pojezdova-patka--1--1;-261.29998779296875;-474.29998779296875;-200.5;-240.5;-453.5;-165.5;fixed;"Digitální měření modelu; fyzická přesnost detailů neověřená."
4932478161;pojezdova-patka--1-1;-261.29998779296875;453.5;-200.5;-240.5;474.29998779296875;-165.5;fixed;"Digitální měření modelu; fyzická přesnost detailů neověřená."
4932478161;pojezdova-patka-1--1;240.5;-474.29998779296875;-200.5;261.29998779296875;-453.5;-165.5;fixed;"Digitální měření modelu; fyzická přesnost detailů neověřená."
4932478161;pojezdova-patka-1-1;240.5;453.5;-200.5;261.29998779296875;474.29998779296875;-165.5;fixed;"Digitální měření modelu; fyzická přesnost detailů neověřená."
4932478161;roh-ochrana--1--1;-262.5;-475.5;-165.5;-244.125;-457.125;175.5;fixed;"Digitální měření modelu; fyzická přesnost detailů neověřená."
4932478161;roh-kov--1--1;-262.5;-475.5;-134.80999755859375;-256.6199951171875;-469.6199951171875;144.80999755859375;fixed;"Digitální měření modelu; fyzická přesnost detailů neověřená."
4932478161;roh-kov-kotveni--1--1-0;-262.13250732421875;-475.13250732421875;-165.5;-251.1074981689453;-464.1075134277344;-145.0399932861328;fixed;"Digitální měření modelu; fyzická přesnost detailů neověřená."
4932478161;roh-kov-kotveni--1--1-1;-262.13250732421875;-475.13250732421875;155.04000854492188;-251.1074981689453;-464.1075134277344;175.5;fixed;"Digitální měření modelu; fyzická přesnost detailů neověřená."
4932478161;roh-ochrana-1--1;244.125;-475.5;-165.5;262.5;-457.125;175.5;fixed;"Digitální měření modelu; fyzická přesnost detailů neověřená."
4932478161;roh-kov-1--1;256.6199951171875;-475.5;-134.80999755859375;262.5;-469.6199951171875;144.80999755859375;fixed;"Digitální měření modelu; fyzická přesnost detailů neověřená."
4932478161;roh-kov-kotveni-1--1-0;251.1074981689453;-475.13250732421875;-165.5;262.13250732421875;-464.1075134277344;-145.0399932861328;fixed;"Digitální měření modelu; fyzická přesnost detailů neověřená."
4932478161;roh-kov-kotveni-1--1-1;251.1074981689453;-475.13250732421875;155.04000854492188;262.13250732421875;-464.1075134277344;175.5;fixed;"Digitální měření modelu; fyzická přesnost detailů neověřená."
4932478161;roh-ochrana--1-1;-262.5;457.125;-165.5;-244.125;475.5;175.5;fixed;"Digitální měření modelu; fyzická přesnost detailů neověřená."
4932478161;roh-kov--1-1;-262.5;469.6199951171875;-134.80999755859375;-256.6199951171875;475.5;144.80999755859375;fixed;"Digitální měření modelu; fyzická přesnost detailů neověřená."
4932478161;roh-kov-kotveni--1-1-0;-262.13250732421875;464.1075134277344;-165.5;-251.1074981689453;475.13250732421875;-145.0399932861328;fixed;"Digitální měření modelu; fyzická přesnost detailů neověřená."
4932478161;roh-kov-kotveni--1-1-1;-262.13250732421875;464.1075134277344;155.04000854492188;-251.1074981689453;475.13250732421875;175.5;fixed;"Digitální měření modelu; fyzická přesnost detailů neověřená."
4932478161;roh-ochrana-1-1;244.125;457.125;-165.5;262.5;475.5;175.5;fixed;"Digitální měření modelu; fyzická přesnost detailů neověřená."
4932478161;roh-kov-1-1;256.6199951171875;469.6199951171875;-134.80999755859375;262.5;475.5;144.80999755859375;fixed;"Digitální měření modelu; fyzická přesnost detailů neověřená."
4932478161;roh-kov-kotveni-1-1-0;251.1074981689453;464.1075134277344;-165.5;262.13250732421875;475.13250732421875;-145.0399932861328;fixed;"Digitální měření modelu; fyzická přesnost detailů neověřená."
4932478161;roh-kov-kotveni-1-1-1;251.1074981689453;464.1075134277344;155.04000854492188;262.13250732421875;475.13250732421875;175.5;fixed;"Digitální měření modelu; fyzická přesnost detailů neověřená."
4932478161;bok-zebro--1--0.22;-121.2750015258789;-475.5;-145.0399932861328;-109.7249984741211;-464.0880126953125;114.1199951171875;fixed;"Digitální měření modelu; fyzická přesnost detailů neověřená."
4932478161;bok-zebro--1-0.22;109.7249984741211;-475.5;-145.0399932861328;121.2750015258789;-464.0880126953125;114.1199951171875;fixed;"Digitální měření modelu; fyzická přesnost detailů neověřená."
4932478161;bok-zebro-1--0.22;-121.2750015258789;464.0880126953125;-145.0399932861328;-109.7249984741211;475.5;114.1199951171875;fixed;"Digitální měření modelu; fyzická přesnost detailů neověřená."
4932478161;bok-zebro-1-0.22;109.7249984741211;464.0880126953125;-145.0399932861328;121.2750015258789;475.5;114.1199951171875;fixed;"Digitální měření modelu; fyzická přesnost detailů neověřená."
4932478161;viko-nosny-okraj;-262.5;-475.5;175.5;262.5;475.5;191.75;lid;"Digitální měření modelu; fyzická přesnost detailů neověřená."
4932478161;viko-panel;-258.5;-471.5;188.0;258.5;471.5;193.5;lid;"Digitální měření modelu; fyzická přesnost detailů neověřená."
4932478161;viko-prolis-obvod;-246.75;-446.9700012207031;193.5;246.75;446.9700012207031;195.95001220703125;lid;"Digitální měření modelu; fyzická přesnost detailů neověřená."
4932478161;viko-nosne-zebro--380.40000000000003;-225.75;-382.8999938964844;193.0;225.75;-377.8999938964844;200.5;lid;"Digitální měření modelu; fyzická přesnost detailů neověřená."
4932478161;viko-nosne-zebro-380.40000000000003;-225.75;377.8999938964844;193.0;225.75;382.8999938964844;200.5;lid;"Digitální měření modelu; fyzická přesnost detailů neověřená."
4932478161;pant-vika--247.26000000000002;-261.5;-259.260009765625;172.5;-255.5;-235.25999450683594;178.5;lid;"Digitální měření modelu; fyzická přesnost detailů neověřená."
4932478161;pant-vika-kotveni--247.26000000000002;-262.0;-260.760009765625;170.5;-253.0;-233.75999450683594;179.5;fixed;"Digitální měření modelu; fyzická přesnost detailů neověřená."
4932478161;pant-vika-247.26000000000002;-261.5;235.25999450683594;172.5;-255.5;259.260009765625;178.5;lid;"Digitální měření modelu; fyzická přesnost detailů neověřená."
4932478161;pant-vika-kotveni-247.26000000000002;-262.0;233.75999450683594;170.5;-253.0;260.760009765625;179.5;fixed;"Digitální měření modelu; fyzická přesnost detailů neověřená."
4932478161;zapadka-zaklad--304.32;250.5;-338.0950012207031;113.5;256.5;-270.5450134277344;183.5;fixed;"Digitální měření modelu; fyzická přesnost detailů neověřená."
4932478161;zapadka-cervena--304.32;256.5;-330.66448974609375;113.5;260.70001220703125;-277.9754943847656;158.29998779296875;fixed;"Digitální měření modelu; fyzická přesnost detailů neověřená."
4932478161;zapadka-zebro--304.32-0;260.6400146484375;-324.9227600097656;137.29998779296875;262.0799865722656;-318.1677551269531;156.89999389648438;fixed;"Digitální měření modelu; fyzická přesnost detailů neověřená."
4932478161;zapadka-zebro--304.32-1;260.6400146484375;-313.4392395019531;137.29998779296875;262.0799865722656;-306.68426513671875;156.89999389648438;fixed;"Digitální měření modelu; fyzická přesnost detailů neověřená."
4932478161;zapadka-zebro--304.32-2;260.6400146484375;-301.95574951171875;137.29998779296875;262.0799865722656;-295.20074462890625;156.89999389648438;fixed;"Digitální měření modelu; fyzická přesnost detailů neověřená."
4932478161;zapadka-zebro--304.32-3;260.6400146484375;-290.4722595214844;137.29998779296875;262.0799865722656;-283.7172546386719;156.89999389648438;fixed;"Digitální měření modelu; fyzická přesnost detailů neověřená."
4932478161;zapadka-kov-levy--304.32;259.3500061035156;-339.44500732421875;133.10000610351562;262.04998779296875;-336.7449951171875;180.0;fixed;"Digitální měření modelu; fyzická přesnost detailů neověřená."
4932478161;zapadka-kov-pravy--304.32;259.3500061035156;-271.8949890136719;133.10000610351562;262.04998779296875;-269.19500732421875;180.0;fixed;"Digitální měření modelu; fyzická přesnost detailů neověřená."
4932478161;zapadka-kov-mustek--304.32;259.3500061035156;-338.0950012207031;178.64999389648438;262.04998779296875;-270.5450134277344;181.35000610351562;fixed;"Digitální měření modelu; fyzická přesnost detailů neověřená."
4932478161;zapadka-zaklad-304.32;250.5;270.5450134277344;113.5;256.5;338.0950012207031;183.5;fixed;"Digitální měření modelu; fyzická přesnost detailů neověřená."
4932478161;zapadka-cervena-304.32;256.5;277.9754943847656;113.5;260.70001220703125;330.66448974609375;158.29998779296875;fixed;"Digitální měření modelu; fyzická přesnost detailů neověřená."
4932478161;zapadka-zebro-304.32-0;260.6400146484375;283.7172546386719;137.29998779296875;262.0799865722656;290.4722595214844;156.89999389648438;fixed;"Digitální měření modelu; fyzická přesnost detailů neověřená."
4932478161;zapadka-zebro-304.32-1;260.6400146484375;295.20074462890625;137.29998779296875;262.0799865722656;301.95574951171875;156.89999389648438;fixed;"Digitální měření modelu; fyzická přesnost detailů neověřená."
4932478161;zapadka-zebro-304.32-2;260.6400146484375;306.68426513671875;137.29998779296875;262.0799865722656;313.4392395019531;156.89999389648438;fixed;"Digitální měření modelu; fyzická přesnost detailů neověřená."
4932478161;zapadka-zebro-304.32-3;260.6400146484375;318.1677551269531;137.29998779296875;262.0799865722656;324.9227600097656;156.89999389648438;fixed;"Digitální měření modelu; fyzická přesnost detailů neověřená."
4932478161;zapadka-kov-levy-304.32;259.3500061035156;269.19500732421875;133.10000610351562;262.04998779296875;271.8949890136719;180.0;fixed;"Digitální měření modelu; fyzická přesnost detailů neověřená."
4932478161;zapadka-kov-pravy-304.32;259.3500061035156;336.7449951171875;133.10000610351562;262.04998779296875;339.44500732421875;180.0;fixed;"Digitální měření modelu; fyzická přesnost detailů neověřená."
4932478161;zapadka-kov-mustek-304.32;259.3500061035156;270.5450134277344;178.64999389648438;262.04998779296875;338.0950012207031;181.35000610351562;fixed;"Digitální měření modelu; fyzická přesnost detailů neověřená."
4932478161;oznaceni-MILWAUKEE;250.5;-95.26048278808594;31.665420532226562;250.85000610351562;95.26048278808594;57.18292236328125;fixed;"Digitální měření modelu; fyzická přesnost detailů neověřená."
4932478161;oznaceni-PACKOUT;250.5;-51.50703430175781;11.74798583984375;250.85000610351562;51.50703430175781;28.9169921875;fixed;"Digitální měření modelu; fyzická přesnost detailů neověřená."
4932478161;kolo-pneumatika-283.5;-304.5;252.5;-200.5;-262.5;482.5;29.5;fixed;"Digitální měření modelu; fyzická přesnost detailů neověřená."
4932478161;kolo-naboj-283.5;-304.5;289.29998779296875;-163.6999969482422;-262.5;445.70001220703125;-7.3000030517578125;fixed;"Digitální měření modelu; fyzická přesnost detailů neověřená."
4932478161;kolo-osa-283.5--1;-264.5;355.42498779296875;-97.57499694824219;-262.5;379.57501220703125;-73.42500305175781;fixed;"Digitální měření modelu; fyzická přesnost detailů neověřená."
4932478161;kolo-paprsek-283.5--1-0;-273.30999755859375;385.8999938964844;-90.90499877929688;-262.5;442.25;-80.09500122070312;fixed;"Digitální měření modelu; fyzická přesnost detailů neověřená."
4932478161;kolo-paprsek-283.5--1-1;-273.2803955078125;379.2263488769531;-79.03353118896484;-262.52960205078125;431.13360595703125;-37.214263916015625;fixed;"Digitální měření modelu; fyzická přesnost detailů neověřená."
4932478161;kolo-paprsek-283.5--1-2;-273.19189453125;368.15777587890625;-69.63429260253906;-262.61810302734375;395.62713623046875;-12.774795532226562;fixed;"Digitální měření modelu; fyzická přesnost detailů neověřená."
4932478161;kolo-paprsek-283.5--1-3;-273.19189453125;339.37286376953125;-69.63429260253906;-262.61810302734375;366.84222412109375;-12.774795532226562;fixed;"Digitální měření modelu; fyzická přesnost detailů neověřená."
4932478161;kolo-paprsek-283.5--1-4;-273.2803955078125;303.86639404296875;-79.03353118896484;-262.52960205078125;355.7736511230469;-37.214263916015625;fixed;"Digitální měření modelu; fyzická přesnost detailů neověřená."
4932478161;kolo-paprsek-283.5--1-5;-273.30999755859375;292.75;-90.90499877929688;-262.5;349.1000061035156;-80.09500122070312;fixed;"Digitální měření modelu; fyzická přesnost detailů neověřená."
4932478161;kolo-paprsek-283.5--1-6;-273.2803955078125;303.86639404296875;-133.7857208251953;-262.52960205078125;355.7736511230469;-91.96646881103516;fixed;"Digitální měření modelu; fyzická přesnost detailů neověřená."
4932478161;kolo-paprsek-283.5--1-7;-273.19189453125;339.37286376953125;-158.22520446777344;-262.61810302734375;366.84222412109375;-101.3656997680664;fixed;"Digitální měření modelu; fyzická přesnost detailů neověřená."
4932478161;kolo-paprsek-283.5--1-8;-273.19189453125;368.15777587890625;-158.22520446777344;-262.61810302734375;395.62713623046875;-101.3656997680664;fixed;"Digitální měření modelu; fyzická přesnost detailů neověřená."
4932478161;kolo-paprsek-283.5--1-9;-273.2803955078125;379.2263488769531;-133.7857208251953;-262.52960205078125;431.13360595703125;-91.96646881103516;fixed;"Digitální měření modelu; fyzická přesnost detailů neověřená."
4932478161;kolo-osa-283.5-1;-304.5;355.42498779296875;-97.57499694824219;-302.5;379.57501220703125;-73.42500305175781;fixed;"Digitální měření modelu; fyzická přesnost detailů neověřená."
4932478161;kolo-paprsek-283.5-1-0;-304.5;385.8999938964844;-90.90499877929688;-293.69000244140625;442.25;-80.09500122070312;fixed;"Digitální měření modelu; fyzická přesnost detailů neověřená."
4932478161;kolo-paprsek-283.5-1-1;-304.47039794921875;379.2263488769531;-79.03353118896484;-293.7196044921875;431.13360595703125;-37.214263916015625;fixed;"Digitální měření modelu; fyzická přesnost detailů neověřená."
4932478161;kolo-paprsek-283.5-1-2;-304.38189697265625;368.15777587890625;-69.63429260253906;-293.80810546875;395.62713623046875;-12.774795532226562;fixed;"Digitální měření modelu; fyzická přesnost detailů neověřená."
4932478161;kolo-paprsek-283.5-1-3;-304.38189697265625;339.37286376953125;-69.63429260253906;-293.80810546875;366.84222412109375;-12.774795532226562;fixed;"Digitální měření modelu; fyzická přesnost detailů neověřená."
4932478161;kolo-paprsek-283.5-1-4;-304.47039794921875;303.86639404296875;-79.03353118896484;-293.7196044921875;355.7736511230469;-37.214263916015625;fixed;"Digitální měření modelu; fyzická přesnost detailů neověřená."
4932478161;kolo-paprsek-283.5-1-5;-304.5;292.75;-90.90499877929688;-293.69000244140625;349.1000061035156;-80.09500122070312;fixed;"Digitální měření modelu; fyzická přesnost detailů neověřená."
4932478161;kolo-paprsek-283.5-1-6;-304.47039794921875;303.86639404296875;-133.7857208251953;-293.7196044921875;355.7736511230469;-91.96646881103516;fixed;"Digitální měření modelu; fyzická přesnost detailů neověřená."
4932478161;kolo-paprsek-283.5-1-7;-304.38189697265625;339.37286376953125;-158.22520446777344;-293.80810546875;366.84222412109375;-101.3656997680664;fixed;"Digitální měření modelu; fyzická přesnost detailů neověřená."
4932478161;kolo-paprsek-283.5-1-8;-304.38189697265625;368.15777587890625;-158.22520446777344;-293.80810546875;395.62713623046875;-101.3656997680664;fixed;"Digitální měření modelu; fyzická přesnost detailů neověřená."
4932478161;kolo-paprsek-283.5-1-9;-304.47039794921875;379.2263488769531;-133.7857208251953;-293.7196044921875;431.13360595703125;-91.96646881103516;fixed;"Digitální měření modelu; fyzická přesnost detailů neověřená."
4932478161;kolo-pneumatika--283.5;262.5;252.5;-200.5;304.5;482.5;29.5;fixed;"Digitální měření modelu; fyzická přesnost detailů neověřená."
4932478161;kolo-naboj--283.5;262.5;289.29998779296875;-163.6999969482422;304.5;445.70001220703125;-7.3000030517578125;fixed;"Digitální měření modelu; fyzická přesnost detailů neověřená."
4932478161;kolo-osa--283.5--1;302.5;355.42498779296875;-97.57499694824219;304.5;379.57501220703125;-73.42500305175781;fixed;"Digitální měření modelu; fyzická přesnost detailů neověřená."
4932478161;kolo-paprsek--283.5--1-0;293.69000244140625;385.8999938964844;-90.90499877929688;304.5;442.25;-80.09500122070312;fixed;"Digitální měření modelu; fyzická přesnost detailů neověřená."
4932478161;kolo-paprsek--283.5--1-1;293.7196044921875;379.2263488769531;-79.03353118896484;304.47039794921875;431.13360595703125;-37.214263916015625;fixed;"Digitální měření modelu; fyzická přesnost detailů neověřená."
4932478161;kolo-paprsek--283.5--1-2;293.80810546875;368.15777587890625;-69.63429260253906;304.38189697265625;395.62713623046875;-12.774795532226562;fixed;"Digitální měření modelu; fyzická přesnost detailů neověřená."
4932478161;kolo-paprsek--283.5--1-3;293.80810546875;339.37286376953125;-69.63429260253906;304.38189697265625;366.84222412109375;-12.774795532226562;fixed;"Digitální měření modelu; fyzická přesnost detailů neověřená."
4932478161;kolo-paprsek--283.5--1-4;293.7196044921875;303.86639404296875;-79.03353118896484;304.47039794921875;355.7736511230469;-37.214263916015625;fixed;"Digitální měření modelu; fyzická přesnost detailů neověřená."
4932478161;kolo-paprsek--283.5--1-5;293.69000244140625;292.75;-90.90499877929688;304.5;349.1000061035156;-80.09500122070312;fixed;"Digitální měření modelu; fyzická přesnost detailů neověřená."
4932478161;kolo-paprsek--283.5--1-6;293.7196044921875;303.86639404296875;-133.7857208251953;304.47039794921875;355.7736511230469;-91.96646881103516;fixed;"Digitální měření modelu; fyzická přesnost detailů neověřená."
4932478161;kolo-paprsek--283.5--1-7;293.80810546875;339.37286376953125;-158.22520446777344;304.38189697265625;366.84222412109375;-101.3656997680664;fixed;"Digitální měření modelu; fyzická přesnost detailů neověřená."
4932478161;kolo-paprsek--283.5--1-8;293.80810546875;368.15777587890625;-158.22520446777344;304.38189697265625;395.62713623046875;-101.3656997680664;fixed;"Digitální měření modelu; fyzická přesnost detailů neověřená."
4932478161;kolo-paprsek--283.5--1-9;293.7196044921875;379.2263488769531;-133.7857208251953;304.47039794921875;431.13360595703125;-91.96646881103516;fixed;"Digitální měření modelu; fyzická přesnost detailů neověřená."
4932478161;kolo-osa--283.5-1;262.5;355.42498779296875;-97.57499694824219;264.5;379.57501220703125;-73.42500305175781;fixed;"Digitální měření modelu; fyzická přesnost detailů neověřená."
4932478161;kolo-paprsek--283.5-1-0;262.5;385.8999938964844;-90.90499877929688;273.30999755859375;442.25;-80.09500122070312;fixed;"Digitální měření modelu; fyzická přesnost detailů neověřená."
4932478161;kolo-paprsek--283.5-1-1;262.52960205078125;379.2263488769531;-79.03353118896484;273.2803955078125;431.13360595703125;-37.214263916015625;fixed;"Digitální měření modelu; fyzická přesnost detailů neověřená."
4932478161;kolo-paprsek--283.5-1-2;262.61810302734375;368.15777587890625;-69.63429260253906;273.19189453125;395.62713623046875;-12.774795532226562;fixed;"Digitální měření modelu; fyzická přesnost detailů neověřená."
4932478161;kolo-paprsek--283.5-1-3;262.61810302734375;339.37286376953125;-69.63429260253906;273.19189453125;366.84222412109375;-12.774795532226562;fixed;"Digitální měření modelu; fyzická přesnost detailů neověřená."
4932478161;kolo-paprsek--283.5-1-4;262.52960205078125;303.86639404296875;-79.03353118896484;273.2803955078125;355.7736511230469;-37.214263916015625;fixed;"Digitální měření modelu; fyzická přesnost detailů neověřená."
4932478161;kolo-paprsek--283.5-1-5;262.5;292.75;-90.90499877929688;273.30999755859375;349.1000061035156;-80.09500122070312;fixed;"Digitální měření modelu; fyzická přesnost detailů neověřená."
4932478161;kolo-paprsek--283.5-1-6;262.52960205078125;303.86639404296875;-133.7857208251953;273.2803955078125;355.7736511230469;-91.96646881103516;fixed;"Digitální měření modelu; fyzická přesnost detailů neověřená."
4932478161;kolo-paprsek--283.5-1-7;262.61810302734375;339.37286376953125;-158.22520446777344;273.19189453125;366.84222412109375;-101.3656997680664;fixed;"Digitální měření modelu; fyzická přesnost detailů neověřená."
4932478161;kolo-paprsek--283.5-1-8;262.61810302734375;368.15777587890625;-158.22520446777344;273.19189453125;395.62713623046875;-101.3656997680664;fixed;"Digitální měření modelu; fyzická přesnost detailů neověřená."
4932478161;kolo-paprsek--283.5-1-9;262.52960205078125;379.2263488769531;-133.7857208251953;273.2803955078125;431.13360595703125;-91.96646881103516;fixed;"Digitální měření modelu; fyzická přesnost detailů neověřená."
4932478161;bedna-kola-skutecna-osa;-283.5;362.5;-90.5;283.5;372.5;-80.5;fixed;"Digitální měření modelu; fyzická přesnost detailů neověřená."
4932478161;dvojite-pole--1-PACKOUT-horni-drazka--1--1;-189.0;-397.42291259765625;193.5;-105.0;-283.68328857421875;200.5;lid;"Digitální měření modelu; fyzická přesnost detailů neověřená."
4932478161;dvojite-pole--1-PACKOUT-horni-zamek--1--1;-120.12000274658203;-381.4993591308594;198.04998779296875;-106.68000030517578;-299.6068420410156;200.14999389648438;lid;"Digitální měření modelu; fyzická přesnost detailů neověřená."
4932478161;dvojite-pole--1-PACKOUT-horni-drazka--1-1;-189.0;-191.8166961669922;193.5;-105.0;-78.07710266113281;200.5;lid;"Digitální měření modelu; fyzická přesnost detailů neověřená."
4932478161;dvojite-pole--1-PACKOUT-horni-zamek--1-1;-120.12000274658203;-175.89315795898438;198.04998779296875;-106.68000030517578;-94.00064086914062;200.14999389648438;lid;"Digitální měření modelu; fyzická přesnost detailů neověřená."
4932478161;dvojite-pole--1-PACKOUT-horni-drazka-0--1;-42.0;-397.42291259765625;193.5;42.0;-283.68328857421875;200.5;lid;"Digitální měření modelu; fyzická přesnost detailů neověřená."
4932478161;dvojite-pole--1-PACKOUT-horni-zamek-0--1;26.880001068115234;-381.4993591308594;198.04998779296875;40.31999969482422;-299.6068420410156;200.14999389648438;lid;"Digitální měření modelu; fyzická přesnost detailů neověřená."
4932478161;dvojite-pole--1-PACKOUT-horni-drazka-0-1;-42.0;-191.8166961669922;193.5;42.0;-78.07710266113281;200.5;lid;"Digitální měření modelu; fyzická přesnost detailů neověřená."
4932478161;dvojite-pole--1-PACKOUT-horni-zamek-0-1;26.880001068115234;-175.89315795898438;198.04998779296875;40.31999969482422;-94.00064086914062;200.14999389648438;lid;"Digitální měření modelu; fyzická přesnost detailů neověřená."
4932478161;dvojite-pole--1-PACKOUT-horni-drazka-1--1;105.0;-397.42291259765625;193.5;189.0;-283.68328857421875;200.5;lid;"Digitální měření modelu; fyzická přesnost detailů neověřená."
4932478161;dvojite-pole--1-PACKOUT-horni-zamek-1--1;173.8800048828125;-381.4993591308594;198.04998779296875;187.32000732421875;-299.6068420410156;200.14999389648438;lid;"Digitální měření modelu; fyzická přesnost detailů neověřená."
4932478161;dvojite-pole--1-PACKOUT-horni-drazka-1-1;105.0;-191.8166961669922;193.5;189.0;-78.07710266113281;200.5;lid;"Digitální měření modelu; fyzická přesnost detailů neověřená."
4932478161;dvojite-pole--1-PACKOUT-horni-zamek-1-1;173.8800048828125;-175.89315795898438;198.04998779296875;187.32000732421875;-94.00064086914062;200.14999389648438;lid;"Digitální měření modelu; fyzická přesnost detailů neověřená."
4932478161;dvojite-pole--1-PACKOUT-lista--179.3586;-228.375;-422.57684326171875;193.5;228.375;-411.6403503417969;197.0;lid;"Digitální měření modelu; fyzická přesnost detailů neověřená."
4932478161;dvojite-pole--1-PACKOUT-lista-179.3586;-228.375;-63.859649658203125;193.5;228.375;-52.92315673828125;197.0;lid;"Digitální měření modelu; fyzická přesnost detailů neověřená."
4932478161;dvojite-pole--1-viko-prolis-obvod;-246.75;-443.356201171875;193.5;246.75;-32.143798828125;195.95001220703125;lid;"Digitální měření modelu; fyzická přesnost detailů neověřená."
4932478161;dvojite-pole--1-PACKOUT-cervene-uvolneni;78.75;-251.9674530029297;193.5;110.25;-223.5325469970703;195.95001220703125;lid;"Digitální měření modelu; fyzická přesnost detailů neověřená."
4932478161;dvojite-pole-1-PACKOUT-horni-drazka--1--1;-189.0;78.07710266113281;193.5;-105.0;191.8166961669922;200.5;lid;"Digitální měření modelu; fyzická přesnost detailů neověřená."
4932478161;dvojite-pole-1-PACKOUT-horni-zamek--1--1;-120.12000274658203;94.00064086914062;198.04998779296875;-106.68000030517578;175.89315795898438;200.14999389648438;lid;"Digitální měření modelu; fyzická přesnost detailů neověřená."
4932478161;dvojite-pole-1-PACKOUT-horni-drazka--1-1;-189.0;283.68328857421875;193.5;-105.0;397.42291259765625;200.5;lid;"Digitální měření modelu; fyzická přesnost detailů neověřená."
4932478161;dvojite-pole-1-PACKOUT-horni-zamek--1-1;-120.12000274658203;299.6068420410156;198.04998779296875;-106.68000030517578;381.4993591308594;200.14999389648438;lid;"Digitální měření modelu; fyzická přesnost detailů neověřená."
4932478161;dvojite-pole-1-PACKOUT-horni-drazka-0--1;-42.0;78.07710266113281;193.5;42.0;191.8166961669922;200.5;lid;"Digitální měření modelu; fyzická přesnost detailů neověřená."
4932478161;dvojite-pole-1-PACKOUT-horni-zamek-0--1;26.880001068115234;94.00064086914062;198.04998779296875;40.31999969482422;175.89315795898438;200.14999389648438;lid;"Digitální měření modelu; fyzická přesnost detailů neověřená."
4932478161;dvojite-pole-1-PACKOUT-horni-drazka-0-1;-42.0;283.68328857421875;193.5;42.0;397.42291259765625;200.5;lid;"Digitální měření modelu; fyzická přesnost detailů neověřená."
4932478161;dvojite-pole-1-PACKOUT-horni-zamek-0-1;26.880001068115234;299.6068420410156;198.04998779296875;40.31999969482422;381.4993591308594;200.14999389648438;lid;"Digitální měření modelu; fyzická přesnost detailů neověřená."
4932478161;dvojite-pole-1-PACKOUT-horni-drazka-1--1;105.0;78.07710266113281;193.5;189.0;191.8166961669922;200.5;lid;"Digitální měření modelu; fyzická přesnost detailů neověřená."
4932478161;dvojite-pole-1-PACKOUT-horni-zamek-1--1;173.8800048828125;94.00064086914062;198.04998779296875;187.32000732421875;175.89315795898438;200.14999389648438;lid;"Digitální měření modelu; fyzická přesnost detailů neověřená."
4932478161;dvojite-pole-1-PACKOUT-horni-drazka-1-1;105.0;283.68328857421875;193.5;189.0;397.42291259765625;200.5;lid;"Digitální měření modelu; fyzická přesnost detailů neověřená."
4932478161;dvojite-pole-1-PACKOUT-horni-zamek-1-1;173.8800048828125;299.6068420410156;198.04998779296875;187.32000732421875;381.4993591308594;200.14999389648438;lid;"Digitální měření modelu; fyzická přesnost detailů neověřená."
4932478161;dvojite-pole-1-PACKOUT-lista--179.3586;-228.375;52.92315673828125;193.5;228.375;63.859649658203125;197.0;lid;"Digitální měření modelu; fyzická přesnost detailů neověřená."
4932478161;dvojite-pole-1-PACKOUT-lista-179.3586;-228.375;411.6403503417969;193.5;228.375;422.57684326171875;197.0;lid;"Digitální měření modelu; fyzická přesnost detailů neověřená."
4932478161;dvojite-pole-1-viko-prolis-obvod;-246.75;32.143798828125;193.5;246.75;443.356201171875;195.95001220703125;lid;"Digitální měření modelu; fyzická přesnost detailů neověřená."
4932478161;dvojite-pole-1-PACKOUT-cervene-uvolneni;78.75;223.5325469970703;193.5;110.25;251.9674530029297;195.95001220703125;lid;"Digitální měření modelu; fyzická přesnost detailů neověřená."
4932478161;bedna-zasunute-bocni-madlo;-157.5;-482.5;139.0;157.5;-474.5;184.0;pull-handle;"Digitální měření modelu; fyzická přesnost detailů neověřená."
4932478161;bedna-madlo-vedeni--1;-158.5;-478.5;139.5;-136.5;-448.5;184.5;fixed;"Digitální měření modelu; fyzická přesnost detailů neověřená."
4932478161;bedna-madlo-vedeni-1;136.5;-478.5;139.5;158.5;-448.5;184.5;fixed;"Digitální měření modelu; fyzická přesnost detailů neověřená."
4932478161;PACKOUT-spodni-patka--1--1;-189.0;-347.114990234375;-200.5;-105.0;-99.8550033569336;-164.5;fixed;"Digitální měření modelu; fyzická přesnost detailů neověřená."
4932478161;PACKOUT-spodni-zub--1--1;-130.1999969482422;-310.0260009765625;-200.5;-105.0;-136.94400024414062;-186.10000610351562;fixed;"Digitální měření modelu; fyzická přesnost detailů neověřená."
4932478161;PACKOUT-spodni-patka--1-1;-189.0;99.8550033569336;-200.5;-105.0;347.114990234375;-164.5;fixed;"Digitální měření modelu; fyzická přesnost detailů neověřená."
4932478161;PACKOUT-spodni-zub--1-1;-130.1999969482422;136.94400024414062;-200.5;-105.0;310.0260009765625;-186.10000610351562;fixed;"Digitální měření modelu; fyzická přesnost detailů neověřená."
4932478161;PACKOUT-spodni-patka-0--1;-42.0;-347.114990234375;-200.5;42.0;-99.8550033569336;-164.5;fixed;"Digitální měření modelu; fyzická přesnost detailů neověřená."
4932478161;PACKOUT-spodni-zub-0--1;16.799999237060547;-310.0260009765625;-200.5;42.0;-136.94400024414062;-186.10000610351562;fixed;"Digitální měření modelu; fyzická přesnost detailů neověřená."
4932478161;PACKOUT-spodni-patka-0-1;-42.0;99.8550033569336;-200.5;42.0;347.114990234375;-164.5;fixed;"Digitální měření modelu; fyzická přesnost detailů neověřená."
4932478161;PACKOUT-spodni-zub-0-1;16.799999237060547;136.94400024414062;-200.5;42.0;310.0260009765625;-186.10000610351562;fixed;"Digitální měření modelu; fyzická přesnost detailů neověřená."
4932478161;PACKOUT-spodni-patka-1--1;105.0;-347.114990234375;-200.5;189.0;-99.8550033569336;-164.5;fixed;"Digitální měření modelu; fyzická přesnost detailů neověřená."
4932478161;PACKOUT-spodni-zub-1--1;163.8000030517578;-310.0260009765625;-200.5;189.0;-136.94400024414062;-186.10000610351562;fixed;"Digitální měření modelu; fyzická přesnost detailů neověřená."
4932478161;PACKOUT-spodni-patka-1-1;105.0;99.8550033569336;-200.5;189.0;347.114990234375;-164.5;fixed;"Digitální měření modelu; fyzická přesnost detailů neověřená."
4932478161;PACKOUT-spodni-zub-1-1;163.8000030517578;136.94400024414062;-200.5;189.0;310.0260009765625;-186.10000610351562;fixed;"Digitální měření modelu; fyzická přesnost detailů neověřená."
